event_id,_time,host,user,action,file_path,source_process,classification
FILE-BEN-002,2026-09-13T14:18:00Z,FIN-WS-09,ACME\\lchen,create,Startup\\DisplayProfile.lnk,explorer.exe,benign
FILE-0130,2026-09-14T12:06:21Z,MGMT-01,ACME\\mgarcia,modify,routine user or enterprise file,routine process,benign
FILE-0471,2026-09-14T12:07:27Z,ENG-WS-17,ACME\\mgarcia,create,routine user or enterprise file,routine process,benign
FILE-0202,2026-09-14T12:34:46Z,HR-WS-04,ACME\\mgarcia,create,routine user or enterprise file,routine process,benign
FILE-0329,2026-09-14T12:41:11Z,ENG-WS-17,SYSTEM,modify,routine user or enterprise file,routine process,benign
FILE-0132,2026-09-14T12:43:50Z,DC-01,ACME\\jsmith,modify,routine user or enterprise file,routine process,benign
FILE-0260,2026-09-14T13:07:43Z,MGMT-01,ACME\\lchen,read,routine user or enterprise file,routine process,benign
FILE-0537,2026-09-14T13:12:07Z,FIN-WS-09,ACME\\mgarcia,modify,routine user or enterprise file,routine process,benign
FILE-0480,2026-09-14T13:13:36Z,MGMT-01,ACME\\jsmith,modify,routine user or enterprise file,routine process,benign
FILE-0157,2026-09-14T13:24:28Z,MGMT-01,SYSTEM,read,routine user or enterprise file,routine process,benign
FILE-0442,2026-09-14T13:47:29Z,ENG-WS-17,ACME\\lchen,create,routine user or enterprise file,routine process,benign
FILE-0370,2026-09-14T13:56:12Z,ENG-WS-17,SYSTEM,create,routine user or enterprise file,routine process,benign
FILE-INC-001,2026-09-14T14:17:35Z,FIN-WS-09,ACME\\lchen,create,C:\\Users\\lchen\\AppData\\Roaming\\Microsoft\\OneDriveHealth\\sync.ps1,user-context process,investigate
FILE-INC-002,2026-09-14T14:17:40Z,FIN-WS-09,ACME\\lchen,create,C:\\Users\\lchen\\AppData\\Roaming\\Microsoft\\OneDriveHealth\\cache.dat,user-context process,investigate
FILE-0449,2026-09-14T14:27:10Z,FIN-WS-09,ACME\\jsmith,modify,routine user or enterprise file,routine process,benign
FILE-BEN-001,2026-09-14T14:29:45Z,FIN-WS-09,ACME\\lchen,read,SYSVOL\\scripts\\mapdrives.cmd,cmd.exe,benign
FILE-0147,2026-09-14T14:32:03Z,JUMP-01,SYSTEM,create,routine user or enterprise file,routine process,benign
FILE-0239,2026-09-14T14:58:21Z,MGMT-01,ACME\\mgarcia,modify,routine user or enterprise file,routine process,benign
FILE-0386,2026-09-14T15:04:50Z,MGMT-01,ACME\\jsmith,read,routine user or enterprise file,routine process,benign
FILE-0506,2026-09-14T15:18:04Z,FIN-WS-09,ACME\\lchen,modify,routine user or enterprise file,routine process,benign
FILE-0583,2026-09-14T15:51:24Z,MGMT-01,SYSTEM,modify,routine user or enterprise file,routine process,benign
FILE-0448,2026-09-14T15:57:08Z,MGMT-01,ACME\\lchen,create,routine user or enterprise file,routine process,benign
FILE-0180,2026-09-14T16:07:16Z,DC-01,ACME\\mgarcia,read,routine user or enterprise file,routine process,benign
FILE-0570,2026-09-14T16:16:39Z,MGMT-01,ACME\\lchen,read,routine user or enterprise file,routine process,benign
FILE-0493,2026-09-14T16:37:20Z,ENG-WS-17,ACME\\jsmith,read,routine user or enterprise file,routine process,benign
FILE-0196,2026-09-14T16:47:36Z,DC-01,ACME\\mgarcia,create,routine user or enterprise file,routine process,benign
FILE-0246,2026-09-14T16:56:20Z,JUMP-01,ACME\\mgarcia,read,routine user or enterprise file,routine process,benign
FILE-0477,2026-09-14T17:04:54Z,FIN-WS-09,ACME\\mgarcia,modify,routine user or enterprise file,routine process,benign
FILE-0199,2026-09-14T17:17:36Z,FIN-WS-09,ACME\\lchen,create,routine user or enterprise file,routine process,benign
FILE-0304,2026-09-14T17:26:46Z,JUMP-01,ACME\\mgarcia,modify,routine user or enterprise file,routine process,benign
FILE-0313,2026-09-14T17:35:00Z,FIN-WS-09,ACME\\jsmith,read,routine user or enterprise file,routine process,benign
FILE-0205,2026-09-14T17:48:24Z,FIN-WS-09,ACME\\lchen,modify,routine user or enterprise file,routine process,benign
FILE-0314,2026-09-14T17:53:32Z,JUMP-01,ACME\\lchen,create,routine user or enterprise file,routine process,benign
FILE-0529,2026-09-14T18:02:34Z,ENG-WS-17,ACME\\lchen,create,routine user or enterprise file,routine process,benign
FILE-0369,2026-09-14T18:08:41Z,HR-WS-04,ACME\\jsmith,modify,routine user or enterprise file,routine process,benign
FILE-0523,2026-09-14T18:13:24Z,HR-WS-04,ACME\\lchen,read,routine user or enterprise file,routine process,benign
FILE-0582,2026-09-14T18:22:57Z,JUMP-01,SYSTEM,create,routine user or enterprise file,routine process,benign
FILE-0315,2026-09-14T18:40:13Z,JUMP-01,ACME\\jsmith,read,routine user or enterprise file,routine process,benign
FILE-0458,2026-09-14T18:40:32Z,ENG-WS-17,ACME\\mgarcia,modify,routine user or enterprise file,routine process,benign
FILE-0310,2026-09-14T18:54:08Z,DC-01,ACME\\mgarcia,create,routine user or enterprise file,routine process,benign
FILE-0172,2026-09-14T19:03:06Z,MGMT-01,ACME\\jsmith,create,routine user or enterprise file,routine process,benign
FILE-0280,2026-09-14T19:07:36Z,DC-01,ACME\\lchen,create,routine user or enterprise file,routine process,benign
FILE-0552,2026-09-14T19:33:02Z,ENG-WS-17,ACME\\mgarcia,modify,routine user or enterprise file,routine process,benign
FILE-0408,2026-09-14T19:37:01Z,FIN-WS-09,SYSTEM,read,routine user or enterprise file,routine process,benign
FILE-0272,2026-09-14T19:53:33Z,FIN-WS-09,SYSTEM,read,routine user or enterprise file,routine process,benign
FILE-0222,2026-09-14T19:59:26Z,JUMP-01,ACME\\lchen,read,routine user or enterprise file,routine process,benign
FILE-0594,2026-09-14T20:08:13Z,MGMT-01,SYSTEM,create,routine user or enterprise file,routine process,benign
FILE-0361,2026-09-14T20:19:04Z,HR-WS-04,ACME\\lchen,modify,routine user or enterprise file,routine process,benign
FILE-0461,2026-09-14T20:48:23Z,MGMT-01,ACME\\lchen,modify,routine user or enterprise file,routine process,benign
FILE-0164,2026-09-14T20:57:08Z,FIN-WS-09,ACME\\mgarcia,create,routine user or enterprise file,routine process,benign
FILE-0343,2026-09-14T21:13:15Z,JUMP-01,ACME\\mgarcia,read,routine user or enterprise file,routine process,benign
FILE-0344,2026-09-14T21:22:50Z,ENG-WS-17,ACME\\mgarcia,modify,routine user or enterprise file,routine process,benign
FILE-0359,2026-09-14T21:27:59Z,MGMT-01,ACME\\jsmith,create,routine user or enterprise file,routine process,benign
FILE-0462,2026-09-14T21:32:04Z,FIN-WS-09,ACME\\mgarcia,read,routine user or enterprise file,routine process,benign
FILE-0170,2026-09-14T21:45:37Z,HR-WS-04,SYSTEM,create,routine user or enterprise file,routine process,benign
FILE-0269,2026-09-14T21:58:23Z,HR-WS-04,SYSTEM,read,routine user or enterprise file,routine process,benign
FILE-0265,2026-09-14T22:07:42Z,FIN-WS-09,SYSTEM,modify,routine user or enterprise file,routine process,benign
FILE-0507,2026-09-14T22:11:23Z,FIN-WS-09,SYSTEM,read,routine user or enterprise file,routine process,benign
FILE-0188,2026-09-14T22:19:19Z,HR-WS-04,ACME\\jsmith,read,routine user or enterprise file,routine process,benign
FILE-0203,2026-09-14T22:24:46Z,FIN-WS-09,ACME\\jsmith,create,routine user or enterprise file,routine process,benign
FILE-0306,2026-09-14T22:26:34Z,JUMP-01,ACME\\jsmith,create,routine user or enterprise file,routine process,benign
FILE-0525,2026-09-14T22:35:51Z,HR-WS-04,SYSTEM,read,routine user or enterprise file,routine process,benign
FILE-0161,2026-09-14T22:48:32Z,JUMP-01,ACME\\lchen,modify,routine user or enterprise file,routine process,benign
FILE-0498,2026-09-14T23:55:33Z,DC-01,SYSTEM,modify,routine user or enterprise file,routine process,benign
FILE-0242,2026-09-15T00:13:19Z,DC-01,ACME\\mgarcia,create,routine user or enterprise file,routine process,benign
FILE-0377,2026-09-15T00:27:45Z,HR-WS-04,ACME\\lchen,create,routine user or enterprise file,routine process,benign
FILE-0575,2026-09-15T00:36:23Z,ENG-WS-17,ACME\\lchen,read,routine user or enterprise file,routine process,benign
FILE-0495,2026-09-15T00:41:59Z,DC-01,ACME\\mgarcia,modify,routine user or enterprise file,routine process,benign
FILE-0410,2026-09-15T00:45:13Z,MGMT-01,ACME\\lchen,create,routine user or enterprise file,routine process,benign
FILE-0554,2026-09-15T00:56:18Z,JUMP-01,SYSTEM,create,routine user or enterprise file,routine process,benign
FILE-0551,2026-09-15T00:58:01Z,JUMP-01,ACME\\jsmith,read,routine user or enterprise file,routine process,benign
FILE-0485,2026-09-15T01:09:51Z,MGMT-01,ACME\\mgarcia,modify,routine user or enterprise file,routine process,benign
FILE-0508,2026-09-15T01:38:46Z,JUMP-01,ACME\\lchen,modify,routine user or enterprise file,routine process,benign
FILE-0112,2026-09-15T01:48:59Z,DC-01,ACME\\jsmith,read,routine user or enterprise file,routine process,benign
FILE-0595,2026-09-15T02:27:38Z,ENG-WS-17,SYSTEM,create,routine user or enterprise file,routine process,benign
FILE-0502,2026-09-15T02:32:08Z,JUMP-01,SYSTEM,modify,routine user or enterprise file,routine process,benign
FILE-0522,2026-09-15T02:37:15Z,MGMT-01,ACME\\mgarcia,create,routine user or enterprise file,routine process,benign
FILE-0308,2026-09-15T03:05:26Z,JUMP-01,ACME\\jsmith,create,routine user or enterprise file,routine process,benign
FILE-0190,2026-09-15T03:06:13Z,DC-01,ACME\\jsmith,create,routine user or enterprise file,routine process,benign
FILE-0565,2026-09-15T03:09:30Z,FIN-WS-09,ACME\\jsmith,create,routine user or enterprise file,routine process,benign
FILE-0393,2026-09-15T03:20:44Z,JUMP-01,SYSTEM,read,routine user or enterprise file,routine process,benign
FILE-0511,2026-09-15T03:24:40Z,ENG-WS-17,ACME\\mgarcia,create,routine user or enterprise file,routine process,benign
FILE-0108,2026-09-15T03:39:37Z,MGMT-01,ACME\\lchen,read,routine user or enterprise file,routine process,benign
FILE-0429,2026-09-15T04:16:31Z,MGMT-01,ACME\\mgarcia,create,routine user or enterprise file,routine process,benign
FILE-0115,2026-09-15T04:30:52Z,JUMP-01,ACME\\mgarcia,modify,routine user or enterprise file,routine process,benign
FILE-0484,2026-09-15T04:51:03Z,JUMP-01,ACME\\jsmith,read,routine user or enterprise file,routine process,benign
FILE-0333,2026-09-15T05:08:17Z,MGMT-01,ACME\\lchen,create,routine user or enterprise file,routine process,benign
FILE-0184,2026-09-15T05:10:18Z,FIN-WS-09,ACME\\jsmith,read,routine user or enterprise file,routine process,benign
FILE-0296,2026-09-15T05:29:02Z,JUMP-01,ACME\\lchen,read,routine user or enterprise file,routine process,benign
FILE-0221,2026-09-15T05:58:19Z,JUMP-01,ACME\\lchen,read,routine user or enterprise file,routine process,benign
FILE-0102,2026-09-15T05:59:09Z,HR-WS-04,ACME\\jsmith,modify,routine user or enterprise file,routine process,benign
FILE-0497,2026-09-15T06:14:18Z,FIN-WS-09,SYSTEM,create,routine user or enterprise file,routine process,benign
FILE-0111,2026-09-15T06:28:09Z,MGMT-01,ACME\\mgarcia,modify,routine user or enterprise file,routine process,benign
FILE-0116,2026-09-15T06:46:25Z,FIN-WS-09,ACME\\lchen,read,routine user or enterprise file,routine process,benign
FILE-0208,2026-09-15T07:17:11Z,DC-01,ACME\\jsmith,read,routine user or enterprise file,routine process,benign
FILE-0194,2026-09-15T07:35:23Z,HR-WS-04,SYSTEM,create,routine user or enterprise file,routine process,benign
FILE-0156,2026-09-15T07:36:13Z,ENG-WS-17,SYSTEM,create,routine user or enterprise file,routine process,benign
FILE-0581,2026-09-15T07:50:26Z,MGMT-01,SYSTEM,modify,routine user or enterprise file,routine process,benign
FILE-0544,2026-09-15T08:09:54Z,DC-01,SYSTEM,modify,routine user or enterprise file,routine process,benign
FILE-0555,2026-09-15T08:13:11Z,MGMT-01,ACME\\mgarcia,read,routine user or enterprise file,routine process,benign
FILE-0569,2026-09-15T08:23:17Z,DC-01,ACME\\lchen,read,routine user or enterprise file,routine process,benign
FILE-0574,2026-09-15T08:23:23Z,FIN-WS-09,ACME\\lchen,read,routine user or enterprise file,routine process,benign
FILE-0325,2026-09-15T08:48:11Z,ENG-WS-17,ACME\\jsmith,create,routine user or enterprise file,routine process,benign
FILE-0509,2026-09-15T08:51:55Z,MGMT-01,ACME\\mgarcia,read,routine user or enterprise file,routine process,benign
FILE-0126,2026-09-15T09:04:39Z,FIN-WS-09,ACME\\jsmith,create,routine user or enterprise file,routine process,benign
FILE-0499,2026-09-15T09:05:08Z,ENG-WS-17,ACME\\jsmith,create,routine user or enterprise file,routine process,benign
FILE-0339,2026-09-15T09:22:29Z,ENG-WS-17,ACME\\jsmith,modify,routine user or enterprise file,routine process,benign
FILE-0591,2026-09-15T09:27:26Z,MGMT-01,ACME\\mgarcia,create,routine user or enterprise file,routine process,benign
FILE-0227,2026-09-15T09:38:43Z,HR-WS-04,ACME\\mgarcia,modify,routine user or enterprise file,routine process,benign
FILE-0293,2026-09-15T10:05:37Z,JUMP-01,SYSTEM,modify,routine user or enterprise file,routine process,benign
FILE-0470,2026-09-15T10:24:43Z,ENG-WS-17,SYSTEM,create,routine user or enterprise file,routine process,benign
FILE-0427,2026-09-15T10:40:49Z,MGMT-01,SYSTEM,create,routine user or enterprise file,routine process,benign
FILE-0165,2026-09-15T10:44:03Z,DC-01,ACME\\mgarcia,create,routine user or enterprise file,routine process,benign
FILE-0243,2026-09-15T10:45:52Z,FIN-WS-09,ACME\\lchen,read,routine user or enterprise file,routine process,benign
FILE-0521,2026-09-15T11:10:09Z,ENG-WS-17,SYSTEM,read,routine user or enterprise file,routine process,benign
FILE-0174,2026-09-15T11:11:44Z,HR-WS-04,ACME\\mgarcia,read,routine user or enterprise file,routine process,benign
FILE-0177,2026-09-15T11:16:03Z,MGMT-01,ACME\\lchen,read,routine user or enterprise file,routine process,benign
FILE-0384,2026-09-15T11:54:59Z,HR-WS-04,ACME\\mgarcia,read,routine user or enterprise file,routine process,benign
FILE-0350,2026-09-15T12:01:35Z,FIN-WS-09,ACME\\mgarcia,modify,routine user or enterprise file,routine process,benign
FILE-0588,2026-09-15T12:35:52Z,FIN-WS-09,ACME\\mgarcia,read,routine user or enterprise file,routine process,benign
FILE-0134,2026-09-15T13:03:34Z,MGMT-01,SYSTEM,modify,routine user or enterprise file,routine process,benign
FILE-0109,2026-09-15T13:24:28Z,HR-WS-04,ACME\\jsmith,read,routine user or enterprise file,routine process,benign
FILE-0528,2026-09-15T13:40:08Z,MGMT-01,ACME\\lchen,modify,routine user or enterprise file,routine process,benign
FILE-0383,2026-09-15T13:48:00Z,DC-01,ACME\\mgarcia,modify,routine user or enterprise file,routine process,benign
FILE-0459,2026-09-15T13:51:43Z,DC-01,ACME\\mgarcia,modify,routine user or enterprise file,routine process,benign
FILE-0580,2026-09-15T13:56:57Z,DC-01,ACME\\lchen,modify,routine user or enterprise file,routine process,benign
FILE-0288,2026-09-15T13:58:25Z,HR-WS-04,ACME\\lchen,modify,routine user or enterprise file,routine process,benign
FILE-0538,2026-09-15T14:08:51Z,ENG-WS-17,ACME\\mgarcia,modify,routine user or enterprise file,routine process,benign
FILE-0220,2026-09-15T14:10:58Z,HR-WS-04,ACME\\mgarcia,modify,routine user or enterprise file,routine process,benign
FILE-0491,2026-09-15T14:11:58Z,DC-01,ACME\\jsmith,modify,routine user or enterprise file,routine process,benign
FILE-0438,2026-09-15T14:46:25Z,ENG-WS-17,ACME\\jsmith,read,routine user or enterprise file,routine process,benign
FILE-0409,2026-09-15T15:02:02Z,ENG-WS-17,ACME\\mgarcia,modify,routine user or enterprise file,routine process,benign
FILE-0144,2026-09-15T15:07:55Z,HR-WS-04,ACME\\jsmith,create,routine user or enterprise file,routine process,benign
FILE-0289,2026-09-15T15:14:56Z,MGMT-01,SYSTEM,read,routine user or enterprise file,routine process,benign
FILE-0381,2026-09-15T15:36:14Z,DC-01,SYSTEM,read,routine user or enterprise file,routine process,benign
FILE-0348,2026-09-15T15:49:45Z,MGMT-01,SYSTEM,modify,routine user or enterprise file,routine process,benign
FILE-0319,2026-09-15T15:51:07Z,HR-WS-04,SYSTEM,read,routine user or enterprise file,routine process,benign
FILE-0372,2026-09-15T16:06:24Z,FIN-WS-09,ACME\\mgarcia,create,routine user or enterprise file,routine process,benign
FILE-0105,2026-09-15T16:37:43Z,JUMP-01,SYSTEM,create,routine user or enterprise file,routine process,benign
FILE-0232,2026-09-15T16:42:25Z,HR-WS-04,ACME\\lchen,create,routine user or enterprise file,routine process,benign
FILE-0334,2026-09-15T16:53:11Z,HR-WS-04,ACME\\jsmith,modify,routine user or enterprise file,routine process,benign
FILE-0464,2026-09-15T17:29:13Z,HR-WS-04,ACME\\mgarcia,create,routine user or enterprise file,routine process,benign
FILE-0531,2026-09-15T17:30:44Z,FIN-WS-09,ACME\\jsmith,read,routine user or enterprise file,routine process,benign
FILE-0309,2026-09-15T17:37:58Z,ENG-WS-17,ACME\\jsmith,create,routine user or enterprise file,routine process,benign
FILE-0271,2026-09-15T17:42:34Z,HR-WS-04,ACME\\jsmith,create,routine user or enterprise file,routine process,benign
FILE-0278,2026-09-15T17:42:56Z,JUMP-01,SYSTEM,create,routine user or enterprise file,routine process,benign
FILE-0235,2026-09-15T17:49:13Z,FIN-WS-09,ACME\\mgarcia,modify,routine user or enterprise file,routine process,benign
FILE-0183,2026-09-15T17:54:42Z,DC-01,ACME\\mgarcia,read,routine user or enterprise file,routine process,benign
FILE-0441,2026-09-15T18:33:54Z,JUMP-01,ACME\\mgarcia,create,routine user or enterprise file,routine process,benign
FILE-0282,2026-09-15T18:34:33Z,HR-WS-04,SYSTEM,create,routine user or enterprise file,routine process,benign
FILE-0286,2026-09-15T18:42:31Z,ENG-WS-17,SYSTEM,read,routine user or enterprise file,routine process,benign
FILE-0195,2026-09-15T18:52:19Z,ENG-WS-17,ACME\\jsmith,create,routine user or enterprise file,routine process,benign
FILE-0326,2026-09-15T18:56:11Z,FIN-WS-09,ACME\\lchen,create,routine user or enterprise file,routine process,benign
FILE-0435,2026-09-15T19:00:30Z,DC-01,ACME\\mgarcia,create,routine user or enterprise file,routine process,benign
FILE-0311,2026-09-15T19:01:44Z,ENG-WS-17,ACME\\jsmith,create,routine user or enterprise file,routine process,benign
FILE-0191,2026-09-15T19:02:13Z,FIN-WS-09,SYSTEM,create,routine user or enterprise file,routine process,benign
FILE-0291,2026-09-15T19:06:22Z,FIN-WS-09,ACME\\lchen,read,routine user or enterprise file,routine process,benign
FILE-0187,2026-09-15T19:08:23Z,HR-WS-04,ACME\\lchen,modify,routine user or enterprise file,routine process,benign
FILE-0154,2026-09-15T19:33:58Z,HR-WS-04,ACME\\mgarcia,modify,routine user or enterprise file,routine process,benign
FILE-0436,2026-09-15T19:41:23Z,ENG-WS-17,ACME\\lchen,modify,routine user or enterprise file,routine process,benign
FILE-0121,2026-09-15T19:47:24Z,ENG-WS-17,SYSTEM,modify,routine user or enterprise file,routine process,benign
FILE-0219,2026-09-15T19:52:31Z,ENG-WS-17,ACME\\lchen,read,routine user or enterprise file,routine process,benign
FILE-0241,2026-09-15T19:59:41Z,FIN-WS-09,ACME\\jsmith,create,routine user or enterprise file,routine process,benign
FILE-0407,2026-09-15T20:01:07Z,FIN-WS-09,SYSTEM,modify,routine user or enterprise file,routine process,benign
FILE-0353,2026-09-15T20:15:45Z,ENG-WS-17,SYSTEM,modify,routine user or enterprise file,routine process,benign
FILE-0564,2026-09-15T20:21:25Z,JUMP-01,ACME\\lchen,create,routine user or enterprise file,routine process,benign
FILE-0346,2026-09-15T20:47:29Z,JUMP-01,ACME\\lchen,modify,routine user or enterprise file,routine process,benign
FILE-0233,2026-09-15T20:54:44Z,MGMT-01,SYSTEM,create,routine user or enterprise file,routine process,benign
FILE-0411,2026-09-15T20:57:15Z,HR-WS-04,ACME\\jsmith,read,routine user or enterprise file,routine process,benign
FILE-0415,2026-09-15T21:09:12Z,ENG-WS-17,ACME\\mgarcia,modify,routine user or enterprise file,routine process,benign
FILE-0547,2026-09-15T21:38:01Z,HR-WS-04,ACME\\jsmith,modify,routine user or enterprise file,routine process,benign
FILE-0335,2026-09-15T21:41:59Z,HR-WS-04,ACME\\jsmith,create,routine user or enterprise file,routine process,benign
FILE-0579,2026-09-15T21:52:02Z,HR-WS-04,ACME\\lchen,read,routine user or enterprise file,routine process,benign
FILE-0287,2026-09-15T21:56:03Z,MGMT-01,ACME\\jsmith,read,routine user or enterprise file,routine process,benign
FILE-0118,2026-09-15T22:02:31Z,JUMP-01,ACME\\mgarcia,read,routine user or enterprise file,routine process,benign
FILE-0543,2026-09-15T22:03:43Z,FIN-WS-09,ACME\\lchen,create,routine user or enterprise file,routine process,benign
FILE-0576,2026-09-15T22:04:46Z,JUMP-01,ACME\\mgarcia,modify,routine user or enterprise file,routine process,benign
FILE-0535,2026-09-15T22:18:52Z,DC-01,ACME\\lchen,create,routine user or enterprise file,routine process,benign
FILE-0198,2026-09-15T22:33:25Z,ENG-WS-17,SYSTEM,modify,routine user or enterprise file,routine process,benign
FILE-0452,2026-09-15T22:54:39Z,JUMP-01,SYSTEM,modify,routine user or enterprise file,routine process,benign
FILE-0380,2026-09-15T23:05:13Z,FIN-WS-09,SYSTEM,create,routine user or enterprise file,routine process,benign
FILE-0192,2026-09-15T23:24:42Z,MGMT-01,ACME\\lchen,modify,routine user or enterprise file,routine process,benign
FILE-0218,2026-09-15T23:41:34Z,HR-WS-04,ACME\\mgarcia,read,routine user or enterprise file,routine process,benign
FILE-0451,2026-09-15T23:53:37Z,DC-01,ACME\\jsmith,create,routine user or enterprise file,routine process,benign
FILE-0238,2026-09-15T23:59:21Z,FIN-WS-09,ACME\\mgarcia,modify,routine user or enterprise file,routine process,benign
FILE-0303,2026-09-16T00:18:26Z,MGMT-01,ACME\\jsmith,read,routine user or enterprise file,routine process,benign
FILE-0443,2026-09-16T00:22:45Z,JUMP-01,ACME\\mgarcia,read,routine user or enterprise file,routine process,benign
FILE-0250,2026-09-16T00:43:31Z,DC-01,SYSTEM,modify,routine user or enterprise file,routine process,benign
FILE-0354,2026-09-16T01:03:11Z,ENG-WS-17,ACME\\lchen,create,routine user or enterprise file,routine process,benign
FILE-0351,2026-09-16T01:21:40Z,ENG-WS-17,ACME\\jsmith,create,routine user or enterprise file,routine process,benign
FILE-0473,2026-09-16T01:27:15Z,ENG-WS-17,SYSTEM,read,routine user or enterprise file,routine process,benign
FILE-0299,2026-09-16T01:27:38Z,DC-01,ACME\\mgarcia,create,routine user or enterprise file,routine process,benign
FILE-0284,2026-09-16T01:33:15Z,FIN-WS-09,SYSTEM,read,routine user or enterprise file,routine process,benign
FILE-0404,2026-09-16T01:56:02Z,JUMP-01,ACME\\mgarcia,create,routine user or enterprise file,routine process,benign
FILE-0277,2026-09-16T01:57:15Z,ENG-WS-17,SYSTEM,read,routine user or enterprise file,routine process,benign
FILE-0237,2026-09-16T02:12:17Z,JUMP-01,ACME\\jsmith,create,routine user or enterprise file,routine process,benign
FILE-0463,2026-09-16T02:15:17Z,HR-WS-04,ACME\\mgarcia,read,routine user or enterprise file,routine process,benign
FILE-0141,2026-09-16T02:17:47Z,HR-WS-04,ACME\\jsmith,read,routine user or enterprise file,routine process,benign
FILE-0489,2026-09-16T02:49:59Z,DC-01,SYSTEM,modify,routine user or enterprise file,routine process,benign
FILE-0363,2026-09-16T03:00:51Z,ENG-WS-17,ACME\\jsmith,modify,routine user or enterprise file,routine process,benign
FILE-0488,2026-09-16T03:04:56Z,MGMT-01,SYSTEM,create,routine user or enterprise file,routine process,benign
FILE-0139,2026-09-16T03:05:36Z,ENG-WS-17,ACME\\lchen,create,routine user or enterprise file,routine process,benign
FILE-0434,2026-09-16T03:14:42Z,FIN-WS-09,SYSTEM,read,routine user or enterprise file,routine process,benign
FILE-0460,2026-09-16T03:39:04Z,DC-01,SYSTEM,modify,routine user or enterprise file,routine process,benign
FILE-0454,2026-09-16T03:54:05Z,HR-WS-04,ACME\\lchen,modify,routine user or enterprise file,routine process,benign
FILE-0138,2026-09-16T03:56:41Z,FIN-WS-09,ACME\\lchen,create,routine user or enterprise file,routine process,benign
FILE-0474,2026-09-16T03:57:09Z,MGMT-01,SYSTEM,read,routine user or enterprise file,routine process,benign
FILE-0316,2026-09-16T04:28:59Z,ENG-WS-17,SYSTEM,read,routine user or enterprise file,routine process,benign
FILE-0160,2026-09-16T04:36:25Z,HR-WS-04,SYSTEM,create,routine user or enterprise file,routine process,benign
FILE-0539,2026-09-16T04:54:39Z,DC-01,ACME\\lchen,modify,routine user or enterprise file,routine process,benign
FILE-0215,2026-09-16T04:57:42Z,DC-01,ACME\\jsmith,read,routine user or enterprise file,routine process,benign
FILE-0542,2026-09-16T05:01:48Z,FIN-WS-09,ACME\\lchen,modify,routine user or enterprise file,routine process,benign
FILE-0167,2026-09-16T05:14:15Z,HR-WS-04,ACME\\jsmith,read,routine user or enterprise file,routine process,benign
FILE-0355,2026-09-16T05:31:14Z,HR-WS-04,SYSTEM,create,routine user or enterprise file,routine process,benign
FILE-0367,2026-09-16T05:39:06Z,JUMP-01,ACME\\lchen,modify,routine user or enterprise file,routine process,benign
FILE-0159,2026-09-16T05:48:08Z,JUMP-01,ACME\\mgarcia,read,routine user or enterprise file,routine process,benign
FILE-0298,2026-09-16T05:59:52Z,DC-01,SYSTEM,read,routine user or enterprise file,routine process,benign
FILE-0150,2026-09-16T06:03:41Z,ENG-WS-17,ACME\\jsmith,modify,routine user or enterprise file,routine process,benign
FILE-0266,2026-09-16T06:07:07Z,DC-01,SYSTEM,create,routine user or enterprise file,routine process,benign
FILE-0328,2026-09-16T06:09:31Z,MGMT-01,ACME\\lchen,modify,routine user or enterprise file,routine process,benign
FILE-0530,2026-09-16T06:20:52Z,JUMP-01,SYSTEM,read,routine user or enterprise file,routine process,benign
FILE-0561,2026-09-16T06:34:25Z,JUMP-01,ACME\\mgarcia,create,routine user or enterprise file,routine process,benign
FILE-0376,2026-09-16T06:52:30Z,JUMP-01,ACME\\jsmith,modify,routine user or enterprise file,routine process,benign
FILE-0417,2026-09-16T06:56:11Z,FIN-WS-09,ACME\\jsmith,create,routine user or enterprise file,routine process,benign
FILE-0513,2026-09-16T07:00:46Z,JUMP-01,ACME\\lchen,read,routine user or enterprise file,routine process,benign
FILE-0526,2026-09-16T07:33:10Z,HR-WS-04,SYSTEM,read,routine user or enterprise file,routine process,benign
FILE-0247,2026-09-16T07:54:59Z,JUMP-01,SYSTEM,create,routine user or enterprise file,routine process,benign
FILE-0546,2026-09-16T08:27:03Z,MGMT-01,ACME\\jsmith,modify,routine user or enterprise file,routine process,benign
FILE-0373,2026-09-16T09:00:17Z,MGMT-01,SYSTEM,read,routine user or enterprise file,routine process,benign
FILE-0557,2026-09-16T09:32:38Z,JUMP-01,ACME\\jsmith,read,routine user or enterprise file,routine process,benign
FILE-0476,2026-09-16T09:51:04Z,DC-01,ACME\\lchen,create,routine user or enterprise file,routine process,benign
FILE-0406,2026-09-16T09:56:36Z,FIN-WS-09,ACME\\mgarcia,modify,routine user or enterprise file,routine process,benign
FILE-0505,2026-09-16T10:00:19Z,ENG-WS-17,ACME\\jsmith,read,routine user or enterprise file,routine process,benign
FILE-0207,2026-09-16T10:06:08Z,JUMP-01,SYSTEM,read,routine user or enterprise file,routine process,benign
FILE-0173,2026-09-16T10:13:15Z,MGMT-01,SYSTEM,read,routine user or enterprise file,routine process,benign
FILE-0467,2026-09-16T10:26:05Z,MGMT-01,SYSTEM,create,routine user or enterprise file,routine process,benign
FILE-0133,2026-09-16T10:43:19Z,JUMP-01,SYSTEM,create,routine user or enterprise file,routine process,benign
FILE-0549,2026-09-16T10:47:45Z,DC-01,SYSTEM,modify,routine user or enterprise file,routine process,benign
FILE-0297,2026-09-16T10:49:56Z,ENG-WS-17,ACME\\jsmith,create,routine user or enterprise file,routine process,benign
FILE-0418,2026-09-16T11:09:45Z,MGMT-01,ACME\\lchen,read,routine user or enterprise file,routine process,benign
FILE-0432,2026-09-16T11:16:17Z,MGMT-01,ACME\\mgarcia,create,routine user or enterprise file,routine process,benign
FILE-0494,2026-09-16T11:21:32Z,MGMT-01,ACME\\mgarcia,read,routine user or enterprise file,routine process,benign
FILE-0425,2026-09-16T11:37:30Z,MGMT-01,ACME\\lchen,create,routine user or enterprise file,routine process,benign
FILE-0217,2026-09-16T11:42:53Z,JUMP-01,ACME\\lchen,create,routine user or enterprise file,routine process,benign
FILE-0532,2026-09-16T11:48:52Z,ENG-WS-17,ACME\\lchen,read,routine user or enterprise file,routine process,benign
FILE-0125,2026-09-16T11:57:03Z,HR-WS-04,ACME\\mgarcia,create,routine user or enterprise file,routine process,benign
FILE-0285,2026-09-16T11:58:27Z,MGMT-01,ACME\\jsmith,create,routine user or enterprise file,routine process,benign
FILE-0320,2026-09-16T12:15:22Z,DC-01,ACME\\jsmith,create,routine user or enterprise file,routine process,benign
FILE-0390,2026-09-16T12:18:09Z,HR-WS-04,ACME\\jsmith,create,routine user or enterprise file,routine process,benign
FILE-0317,2026-09-16T12:19:10Z,JUMP-01,SYSTEM,modify,routine user or enterprise file,routine process,benign
FILE-0186,2026-09-16T12:34:44Z,FIN-WS-09,ACME\\mgarcia,read,routine user or enterprise file,routine process,benign
FILE-0586,2026-09-16T12:42:33Z,DC-01,ACME\\mgarcia,modify,routine user or enterprise file,routine process,benign
FILE-0178,2026-09-16T12:50:12Z,JUMP-01,ACME\\mgarcia,create,routine user or enterprise file,routine process,benign
FILE-0279,2026-09-16T12:50:29Z,FIN-WS-09,ACME\\lchen,modify,routine user or enterprise file,routine process,benign
FILE-0402,2026-09-16T13:13:44Z,ENG-WS-17,ACME\\lchen,read,routine user or enterprise file,routine process,benign
FILE-0295,2026-09-16T13:21:53Z,ENG-WS-17,ACME\\lchen,create,routine user or enterprise file,routine process,benign
FILE-0327,2026-09-16T14:14:53Z,ENG-WS-17,SYSTEM,modify,routine user or enterprise file,routine process,benign
FILE-0366,2026-09-16T14:16:59Z,ENG-WS-17,ACME\\mgarcia,create,routine user or enterprise file,routine process,benign
FILE-0349,2026-09-16T14:18:42Z,JUMP-01,ACME\\lchen,read,routine user or enterprise file,routine process,benign
FILE-0137,2026-09-16T14:30:52Z,ENG-WS-17,ACME\\lchen,read,routine user or enterprise file,routine process,benign
FILE-0261,2026-09-16T14:51:39Z,DC-01,ACME\\lchen,modify,routine user or enterprise file,routine process,benign
FILE-0200,2026-09-16T15:07:59Z,HR-WS-04,ACME\\mgarcia,read,routine user or enterprise file,routine process,benign
FILE-0336,2026-09-16T15:43:13Z,FIN-WS-09,ACME\\lchen,modify,routine user or enterprise file,routine process,benign
FILE-0397,2026-09-16T15:50:00Z,FIN-WS-09,SYSTEM,create,routine user or enterprise file,routine process,benign
FILE-0146,2026-09-16T15:58:06Z,JUMP-01,ACME\\lchen,read,routine user or enterprise file,routine process,benign
FILE-0590,2026-09-16T16:01:28Z,FIN-WS-09,ACME\\lchen,read,routine user or enterprise file,routine process,benign
FILE-0135,2026-09-16T16:10:48Z,JUMP-01,ACME\\lchen,read,routine user or enterprise file,routine process,benign
FILE-0234,2026-09-16T17:04:32Z,ENG-WS-17,ACME\\jsmith,read,routine user or enterprise file,routine process,benign
FILE-0439,2026-09-16T17:49:32Z,ENG-WS-17,ACME\\mgarcia,create,routine user or enterprise file,routine process,benign
FILE-0468,2026-09-16T18:10:01Z,HR-WS-04,ACME\\jsmith,create,routine user or enterprise file,routine process,benign
FILE-0101,2026-09-16T18:26:08Z,DC-01,ACME\\lchen,read,routine user or enterprise file,routine process,benign
FILE-0540,2026-09-16T18:33:24Z,HR-WS-04,ACME\\lchen,modify,routine user or enterprise file,routine process,benign
FILE-0270,2026-09-16T18:46:32Z,MGMT-01,ACME\\mgarcia,modify,routine user or enterprise file,routine process,benign
FILE-0240,2026-09-16T18:58:02Z,DC-01,ACME\\mgarcia,create,routine user or enterprise file,routine process,benign
FILE-0301,2026-09-16T19:30:31Z,JUMP-01,ACME\\lchen,modify,routine user or enterprise file,routine process,benign
FILE-0519,2026-09-16T19:35:40Z,MGMT-01,ACME\\mgarcia,create,routine user or enterprise file,routine process,benign
FILE-0478,2026-09-16T19:42:31Z,DC-01,ACME\\mgarcia,modify,routine user or enterprise file,routine process,benign
FILE-0171,2026-09-16T19:52:04Z,MGMT-01,SYSTEM,modify,routine user or enterprise file,routine process,benign
FILE-0181,2026-09-16T19:52:44Z,HR-WS-04,ACME\\lchen,create,routine user or enterprise file,routine process,benign
FILE-0413,2026-09-16T20:02:45Z,JUMP-01,ACME\\lchen,create,routine user or enterprise file,routine process,benign
FILE-0389,2026-09-16T20:12:18Z,HR-WS-04,ACME\\mgarcia,create,routine user or enterprise file,routine process,benign
FILE-0294,2026-09-16T20:47:18Z,JUMP-01,ACME\\jsmith,create,routine user or enterprise file,routine process,benign
FILE-0166,2026-09-16T21:09:48Z,JUMP-01,ACME\\mgarcia,create,routine user or enterprise file,routine process,benign
FILE-0216,2026-09-16T21:17:43Z,FIN-WS-09,ACME\\lchen,modify,routine user or enterprise file,routine process,benign
FILE-0142,2026-09-16T21:25:18Z,ENG-WS-17,ACME\\jsmith,create,routine user or enterprise file,routine process,benign
FILE-0455,2026-09-16T21:29:35Z,ENG-WS-17,SYSTEM,modify,routine user or enterprise file,routine process,benign
FILE-0457,2026-09-16T21:34:00Z,JUMP-01,ACME\\mgarcia,create,routine user or enterprise file,routine process,benign
FILE-0254,2026-09-16T21:34:12Z,ENG-WS-17,ACME\\jsmith,create,routine user or enterprise file,routine process,benign
FILE-0103,2026-09-16T21:36:12Z,ENG-WS-17,ACME\\jsmith,create,routine user or enterprise file,routine process,benign
FILE-0428,2026-09-16T21:43:50Z,FIN-WS-09,ACME\\jsmith,read,routine user or enterprise file,routine process,benign
FILE-0422,2026-09-16T21:52:34Z,HR-WS-04,ACME\\jsmith,create,routine user or enterprise file,routine process,benign
FILE-0496,2026-09-16T21:52:42Z,JUMP-01,ACME\\lchen,create,routine user or enterprise file,routine process,benign
FILE-0553,2026-09-16T22:16:52Z,JUMP-01,SYSTEM,read,routine user or enterprise file,routine process,benign
FILE-0127,2026-09-16T22:45:54Z,ENG-WS-17,ACME\\mgarcia,create,routine user or enterprise file,routine process,benign
FILE-0114,2026-09-16T23:24:20Z,FIN-WS-09,ACME\\mgarcia,read,routine user or enterprise file,routine process,benign
FILE-0433,2026-09-16T23:32:42Z,JUMP-01,SYSTEM,read,routine user or enterprise file,routine process,benign
FILE-0426,2026-09-16T23:51:34Z,FIN-WS-09,ACME\\mgarcia,read,routine user or enterprise file,routine process,benign
FILE-0158,2026-09-16T23:59:15Z,DC-01,SYSTEM,modify,routine user or enterprise file,routine process,benign
FILE-0342,2026-09-17T00:04:20Z,HR-WS-04,ACME\\jsmith,create,routine user or enterprise file,routine process,benign
FILE-0212,2026-09-17T00:26:56Z,DC-01,SYSTEM,modify,routine user or enterprise file,routine process,benign
FILE-0211,2026-09-17T01:08:37Z,MGMT-01,SYSTEM,modify,routine user or enterprise file,routine process,benign
FILE-0571,2026-09-17T01:21:11Z,MGMT-01,ACME\\jsmith,read,routine user or enterprise file,routine process,benign
FILE-0236,2026-09-17T01:26:56Z,JUMP-01,SYSTEM,read,routine user or enterprise file,routine process,benign
FILE-0323,2026-09-17T01:40:30Z,JUMP-01,SYSTEM,modify,routine user or enterprise file,routine process,benign
FILE-0446,2026-09-17T01:43:50Z,FIN-WS-09,ACME\\jsmith,read,routine user or enterprise file,routine process,benign
FILE-0169,2026-09-17T01:57:21Z,JUMP-01,SYSTEM,modify,routine user or enterprise file,routine process,benign
FILE-0479,2026-09-17T01:59:11Z,DC-01,SYSTEM,read,routine user or enterprise file,routine process,benign
FILE-0481,2026-09-17T02:09:02Z,JUMP-01,ACME\\mgarcia,modify,routine user or enterprise file,routine process,benign
FILE-0176,2026-09-17T02:15:14Z,JUMP-01,ACME\\jsmith,modify,routine user or enterprise file,routine process,benign
FILE-0264,2026-09-17T02:55:07Z,DC-01,ACME\\mgarcia,create,routine user or enterprise file,routine process,benign
FILE-0412,2026-09-17T03:13:20Z,JUMP-01,ACME\\jsmith,create,routine user or enterprise file,routine process,benign
FILE-0382,2026-09-17T03:21:11Z,JUMP-01,ACME\\lchen,modify,routine user or enterprise file,routine process,benign
FILE-0107,2026-09-17T03:26:24Z,DC-01,ACME\\jsmith,create,routine user or enterprise file,routine process,benign
FILE-0104,2026-09-17T03:27:38Z,MGMT-01,ACME\\lchen,read,routine user or enterprise file,routine process,benign
FILE-0357,2026-09-17T03:31:47Z,JUMP-01,ACME\\lchen,read,routine user or enterprise file,routine process,benign
FILE-0490,2026-09-17T03:35:26Z,MGMT-01,SYSTEM,create,routine user or enterprise file,routine process,benign
FILE-0562,2026-09-17T03:52:47Z,HR-WS-04,ACME\\lchen,read,routine user or enterprise file,routine process,benign
FILE-0140,2026-09-17T03:57:07Z,HR-WS-04,ACME\\jsmith,modify,routine user or enterprise file,routine process,benign
FILE-0472,2026-09-17T04:18:31Z,HR-WS-04,SYSTEM,modify,routine user or enterprise file,routine process,benign
FILE-0362,2026-09-17T04:20:30Z,HR-WS-04,SYSTEM,create,routine user or enterprise file,routine process,benign
FILE-0259,2026-09-17T04:24:58Z,ENG-WS-17,ACME\\jsmith,modify,routine user or enterprise file,routine process,benign
FILE-0360,2026-09-17T04:30:21Z,MGMT-01,ACME\\jsmith,create,routine user or enterprise file,routine process,benign
FILE-0182,2026-09-17T04:31:09Z,HR-WS-04,ACME\\jsmith,create,routine user or enterprise file,routine process,benign
FILE-0255,2026-09-17T04:52:59Z,ENG-WS-17,ACME\\lchen,modify,routine user or enterprise file,routine process,benign
FILE-0213,2026-09-17T04:54:08Z,FIN-WS-09,ACME\\mgarcia,create,routine user or enterprise file,routine process,benign
FILE-0387,2026-09-17T04:54:46Z,HR-WS-04,ACME\\jsmith,create,routine user or enterprise file,routine process,benign
FILE-0175,2026-09-17T04:55:45Z,FIN-WS-09,ACME\\lchen,read,routine user or enterprise file,routine process,benign
FILE-0558,2026-09-17T05:14:43Z,ENG-WS-17,ACME\\jsmith,modify,routine user or enterprise file,routine process,benign
FILE-0201,2026-09-17T05:19:59Z,ENG-WS-17,ACME\\mgarcia,read,routine user or enterprise file,routine process,benign
FILE-0226,2026-09-17T05:21:41Z,ENG-WS-17,SYSTEM,create,routine user or enterprise file,routine process,benign
FILE-0263,2026-09-17T05:26:23Z,HR-WS-04,ACME\\lchen,create,routine user or enterprise file,routine process,benign
FILE-0388,2026-09-17T05:31:21Z,FIN-WS-09,ACME\\mgarcia,create,routine user or enterprise file,routine process,benign
FILE-0204,2026-09-17T05:39:05Z,FIN-WS-09,ACME\\lchen,modify,routine user or enterprise file,routine process,benign
FILE-0527,2026-09-17T05:51:03Z,DC-01,ACME\\jsmith,create,routine user or enterprise file,routine process,benign
FILE-0414,2026-09-17T05:56:53Z,FIN-WS-09,ACME\\mgarcia,create,routine user or enterprise file,routine process,benign
FILE-0214,2026-09-17T06:03:10Z,FIN-WS-09,SYSTEM,modify,routine user or enterprise file,routine process,benign
FILE-0251,2026-09-17T06:17:33Z,FIN-WS-09,ACME\\mgarcia,read,routine user or enterprise file,routine process,benign
FILE-0338,2026-09-17T06:46:17Z,MGMT-01,ACME\\jsmith,create,routine user or enterprise file,routine process,benign
FILE-0567,2026-09-17T06:49:04Z,DC-01,ACME\\jsmith,read,routine user or enterprise file,routine process,benign
FILE-0512,2026-09-17T06:49:30Z,FIN-WS-09,SYSTEM,modify,routine user or enterprise file,routine process,benign
FILE-0283,2026-09-17T07:14:27Z,HR-WS-04,ACME\\mgarcia,create,routine user or enterprise file,routine process,benign
FILE-0163,2026-09-17T07:22:30Z,MGMT-01,ACME\\lchen,read,routine user or enterprise file,routine process,benign
FILE-0153,2026-09-17T07:43:43Z,FIN-WS-09,ACME\\lchen,modify,routine user or enterprise file,routine process,benign
FILE-0189,2026-09-17T07:44:49Z,FIN-WS-09,ACME\\lchen,modify,routine user or enterprise file,routine process,benign
FILE-0292,2026-09-17T07:53:18Z,FIN-WS-09,SYSTEM,read,routine user or enterprise file,routine process,benign
FILE-0371,2026-09-17T07:56:27Z,FIN-WS-09,SYSTEM,read,routine user or enterprise file,routine process,benign
FILE-0110,2026-09-17T08:16:10Z,HR-WS-04,ACME\\mgarcia,modify,routine user or enterprise file,routine process,benign
FILE-0152,2026-09-17T08:23:53Z,ENG-WS-17,SYSTEM,create,routine user or enterprise file,routine process,benign
FILE-0225,2026-09-17T08:34:54Z,HR-WS-04,ACME\\mgarcia,modify,routine user or enterprise file,routine process,benign
FILE-0229,2026-09-17T08:39:15Z,FIN-WS-09,SYSTEM,read,routine user or enterprise file,routine process,benign
FILE-0592,2026-09-17T08:42:33Z,DC-01,ACME\\lchen,read,routine user or enterprise file,routine process,benign
FILE-0500,2026-09-17T08:43:49Z,FIN-WS-09,SYSTEM,read,routine user or enterprise file,routine process,benign
FILE-0332,2026-09-17T08:48:11Z,ENG-WS-17,ACME\\lchen,modify,routine user or enterprise file,routine process,benign
FILE-0430,2026-09-17T08:53:45Z,DC-01,ACME\\jsmith,create,routine user or enterprise file,routine process,benign
FILE-0358,2026-09-17T09:16:39Z,FIN-WS-09,ACME\\jsmith,create,routine user or enterprise file,routine process,benign
FILE-0431,2026-09-17T09:18:45Z,ENG-WS-17,ACME\\jsmith,read,routine user or enterprise file,routine process,benign
FILE-0249,2026-09-17T09:40:22Z,DC-01,ACME\\mgarcia,modify,routine user or enterprise file,routine process,benign
FILE-0385,2026-09-17T09:49:47Z,FIN-WS-09,ACME\\mgarcia,modify,routine user or enterprise file,routine process,benign
FILE-0378,2026-09-17T10:13:47Z,HR-WS-04,ACME\\lchen,modify,routine user or enterprise file,routine process,benign
FILE-0321,2026-09-17T10:23:34Z,FIN-WS-09,ACME\\lchen,read,routine user or enterprise file,routine process,benign
FILE-0305,2026-09-17T10:27:56Z,FIN-WS-09,ACME\\jsmith,modify,routine user or enterprise file,routine process,benign
FILE-0469,2026-09-17T10:29:18Z,FIN-WS-09,SYSTEM,create,routine user or enterprise file,routine process,benign
FILE-0244,2026-09-17T10:30:33Z,ENG-WS-17,ACME\\mgarcia,modify,routine user or enterprise file,routine process,benign
FILE-0276,2026-09-17T10:38:57Z,FIN-WS-09,ACME\\lchen,create,routine user or enterprise file,routine process,benign
FILE-0267,2026-09-17T11:03:56Z,ENG-WS-17,ACME\\lchen,modify,routine user or enterprise file,routine process,benign
FILE-0405,2026-09-17T11:34:07Z,ENG-WS-17,SYSTEM,create,routine user or enterprise file,routine process,benign
FILE-0368,2026-09-17T11:58:49Z,FIN-WS-09,SYSTEM,modify,routine user or enterprise file,routine process,benign
FILE-0347,2026-09-17T12:03:01Z,HR-WS-04,ACME\\mgarcia,read,routine user or enterprise file,routine process,benign
FILE-0465,2026-09-17T12:15:27Z,JUMP-01,ACME\\mgarcia,create,routine user or enterprise file,routine process,benign
FILE-0245,2026-09-17T12:27:20Z,DC-01,ACME\\jsmith,read,routine user or enterprise file,routine process,benign
FILE-0440,2026-09-17T12:37:16Z,FIN-WS-09,ACME\\lchen,modify,routine user or enterprise file,routine process,benign
FILE-0106,2026-09-17T12:45:33Z,ENG-WS-17,ACME\\mgarcia,modify,routine user or enterprise file,routine process,benign
FILE-0577,2026-09-17T13:09:48Z,ENG-WS-17,SYSTEM,modify,routine user or enterprise file,routine process,benign
FILE-0391,2026-09-17T13:12:01Z,JUMP-01,SYSTEM,create,routine user or enterprise file,routine process,benign
FILE-0258,2026-09-17T13:13:36Z,FIN-WS-09,ACME\\lchen,modify,routine user or enterprise file,routine process,benign
FILE-0275,2026-09-17T13:15:52Z,DC-01,ACME\\jsmith,modify,routine user or enterprise file,routine process,benign
FILE-0504,2026-09-17T13:16:15Z,DC-01,SYSTEM,modify,routine user or enterprise file,routine process,benign
FILE-0392,2026-09-17T13:21:17Z,MGMT-01,ACME\\jsmith,read,routine user or enterprise file,routine process,benign
FILE-0302,2026-09-17T13:33:46Z,DC-01,ACME\\jsmith,read,routine user or enterprise file,routine process,benign
FILE-0550,2026-09-17T14:11:13Z,HR-WS-04,SYSTEM,read,routine user or enterprise file,routine process,benign
FILE-0268,2026-09-17T14:11:14Z,DC-01,ACME\\lchen,create,routine user or enterprise file,routine process,benign
FILE-0262,2026-09-17T14:13:44Z,DC-01,ACME\\jsmith,create,routine user or enterprise file,routine process,benign
FILE-0403,2026-09-17T14:29:01Z,MGMT-01,SYSTEM,modify,routine user or enterprise file,routine process,benign
FILE-0230,2026-09-17T14:34:36Z,MGMT-01,ACME\\jsmith,read,routine user or enterprise file,routine process,benign
FILE-0548,2026-09-17T14:34:40Z,HR-WS-04,ACME\\lchen,read,routine user or enterprise file,routine process,benign
FILE-0330,2026-09-17T14:34:49Z,MGMT-01,ACME\\lchen,create,routine user or enterprise file,routine process,benign
FILE-0122,2026-09-17T14:37:37Z,DC-01,ACME\\lchen,modify,routine user or enterprise file,routine process,benign
FILE-0400,2026-09-17T14:44:43Z,JUMP-01,ACME\\mgarcia,read,routine user or enterprise file,routine process,benign
FILE-0193,2026-09-17T14:48:27Z,DC-01,SYSTEM,modify,routine user or enterprise file,routine process,benign
FILE-0341,2026-09-17T15:05:57Z,ENG-WS-17,ACME\\mgarcia,modify,routine user or enterprise file,routine process,benign
FILE-0224,2026-09-17T15:19:54Z,JUMP-01,SYSTEM,read,routine user or enterprise file,routine process,benign
FILE-0517,2026-09-17T15:45:34Z,DC-01,ACME\\mgarcia,modify,routine user or enterprise file,routine process,benign
FILE-0587,2026-09-17T16:14:08Z,DC-01,ACME\\jsmith,modify,routine user or enterprise file,routine process,benign
FILE-0556,2026-09-17T16:14:39Z,FIN-WS-09,SYSTEM,modify,routine user or enterprise file,routine process,benign
FILE-0340,2026-09-17T16:23:21Z,FIN-WS-09,ACME\\jsmith,modify,routine user or enterprise file,routine process,benign
FILE-0589,2026-09-17T16:30:21Z,FIN-WS-09,ACME\\lchen,create,routine user or enterprise file,routine process,benign
FILE-0281,2026-09-17T17:07:04Z,FIN-WS-09,ACME\\lchen,modify,routine user or enterprise file,routine process,benign
FILE-0573,2026-09-17T17:23:52Z,HR-WS-04,SYSTEM,read,routine user or enterprise file,routine process,benign
FILE-0131,2026-09-17T17:24:16Z,FIN-WS-09,ACME\\mgarcia,read,routine user or enterprise file,routine process,benign
FILE-0503,2026-09-17T17:29:01Z,MGMT-01,ACME\\lchen,modify,routine user or enterprise file,routine process,benign
FILE-0516,2026-09-17T17:29:12Z,ENG-WS-17,ACME\\mgarcia,read,routine user or enterprise file,routine process,benign
FILE-0331,2026-09-17T17:31:31Z,HR-WS-04,ACME\\lchen,create,routine user or enterprise file,routine process,benign
FILE-0322,2026-09-17T17:36:38Z,FIN-WS-09,SYSTEM,read,routine user or enterprise file,routine process,benign
FILE-0584,2026-09-17T17:56:00Z,MGMT-01,ACME\\mgarcia,modify,routine user or enterprise file,routine process,benign
FILE-0447,2026-09-17T18:07:12Z,DC-01,ACME\\lchen,modify,routine user or enterprise file,routine process,benign
FILE-0206,2026-09-17T18:10:32Z,ENG-WS-17,ACME\\lchen,read,routine user or enterprise file,routine process,benign
FILE-0515,2026-09-17T18:10:51Z,MGMT-01,ACME\\jsmith,read,routine user or enterprise file,routine process,benign
FILE-0151,2026-09-17T18:28:54Z,MGMT-01,ACME\\lchen,read,routine user or enterprise file,routine process,benign
FILE-0129,2026-09-17T18:34:50Z,MGMT-01,SYSTEM,modify,routine user or enterprise file,routine process,benign
FILE-0337,2026-09-17T18:46:24Z,ENG-WS-17,ACME\\mgarcia,read,routine user or enterprise file,routine process,benign
FILE-0364,2026-09-17T18:50:26Z,FIN-WS-09,ACME\\jsmith,create,routine user or enterprise file,routine process,benign
FILE-0210,2026-09-17T18:54:37Z,FIN-WS-09,SYSTEM,modify,routine user or enterprise file,routine process,benign
FILE-0128,2026-09-17T19:07:05Z,ENG-WS-17,ACME\\jsmith,modify,routine user or enterprise file,routine process,benign
FILE-0179,2026-09-17T19:17:33Z,HR-WS-04,ACME\\mgarcia,read,routine user or enterprise file,routine process,benign
FILE-0136,2026-09-17T19:23:21Z,JUMP-01,ACME\\lchen,modify,routine user or enterprise file,routine process,benign
FILE-0395,2026-09-17T19:28:45Z,ENG-WS-17,ACME\\lchen,create,routine user or enterprise file,routine process,benign
FILE-0119,2026-09-17T19:28:55Z,JUMP-01,ACME\\mgarcia,read,routine user or enterprise file,routine process,benign
FILE-0593,2026-09-17T19:42:27Z,FIN-WS-09,ACME\\mgarcia,modify,routine user or enterprise file,routine process,benign
FILE-0253,2026-09-17T19:44:08Z,JUMP-01,ACME\\lchen,read,routine user or enterprise file,routine process,benign
FILE-0312,2026-09-17T19:47:36Z,JUMP-01,ACME\\lchen,read,routine user or enterprise file,routine process,benign
FILE-0345,2026-09-17T20:27:20Z,JUMP-01,ACME\\jsmith,create,routine user or enterprise file,routine process,benign
FILE-0124,2026-09-17T20:37:04Z,MGMT-01,ACME\\mgarcia,modify,routine user or enterprise file,routine process,benign
FILE-0168,2026-09-17T20:39:29Z,JUMP-01,SYSTEM,create,routine user or enterprise file,routine process,benign
FILE-0421,2026-09-17T20:45:07Z,ENG-WS-17,SYSTEM,read,routine user or enterprise file,routine process,benign
FILE-0399,2026-09-17T21:12:03Z,ENG-WS-17,ACME\\lchen,create,routine user or enterprise file,routine process,benign
FILE-0398,2026-09-17T21:45:44Z,FIN-WS-09,ACME\\lchen,create,routine user or enterprise file,routine process,benign
FILE-0566,2026-09-17T22:00:32Z,JUMP-01,SYSTEM,read,routine user or enterprise file,routine process,benign
FILE-0541,2026-09-17T22:06:33Z,HR-WS-04,ACME\\jsmith,create,routine user or enterprise file,routine process,benign
FILE-0533,2026-09-17T22:06:42Z,MGMT-01,SYSTEM,create,routine user or enterprise file,routine process,benign
FILE-0113,2026-09-17T22:08:53Z,ENG-WS-17,ACME\\lchen,modify,routine user or enterprise file,routine process,benign
FILE-0514,2026-09-17T22:10:51Z,MGMT-01,ACME\\mgarcia,create,routine user or enterprise file,routine process,benign
FILE-0162,2026-09-17T22:15:17Z,HR-WS-04,ACME\\mgarcia,create,routine user or enterprise file,routine process,benign
FILE-0248,2026-09-17T22:28:14Z,HR-WS-04,ACME\\lchen,read,routine user or enterprise file,routine process,benign
FILE-0120,2026-09-17T22:36:41Z,DC-01,ACME\\lchen,modify,routine user or enterprise file,routine process,benign
FILE-0545,2026-09-17T22:50:35Z,JUMP-01,SYSTEM,create,routine user or enterprise file,routine process,benign
FILE-0572,2026-09-17T23:07:23Z,FIN-WS-09,ACME\\lchen,read,routine user or enterprise file,routine process,benign
FILE-0274,2026-09-17T23:12:54Z,FIN-WS-09,SYSTEM,modify,routine user or enterprise file,routine process,benign
FILE-0100,2026-09-18T00:03:52Z,FIN-WS-09,ACME\\mgarcia,create,routine user or enterprise file,routine process,benign
FILE-0324,2026-09-18T00:28:44Z,DC-01,ACME\\mgarcia,read,routine user or enterprise file,routine process,benign
FILE-0356,2026-09-18T00:38:31Z,ENG-WS-17,SYSTEM,create,routine user or enterprise file,routine process,benign
FILE-0492,2026-09-18T00:44:38Z,DC-01,ACME\\jsmith,read,routine user or enterprise file,routine process,benign
FILE-0423,2026-09-18T00:49:16Z,HR-WS-04,ACME\\jsmith,read,routine user or enterprise file,routine process,benign
FILE-0148,2026-09-18T00:57:02Z,MGMT-01,ACME\\lchen,create,routine user or enterprise file,routine process,benign
FILE-0394,2026-09-18T01:00:04Z,MGMT-01,ACME\\mgarcia,create,routine user or enterprise file,routine process,benign
FILE-0307,2026-09-18T01:04:13Z,DC-01,SYSTEM,read,routine user or enterprise file,routine process,benign
FILE-0568,2026-09-18T01:23:40Z,HR-WS-04,ACME\\lchen,create,routine user or enterprise file,routine process,benign
FILE-0444,2026-09-18T01:45:53Z,HR-WS-04,ACME\\mgarcia,modify,routine user or enterprise file,routine process,benign
FILE-0518,2026-09-18T02:13:29Z,HR-WS-04,ACME\\mgarcia,create,routine user or enterprise file,routine process,benign
FILE-0520,2026-09-18T02:14:36Z,FIN-WS-09,ACME\\jsmith,modify,routine user or enterprise file,routine process,benign
FILE-0228,2026-09-18T02:41:17Z,MGMT-01,SYSTEM,create,routine user or enterprise file,routine process,benign
FILE-0420,2026-09-18T02:50:17Z,MGMT-01,ACME\\jsmith,modify,routine user or enterprise file,routine process,benign
FILE-0486,2026-09-18T02:54:08Z,MGMT-01,ACME\\jsmith,modify,routine user or enterprise file,routine process,benign
FILE-0450,2026-09-18T02:58:39Z,DC-01,ACME\\mgarcia,create,routine user or enterprise file,routine process,benign
FILE-0559,2026-09-18T03:16:07Z,JUMP-01,ACME\\mgarcia,create,routine user or enterprise file,routine process,benign
FILE-0318,2026-09-18T03:29:15Z,JUMP-01,SYSTEM,read,routine user or enterprise file,routine process,benign
FILE-0145,2026-09-18T04:01:26Z,DC-01,SYSTEM,modify,routine user or enterprise file,routine process,benign
FILE-0379,2026-09-18T04:06:22Z,MGMT-01,ACME\\lchen,create,routine user or enterprise file,routine process,benign
FILE-0197,2026-09-18T04:09:21Z,MGMT-01,ACME\\jsmith,create,routine user or enterprise file,routine process,benign
FILE-0560,2026-09-18T04:20:55Z,FIN-WS-09,ACME\\jsmith,create,routine user or enterprise file,routine process,benign
FILE-0223,2026-09-18T04:30:27Z,MGMT-01,ACME\\mgarcia,read,routine user or enterprise file,routine process,benign
FILE-0487,2026-09-18T04:39:06Z,JUMP-01,ACME\\mgarcia,read,routine user or enterprise file,routine process,benign
FILE-0501,2026-09-18T04:45:05Z,MGMT-01,SYSTEM,modify,routine user or enterprise file,routine process,benign
FILE-0510,2026-09-18T04:46:03Z,FIN-WS-09,ACME\\jsmith,read,routine user or enterprise file,routine process,benign
FILE-0273,2026-09-18T05:00:02Z,DC-01,ACME\\mgarcia,read,routine user or enterprise file,routine process,benign
FILE-0149,2026-09-18T05:32:29Z,FIN-WS-09,ACME\\jsmith,create,routine user or enterprise file,routine process,benign
FILE-0482,2026-09-18T05:44:10Z,JUMP-01,SYSTEM,read,routine user or enterprise file,routine process,benign
FILE-0374,2026-09-18T05:45:22Z,DC-01,SYSTEM,create,routine user or enterprise file,routine process,benign
FILE-0352,2026-09-18T05:45:51Z,DC-01,ACME\\mgarcia,read,routine user or enterprise file,routine process,benign
FILE-0453,2026-09-18T05:51:25Z,DC-01,ACME\\jsmith,create,routine user or enterprise file,routine process,benign
FILE-0365,2026-09-18T05:51:31Z,JUMP-01,SYSTEM,create,routine user or enterprise file,routine process,benign
FILE-0209,2026-09-18T05:52:18Z,MGMT-01,ACME\\lchen,create,routine user or enterprise file,routine process,benign
FILE-0143,2026-09-18T05:52:44Z,HR-WS-04,SYSTEM,read,routine user or enterprise file,routine process,benign
FILE-0185,2026-09-18T06:14:41Z,DC-01,ACME\\jsmith,modify,routine user or enterprise file,routine process,benign
FILE-0257,2026-09-18T06:23:51Z,ENG-WS-17,ACME\\lchen,create,routine user or enterprise file,routine process,benign
FILE-0445,2026-09-18T06:28:58Z,DC-01,ACME\\mgarcia,modify,routine user or enterprise file,routine process,benign
FILE-0252,2026-09-18T06:39:42Z,DC-01,ACME\\lchen,modify,routine user or enterprise file,routine process,benign
FILE-0416,2026-09-18T06:47:42Z,JUMP-01,ACME\\mgarcia,read,routine user or enterprise file,routine process,benign
FILE-0396,2026-09-18T06:52:10Z,DC-01,ACME\\mgarcia,read,routine user or enterprise file,routine process,benign
FILE-0123,2026-09-18T06:56:33Z,DC-01,ACME\\lchen,read,routine user or enterprise file,routine process,benign
FILE-0536,2026-09-18T07:20:28Z,FIN-WS-09,ACME\\jsmith,read,routine user or enterprise file,routine process,benign
FILE-0585,2026-09-18T07:42:02Z,MGMT-01,ACME\\jsmith,modify,routine user or enterprise file,routine process,benign
FILE-0483,2026-09-18T08:02:15Z,ENG-WS-17,SYSTEM,read,routine user or enterprise file,routine process,benign
FILE-0300,2026-09-18T08:24:06Z,FIN-WS-09,ACME\\lchen,modify,routine user or enterprise file,routine process,benign
FILE-0578,2026-09-18T08:24:58Z,FIN-WS-09,SYSTEM,read,routine user or enterprise file,routine process,benign
FILE-0375,2026-09-18T08:35:29Z,DC-01,ACME\\jsmith,read,routine user or enterprise file,routine process,benign
FILE-0466,2026-09-18T08:43:54Z,FIN-WS-09,SYSTEM,modify,routine user or enterprise file,routine process,benign
FILE-0419,2026-09-18T08:44:30Z,JUMP-01,ACME\\mgarcia,create,routine user or enterprise file,routine process,benign
FILE-0401,2026-09-18T08:48:35Z,DC-01,SYSTEM,modify,routine user or enterprise file,routine process,benign
FILE-0563,2026-09-18T08:53:00Z,DC-01,SYSTEM,create,routine user or enterprise file,routine process,benign
FILE-0231,2026-09-18T09:33:46Z,DC-01,ACME\\lchen,read,routine user or enterprise file,routine process,benign
FILE-0437,2026-09-18T09:55:31Z,JUMP-01,SYSTEM,create,routine user or enterprise file,routine process,benign
FILE-0117,2026-09-18T09:57:24Z,ENG-WS-17,SYSTEM,read,routine user or enterprise file,routine process,benign
FILE-0256,2026-09-18T10:02:39Z,DC-01,ACME\\jsmith,modify,routine user or enterprise file,routine process,benign
FILE-0456,2026-09-18T10:02:58Z,HR-WS-04,ACME\\jsmith,create,routine user or enterprise file,routine process,benign
FILE-0155,2026-09-18T10:06:45Z,MGMT-01,SYSTEM,read,routine user or enterprise file,routine process,benign
FILE-0524,2026-09-18T10:23:47Z,HR-WS-04,ACME\\lchen,read,routine user or enterprise file,routine process,benign
FILE-0475,2026-09-18T10:27:22Z,FIN-WS-09,ACME\\jsmith,read,routine user or enterprise file,routine process,benign
FILE-0534,2026-09-18T10:55:28Z,MGMT-01,ACME\\jsmith,read,routine user or enterprise file,routine process,benign
FILE-0424,2026-09-18T11:41:18Z,MGMT-01,ACME\\lchen,create,routine user or enterprise file,routine process,benign
FILE-0290,2026-09-18T11:49:47Z,MGMT-01,ACME\\lchen,create,routine user or enterprise file,routine process,benign
