event_id,_time,host,user,parent_process,process_name,command_line,classification
PROC-0315,2026-09-14T12:02:51Z,ENG-WS-17,ACME\\jsmith,explorer.exe,cmd.exe,routine process,benign
PROC-0182,2026-09-14T12:07:40Z,HR-WS-04,ACME\\jsmith,explorer.exe,OneDrive.exe,routine process,benign
PROC-0237,2026-09-14T12:29:11Z,MGMT-01,ACME\\mgarcia,explorer.exe,cmd.exe,routine process,benign
PROC-0137,2026-09-14T12:35:34Z,ENG-WS-17,ACME\\lchen,explorer.exe,profile.exe,routine process,benign
PROC-0445,2026-09-14T12:36:45Z,FIN-WS-09,SYSTEM,explorer.exe,OneDrive.exe,routine process,benign
PROC-0319,2026-09-14T12:40:34Z,MGMT-01,ACME\\lchen,explorer.exe,OneDrive.exe,routine process,benign
PROC-0514,2026-09-14T12:52:12Z,MGMT-01,ACME\\jsmith,explorer.exe,OneDrive.exe,routine process,benign
PROC-0222,2026-09-14T13:40:54Z,MGMT-01,ACME\\lchen,explorer.exe,cmd.exe,routine process,benign
PROC-0186,2026-09-14T13:51:17Z,MGMT-01,ACME\\lchen,explorer.exe,OneDrive.exe,routine process,benign
PROC-0389,2026-09-14T13:54:03Z,DC-01,ACME\\lchen,explorer.exe,profile.exe,routine process,benign
PROC-0379,2026-09-14T14:09:20Z,JUMP-01,ACME\\jsmith,explorer.exe,Teams.exe,routine process,benign
PROC-0582,2026-09-14T14:15:40Z,FIN-WS-09,ACME\\lchen,explorer.exe,OneDrive.exe,routine process,benign
PROC-BEN-001,2026-09-14T14:29:45Z,FIN-WS-09,ACME\\lchen,userinit.exe,cmd.exe,enterprise drive mapping script,benign
PROC-INC-001,2026-09-14T14:30:00Z,FIN-WS-09,ACME\\lchen,explorer.exe,powershell.exe,launch synthetic startup script,investigate
PROC-BEN-002,2026-09-14T14:30:05Z,FIN-WS-09,ACME\\lchen,explorer.exe,Update.exe,signed application updater,benign
PROC-BEN-003,2026-09-14T14:30:07Z,FIN-WS-09,ACME\\lchen,explorer.exe,profile.exe,approved display utility,benign
PROC-INC-002,2026-09-14T14:30:18Z,FIN-WS-09,ACME\\lchen,powershell.exe,rundll32.exe,execute synthetic secondary artifact,investigate
PROC-0462,2026-09-14T14:30:27Z,DC-01,SYSTEM,explorer.exe,cmd.exe,routine process,benign
PROC-0466,2026-09-14T14:41:06Z,FIN-WS-09,ACME\\jsmith,explorer.exe,OneDrive.exe,routine process,benign
PROC-0160,2026-09-14T14:59:11Z,ENG-WS-17,ACME\\lchen,explorer.exe,cmd.exe,routine process,benign
PROC-0106,2026-09-14T15:08:58Z,ENG-WS-17,ACME\\mgarcia,explorer.exe,Teams.exe,routine process,benign
PROC-0411,2026-09-14T15:26:38Z,HR-WS-04,SYSTEM,explorer.exe,OneDrive.exe,routine process,benign
PROC-0373,2026-09-14T15:38:41Z,MGMT-01,ACME\\lchen,explorer.exe,Teams.exe,routine process,benign
PROC-0483,2026-09-14T15:39:13Z,MGMT-01,ACME\\lchen,explorer.exe,cmd.exe,routine process,benign
PROC-0192,2026-09-14T16:13:31Z,ENG-WS-17,ACME\\mgarcia,explorer.exe,Teams.exe,routine process,benign
PROC-0288,2026-09-14T16:25:53Z,FIN-WS-09,SYSTEM,explorer.exe,cmd.exe,routine process,benign
PROC-0476,2026-09-14T17:07:08Z,ENG-WS-17,ACME\\lchen,explorer.exe,cmd.exe,routine process,benign
PROC-0299,2026-09-14T17:33:30Z,JUMP-01,ACME\\jsmith,explorer.exe,Teams.exe,routine process,benign
PROC-0275,2026-09-14T17:37:15Z,JUMP-01,ACME\\jsmith,explorer.exe,Teams.exe,routine process,benign
PROC-0521,2026-09-14T17:48:30Z,MGMT-01,SYSTEM,explorer.exe,Teams.exe,routine process,benign
PROC-0577,2026-09-14T17:50:13Z,MGMT-01,ACME\\lchen,explorer.exe,cmd.exe,routine process,benign
PROC-0285,2026-09-14T17:56:28Z,FIN-WS-09,SYSTEM,explorer.exe,cmd.exe,routine process,benign
PROC-0492,2026-09-14T18:18:00Z,DC-01,ACME\\mgarcia,explorer.exe,cmd.exe,routine process,benign
PROC-0480,2026-09-14T18:23:37Z,ENG-WS-17,ACME\\lchen,explorer.exe,cmd.exe,routine process,benign
PROC-0231,2026-09-14T18:27:22Z,HR-WS-04,SYSTEM,explorer.exe,profile.exe,routine process,benign
PROC-0363,2026-09-14T18:45:04Z,ENG-WS-17,ACME\\jsmith,explorer.exe,OneDrive.exe,routine process,benign
PROC-0328,2026-09-14T19:02:30Z,HR-WS-04,ACME\\jsmith,explorer.exe,profile.exe,routine process,benign
PROC-0253,2026-09-14T19:06:17Z,MGMT-01,ACME\\lchen,explorer.exe,Teams.exe,routine process,benign
PROC-0416,2026-09-14T19:09:58Z,MGMT-01,ACME\\mgarcia,explorer.exe,OneDrive.exe,routine process,benign
PROC-0298,2026-09-14T19:16:41Z,DC-01,SYSTEM,explorer.exe,cmd.exe,routine process,benign
PROC-0206,2026-09-14T19:25:21Z,JUMP-01,ACME\\mgarcia,explorer.exe,cmd.exe,routine process,benign
PROC-0101,2026-09-14T19:38:19Z,JUMP-01,SYSTEM,explorer.exe,cmd.exe,routine process,benign
PROC-0458,2026-09-14T19:49:02Z,ENG-WS-17,ACME\\jsmith,explorer.exe,profile.exe,routine process,benign
PROC-0313,2026-09-14T19:51:04Z,HR-WS-04,ACME\\jsmith,explorer.exe,Teams.exe,routine process,benign
PROC-0566,2026-09-14T20:00:58Z,FIN-WS-09,ACME\\mgarcia,explorer.exe,profile.exe,routine process,benign
PROC-0173,2026-09-14T20:15:37Z,FIN-WS-09,ACME\\lchen,explorer.exe,profile.exe,routine process,benign
PROC-0202,2026-09-14T20:37:13Z,ENG-WS-17,ACME\\jsmith,explorer.exe,OneDrive.exe,routine process,benign
PROC-0567,2026-09-14T21:03:21Z,FIN-WS-09,ACME\\lchen,explorer.exe,profile.exe,routine process,benign
PROC-0562,2026-09-14T21:07:01Z,MGMT-01,ACME\\jsmith,explorer.exe,Teams.exe,routine process,benign
PROC-0394,2026-09-14T21:11:00Z,MGMT-01,SYSTEM,explorer.exe,OneDrive.exe,routine process,benign
PROC-0520,2026-09-14T21:32:44Z,MGMT-01,ACME\\lchen,explorer.exe,profile.exe,routine process,benign
PROC-0165,2026-09-14T21:38:39Z,ENG-WS-17,SYSTEM,explorer.exe,Teams.exe,routine process,benign
PROC-0479,2026-09-14T21:54:14Z,ENG-WS-17,ACME\\jsmith,explorer.exe,OneDrive.exe,routine process,benign
PROC-0272,2026-09-14T22:00:39Z,HR-WS-04,SYSTEM,explorer.exe,cmd.exe,routine process,benign
PROC-0383,2026-09-14T22:10:50Z,FIN-WS-09,ACME\\mgarcia,explorer.exe,OneDrive.exe,routine process,benign
PROC-0511,2026-09-14T22:15:30Z,DC-01,ACME\\jsmith,explorer.exe,OneDrive.exe,routine process,benign
PROC-0111,2026-09-14T22:16:36Z,ENG-WS-17,ACME\\jsmith,explorer.exe,profile.exe,routine process,benign
PROC-0353,2026-09-14T22:32:08Z,JUMP-01,SYSTEM,explorer.exe,OneDrive.exe,routine process,benign
PROC-0296,2026-09-14T23:03:04Z,ENG-WS-17,ACME\\jsmith,explorer.exe,OneDrive.exe,routine process,benign
PROC-0482,2026-09-14T23:54:51Z,FIN-WS-09,SYSTEM,explorer.exe,cmd.exe,routine process,benign
PROC-0331,2026-09-15T00:02:34Z,FIN-WS-09,ACME\\lchen,explorer.exe,cmd.exe,routine process,benign
PROC-0292,2026-09-15T00:13:19Z,MGMT-01,SYSTEM,explorer.exe,profile.exe,routine process,benign
PROC-0305,2026-09-15T00:14:36Z,DC-01,ACME\\mgarcia,explorer.exe,cmd.exe,routine process,benign
PROC-0421,2026-09-15T00:18:02Z,FIN-WS-09,SYSTEM,explorer.exe,profile.exe,routine process,benign
PROC-0585,2026-09-15T00:19:40Z,JUMP-01,ACME\\lchen,explorer.exe,OneDrive.exe,routine process,benign
PROC-0551,2026-09-15T00:19:48Z,ENG-WS-17,ACME\\jsmith,explorer.exe,OneDrive.exe,routine process,benign
PROC-0420,2026-09-15T00:29:59Z,HR-WS-04,ACME\\jsmith,explorer.exe,OneDrive.exe,routine process,benign
PROC-0392,2026-09-15T00:34:45Z,DC-01,ACME\\jsmith,explorer.exe,OneDrive.exe,routine process,benign
PROC-0115,2026-09-15T00:43:40Z,ENG-WS-17,SYSTEM,explorer.exe,Teams.exe,routine process,benign
PROC-0490,2026-09-15T00:53:30Z,MGMT-01,ACME\\jsmith,explorer.exe,profile.exe,routine process,benign
PROC-0356,2026-09-15T01:22:26Z,FIN-WS-09,ACME\\lchen,explorer.exe,OneDrive.exe,routine process,benign
PROC-0425,2026-09-15T01:40:06Z,DC-01,ACME\\mgarcia,explorer.exe,OneDrive.exe,routine process,benign
PROC-0472,2026-09-15T01:57:43Z,ENG-WS-17,ACME\\jsmith,explorer.exe,profile.exe,routine process,benign
PROC-0155,2026-09-15T02:00:20Z,FIN-WS-09,ACME\\mgarcia,explorer.exe,OneDrive.exe,routine process,benign
PROC-0314,2026-09-15T02:02:50Z,JUMP-01,ACME\\mgarcia,explorer.exe,profile.exe,routine process,benign
PROC-0105,2026-09-15T02:03:25Z,DC-01,ACME\\mgarcia,explorer.exe,profile.exe,routine process,benign
PROC-0225,2026-09-15T02:12:03Z,FIN-WS-09,ACME\\mgarcia,explorer.exe,Teams.exe,routine process,benign
PROC-0457,2026-09-15T02:35:18Z,JUMP-01,ACME\\jsmith,explorer.exe,OneDrive.exe,routine process,benign
PROC-0171,2026-09-15T03:03:44Z,FIN-WS-09,ACME\\mgarcia,explorer.exe,profile.exe,routine process,benign
PROC-0280,2026-09-15T03:18:37Z,ENG-WS-17,ACME\\lchen,explorer.exe,Teams.exe,routine process,benign
PROC-0507,2026-09-15T03:26:38Z,JUMP-01,SYSTEM,explorer.exe,cmd.exe,routine process,benign
PROC-0323,2026-09-15T03:26:42Z,JUMP-01,ACME\\jsmith,explorer.exe,profile.exe,routine process,benign
PROC-0510,2026-09-15T03:32:58Z,ENG-WS-17,SYSTEM,explorer.exe,Teams.exe,routine process,benign
PROC-0294,2026-09-15T04:34:46Z,DC-01,ACME\\mgarcia,explorer.exe,profile.exe,routine process,benign
PROC-0152,2026-09-15T04:38:47Z,FIN-WS-09,ACME\\mgarcia,explorer.exe,OneDrive.exe,routine process,benign
PROC-0367,2026-09-15T04:43:12Z,HR-WS-04,ACME\\mgarcia,explorer.exe,profile.exe,routine process,benign
PROC-0471,2026-09-15T04:44:36Z,DC-01,ACME\\jsmith,explorer.exe,Teams.exe,routine process,benign
PROC-0279,2026-09-15T05:00:28Z,HR-WS-04,ACME\\mgarcia,explorer.exe,Teams.exe,routine process,benign
PROC-0224,2026-09-15T05:24:59Z,HR-WS-04,ACME\\jsmith,explorer.exe,OneDrive.exe,routine process,benign
PROC-0284,2026-09-15T05:27:14Z,ENG-WS-17,ACME\\mgarcia,explorer.exe,Teams.exe,routine process,benign
PROC-0432,2026-09-15T05:43:02Z,MGMT-01,SYSTEM,explorer.exe,cmd.exe,routine process,benign
PROC-0554,2026-09-15T05:44:09Z,DC-01,ACME\\mgarcia,explorer.exe,Teams.exe,routine process,benign
PROC-0307,2026-09-15T05:50:12Z,HR-WS-04,SYSTEM,explorer.exe,cmd.exe,routine process,benign
PROC-0113,2026-09-15T05:50:50Z,ENG-WS-17,ACME\\lchen,explorer.exe,OneDrive.exe,routine process,benign
PROC-0519,2026-09-15T05:57:03Z,ENG-WS-17,SYSTEM,explorer.exe,OneDrive.exe,routine process,benign
PROC-0286,2026-09-15T06:06:06Z,MGMT-01,SYSTEM,explorer.exe,Teams.exe,routine process,benign
PROC-0438,2026-09-15T06:48:36Z,FIN-WS-09,ACME\\mgarcia,explorer.exe,OneDrive.exe,routine process,benign
PROC-0228,2026-09-15T06:51:17Z,FIN-WS-09,ACME\\lchen,explorer.exe,OneDrive.exe,routine process,benign
PROC-0509,2026-09-15T06:57:30Z,ENG-WS-17,ACME\\lchen,explorer.exe,Teams.exe,routine process,benign
PROC-0258,2026-09-15T07:48:32Z,JUMP-01,SYSTEM,explorer.exe,OneDrive.exe,routine process,benign
PROC-0281,2026-09-15T07:50:06Z,FIN-WS-09,ACME\\lchen,explorer.exe,profile.exe,routine process,benign
PROC-0581,2026-09-15T07:55:00Z,ENG-WS-17,SYSTEM,explorer.exe,profile.exe,routine process,benign
PROC-0495,2026-09-15T07:59:00Z,ENG-WS-17,ACME\\mgarcia,explorer.exe,profile.exe,routine process,benign
PROC-0134,2026-09-15T08:06:35Z,HR-WS-04,ACME\\jsmith,explorer.exe,OneDrive.exe,routine process,benign
PROC-0408,2026-09-15T08:15:48Z,FIN-WS-09,SYSTEM,explorer.exe,cmd.exe,routine process,benign
PROC-0107,2026-09-15T08:17:39Z,JUMP-01,ACME\\lchen,explorer.exe,cmd.exe,routine process,benign
PROC-0460,2026-09-15T08:28:05Z,DC-01,ACME\\lchen,explorer.exe,cmd.exe,routine process,benign
PROC-0267,2026-09-15T09:02:16Z,MGMT-01,SYSTEM,explorer.exe,profile.exe,routine process,benign
PROC-0190,2026-09-15T09:11:05Z,JUMP-01,ACME\\lchen,explorer.exe,Teams.exe,routine process,benign
PROC-0248,2026-09-15T09:18:47Z,ENG-WS-17,ACME\\mgarcia,explorer.exe,profile.exe,routine process,benign
PROC-0423,2026-09-15T09:32:21Z,ENG-WS-17,SYSTEM,explorer.exe,OneDrive.exe,routine process,benign
PROC-0452,2026-09-15T09:38:22Z,DC-01,ACME\\jsmith,explorer.exe,cmd.exe,routine process,benign
PROC-0232,2026-09-15T09:48:49Z,DC-01,SYSTEM,explorer.exe,OneDrive.exe,routine process,benign
PROC-0290,2026-09-15T09:52:38Z,JUMP-01,SYSTEM,explorer.exe,OneDrive.exe,routine process,benign
PROC-0381,2026-09-15T09:55:30Z,HR-WS-04,ACME\\mgarcia,explorer.exe,OneDrive.exe,routine process,benign
PROC-0354,2026-09-15T10:00:41Z,JUMP-01,ACME\\jsmith,explorer.exe,OneDrive.exe,routine process,benign
PROC-0556,2026-09-15T10:18:01Z,MGMT-01,ACME\\lchen,explorer.exe,cmd.exe,routine process,benign
PROC-0437,2026-09-15T10:18:22Z,DC-01,ACME\\jsmith,explorer.exe,Teams.exe,routine process,benign
PROC-0334,2026-09-15T10:21:27Z,ENG-WS-17,ACME\\jsmith,explorer.exe,profile.exe,routine process,benign
PROC-0485,2026-09-15T10:22:32Z,MGMT-01,ACME\\mgarcia,explorer.exe,OneDrive.exe,routine process,benign
PROC-0212,2026-09-15T10:23:02Z,JUMP-01,ACME\\mgarcia,explorer.exe,Teams.exe,routine process,benign
PROC-0153,2026-09-15T10:50:54Z,MGMT-01,ACME\\lchen,explorer.exe,Teams.exe,routine process,benign
PROC-0561,2026-09-15T10:55:40Z,ENG-WS-17,ACME\\mgarcia,explorer.exe,OneDrive.exe,routine process,benign
PROC-0481,2026-09-15T11:15:40Z,HR-WS-04,SYSTEM,explorer.exe,Teams.exe,routine process,benign
PROC-0208,2026-09-15T11:26:39Z,HR-WS-04,ACME\\jsmith,explorer.exe,OneDrive.exe,routine process,benign
PROC-0174,2026-09-15T11:36:46Z,ENG-WS-17,ACME\\jsmith,explorer.exe,cmd.exe,routine process,benign
PROC-0122,2026-09-15T12:10:24Z,HR-WS-04,ACME\\jsmith,explorer.exe,cmd.exe,routine process,benign
PROC-0244,2026-09-15T12:13:59Z,JUMP-01,ACME\\jsmith,explorer.exe,OneDrive.exe,routine process,benign
PROC-0590,2026-09-15T12:31:34Z,HR-WS-04,SYSTEM,explorer.exe,OneDrive.exe,routine process,benign
PROC-0203,2026-09-15T12:31:46Z,JUMP-01,ACME\\mgarcia,explorer.exe,Teams.exe,routine process,benign
PROC-0270,2026-09-15T12:55:31Z,MGMT-01,ACME\\mgarcia,explorer.exe,OneDrive.exe,routine process,benign
PROC-0412,2026-09-15T13:39:28Z,ENG-WS-17,ACME\\mgarcia,explorer.exe,Teams.exe,routine process,benign
PROC-0446,2026-09-15T13:40:02Z,HR-WS-04,SYSTEM,explorer.exe,Teams.exe,routine process,benign
PROC-0344,2026-09-15T14:04:14Z,DC-01,SYSTEM,explorer.exe,profile.exe,routine process,benign
PROC-0145,2026-09-15T14:19:15Z,FIN-WS-09,ACME\\jsmith,explorer.exe,profile.exe,routine process,benign
PROC-0150,2026-09-15T14:32:57Z,JUMP-01,ACME\\lchen,explorer.exe,Teams.exe,routine process,benign
PROC-0265,2026-09-15T14:44:39Z,JUMP-01,ACME\\lchen,explorer.exe,OneDrive.exe,routine process,benign
PROC-0358,2026-09-15T14:48:37Z,HR-WS-04,ACME\\jsmith,explorer.exe,profile.exe,routine process,benign
PROC-0550,2026-09-15T14:55:11Z,HR-WS-04,SYSTEM,explorer.exe,profile.exe,routine process,benign
PROC-0376,2026-09-15T15:21:21Z,FIN-WS-09,ACME\\jsmith,explorer.exe,Teams.exe,routine process,benign
PROC-0547,2026-09-15T15:32:19Z,HR-WS-04,SYSTEM,explorer.exe,Teams.exe,routine process,benign
PROC-0345,2026-09-15T16:03:09Z,FIN-WS-09,ACME\\mgarcia,explorer.exe,Teams.exe,routine process,benign
PROC-0218,2026-09-15T16:13:41Z,JUMP-01,ACME\\jsmith,explorer.exe,cmd.exe,routine process,benign
PROC-0366,2026-09-15T16:14:58Z,DC-01,ACME\\lchen,explorer.exe,profile.exe,routine process,benign
PROC-0487,2026-09-15T16:19:26Z,JUMP-01,ACME\\lchen,explorer.exe,Teams.exe,routine process,benign
PROC-0119,2026-09-15T16:21:33Z,MGMT-01,ACME\\mgarcia,explorer.exe,profile.exe,routine process,benign
PROC-0245,2026-09-15T16:32:07Z,MGMT-01,ACME\\lchen,explorer.exe,cmd.exe,routine process,benign
PROC-0524,2026-09-15T16:34:05Z,MGMT-01,SYSTEM,explorer.exe,OneDrive.exe,routine process,benign
PROC-0493,2026-09-15T16:50:07Z,MGMT-01,ACME\\mgarcia,explorer.exe,profile.exe,routine process,benign
PROC-0147,2026-09-15T16:54:10Z,JUMP-01,ACME\\jsmith,explorer.exe,Teams.exe,routine process,benign
PROC-0166,2026-09-15T16:59:22Z,DC-01,ACME\\jsmith,explorer.exe,OneDrive.exe,routine process,benign
PROC-0491,2026-09-15T17:09:08Z,ENG-WS-17,ACME\\lchen,explorer.exe,OneDrive.exe,routine process,benign
PROC-0293,2026-09-15T17:25:26Z,JUMP-01,SYSTEM,explorer.exe,Teams.exe,routine process,benign
PROC-0308,2026-09-15T17:28:15Z,JUMP-01,SYSTEM,explorer.exe,cmd.exe,routine process,benign
PROC-0517,2026-09-15T17:29:56Z,MGMT-01,ACME\\lchen,explorer.exe,OneDrive.exe,routine process,benign
PROC-0140,2026-09-15T17:38:05Z,DC-01,ACME\\jsmith,explorer.exe,OneDrive.exe,routine process,benign
PROC-0337,2026-09-15T17:52:17Z,DC-01,SYSTEM,explorer.exe,cmd.exe,routine process,benign
PROC-0320,2026-09-15T17:57:11Z,ENG-WS-17,SYSTEM,explorer.exe,OneDrive.exe,routine process,benign
PROC-0335,2026-09-15T18:22:22Z,FIN-WS-09,ACME\\jsmith,explorer.exe,cmd.exe,routine process,benign
PROC-0108,2026-09-15T18:43:34Z,DC-01,ACME\\jsmith,explorer.exe,Teams.exe,routine process,benign
PROC-0185,2026-09-15T18:53:14Z,DC-01,SYSTEM,explorer.exe,cmd.exe,routine process,benign
PROC-0573,2026-09-15T18:54:35Z,FIN-WS-09,ACME\\lchen,explorer.exe,OneDrive.exe,routine process,benign
PROC-0239,2026-09-15T19:03:12Z,FIN-WS-09,SYSTEM,explorer.exe,OneDrive.exe,routine process,benign
PROC-0571,2026-09-15T19:13:36Z,DC-01,ACME\\lchen,explorer.exe,cmd.exe,routine process,benign
PROC-0434,2026-09-15T19:21:56Z,FIN-WS-09,ACME\\lchen,explorer.exe,profile.exe,routine process,benign
PROC-0310,2026-09-15T19:40:06Z,MGMT-01,ACME\\lchen,explorer.exe,profile.exe,routine process,benign
PROC-0349,2026-09-15T20:13:52Z,DC-01,ACME\\jsmith,explorer.exe,Teams.exe,routine process,benign
PROC-0287,2026-09-15T20:16:17Z,FIN-WS-09,ACME\\jsmith,explorer.exe,OneDrive.exe,routine process,benign
PROC-0121,2026-09-15T20:19:59Z,FIN-WS-09,ACME\\lchen,explorer.exe,cmd.exe,routine process,benign
PROC-0538,2026-09-15T20:37:57Z,DC-01,ACME\\mgarcia,explorer.exe,Teams.exe,routine process,benign
PROC-0360,2026-09-15T20:44:54Z,ENG-WS-17,ACME\\lchen,explorer.exe,cmd.exe,routine process,benign
PROC-0110,2026-09-15T21:23:05Z,DC-01,SYSTEM,explorer.exe,cmd.exe,routine process,benign
PROC-0436,2026-09-15T21:36:51Z,JUMP-01,SYSTEM,explorer.exe,cmd.exe,routine process,benign
PROC-0236,2026-09-15T21:47:20Z,DC-01,ACME\\lchen,explorer.exe,cmd.exe,routine process,benign
PROC-0406,2026-09-15T21:55:50Z,ENG-WS-17,SYSTEM,explorer.exe,Teams.exe,routine process,benign
PROC-0478,2026-09-15T22:10:39Z,HR-WS-04,SYSTEM,explorer.exe,Teams.exe,routine process,benign
PROC-0273,2026-09-15T22:14:21Z,HR-WS-04,ACME\\jsmith,explorer.exe,cmd.exe,routine process,benign
PROC-0414,2026-09-15T22:40:21Z,JUMP-01,ACME\\lchen,explorer.exe,OneDrive.exe,routine process,benign
PROC-0321,2026-09-15T22:48:12Z,MGMT-01,ACME\\jsmith,explorer.exe,OneDrive.exe,routine process,benign
PROC-0453,2026-09-15T23:07:11Z,FIN-WS-09,ACME\\jsmith,explorer.exe,cmd.exe,routine process,benign
PROC-0289,2026-09-15T23:44:14Z,DC-01,ACME\\mgarcia,explorer.exe,OneDrive.exe,routine process,benign
PROC-0539,2026-09-16T00:00:18Z,DC-01,ACME\\lchen,explorer.exe,cmd.exe,routine process,benign
PROC-0205,2026-09-16T00:12:49Z,ENG-WS-17,ACME\\jsmith,explorer.exe,profile.exe,routine process,benign
PROC-0537,2026-09-16T00:25:03Z,FIN-WS-09,SYSTEM,explorer.exe,Teams.exe,routine process,benign
PROC-0219,2026-09-16T00:43:06Z,JUMP-01,ACME\\jsmith,explorer.exe,Teams.exe,routine process,benign
PROC-0475,2026-09-16T00:45:08Z,FIN-WS-09,ACME\\jsmith,explorer.exe,OneDrive.exe,routine process,benign
PROC-0410,2026-09-16T00:48:00Z,ENG-WS-17,ACME\\lchen,explorer.exe,OneDrive.exe,routine process,benign
PROC-0255,2026-09-16T00:48:53Z,ENG-WS-17,SYSTEM,explorer.exe,OneDrive.exe,routine process,benign
PROC-0427,2026-09-16T00:55:29Z,JUMP-01,SYSTEM,explorer.exe,OneDrive.exe,routine process,benign
PROC-0346,2026-09-16T00:59:01Z,DC-01,ACME\\jsmith,explorer.exe,Teams.exe,routine process,benign
PROC-0341,2026-09-16T01:41:51Z,DC-01,ACME\\jsmith,explorer.exe,Teams.exe,routine process,benign
PROC-0306,2026-09-16T01:55:09Z,ENG-WS-17,ACME\\lchen,explorer.exe,cmd.exe,routine process,benign
PROC-0549,2026-09-16T02:00:05Z,FIN-WS-09,ACME\\mgarcia,explorer.exe,OneDrive.exe,routine process,benign
PROC-0545,2026-09-16T02:01:24Z,JUMP-01,ACME\\mgarcia,explorer.exe,profile.exe,routine process,benign
PROC-0578,2026-09-16T02:20:40Z,DC-01,SYSTEM,explorer.exe,OneDrive.exe,routine process,benign
PROC-0183,2026-09-16T02:39:29Z,HR-WS-04,SYSTEM,explorer.exe,cmd.exe,routine process,benign
PROC-0426,2026-09-16T02:39:57Z,HR-WS-04,ACME\\jsmith,explorer.exe,profile.exe,routine process,benign
PROC-0329,2026-09-16T02:43:03Z,DC-01,SYSTEM,explorer.exe,OneDrive.exe,routine process,benign
PROC-0209,2026-09-16T02:52:19Z,FIN-WS-09,ACME\\lchen,explorer.exe,OneDrive.exe,routine process,benign
PROC-0529,2026-09-16T02:53:42Z,ENG-WS-17,ACME\\mgarcia,explorer.exe,cmd.exe,routine process,benign
PROC-0488,2026-09-16T03:13:26Z,HR-WS-04,ACME\\mgarcia,explorer.exe,profile.exe,routine process,benign
PROC-0247,2026-09-16T03:18:53Z,JUMP-01,ACME\\jsmith,explorer.exe,OneDrive.exe,routine process,benign
PROC-0506,2026-09-16T03:21:37Z,DC-01,ACME\\mgarcia,explorer.exe,Teams.exe,routine process,benign
PROC-0238,2026-09-16T03:32:47Z,DC-01,SYSTEM,explorer.exe,Teams.exe,routine process,benign
PROC-0417,2026-09-16T03:37:25Z,DC-01,SYSTEM,explorer.exe,OneDrive.exe,routine process,benign
PROC-0142,2026-09-16T04:08:04Z,FIN-WS-09,SYSTEM,explorer.exe,profile.exe,routine process,benign
PROC-0500,2026-09-16T04:48:04Z,JUMP-01,SYSTEM,explorer.exe,profile.exe,routine process,benign
PROC-0396,2026-09-16T04:50:16Z,ENG-WS-17,ACME\\lchen,explorer.exe,Teams.exe,routine process,benign
PROC-0565,2026-09-16T04:52:57Z,FIN-WS-09,ACME\\jsmith,explorer.exe,profile.exe,routine process,benign
PROC-0362,2026-09-16T04:54:33Z,HR-WS-04,ACME\\mgarcia,explorer.exe,profile.exe,routine process,benign
PROC-0385,2026-09-16T05:01:27Z,ENG-WS-17,ACME\\lchen,explorer.exe,profile.exe,routine process,benign
PROC-0168,2026-09-16T05:27:38Z,JUMP-01,ACME\\jsmith,explorer.exe,profile.exe,routine process,benign
PROC-0316,2026-09-16T05:43:03Z,MGMT-01,ACME\\mgarcia,explorer.exe,Teams.exe,routine process,benign
PROC-0400,2026-09-16T05:56:17Z,ENG-WS-17,ACME\\jsmith,explorer.exe,profile.exe,routine process,benign
PROC-0216,2026-09-16T06:31:32Z,DC-01,ACME\\jsmith,explorer.exe,Teams.exe,routine process,benign
PROC-0448,2026-09-16T06:51:17Z,JUMP-01,SYSTEM,explorer.exe,profile.exe,routine process,benign
PROC-0418,2026-09-16T06:52:03Z,FIN-WS-09,ACME\\jsmith,explorer.exe,Teams.exe,routine process,benign
PROC-0541,2026-09-16T06:52:23Z,DC-01,SYSTEM,explorer.exe,profile.exe,routine process,benign
PROC-0393,2026-09-16T07:01:39Z,MGMT-01,ACME\\mgarcia,explorer.exe,OneDrive.exe,routine process,benign
PROC-0584,2026-09-16T07:26:45Z,MGMT-01,ACME\\mgarcia,explorer.exe,cmd.exe,routine process,benign
PROC-0522,2026-09-16T07:29:08Z,JUMP-01,SYSTEM,explorer.exe,Teams.exe,routine process,benign
PROC-0564,2026-09-16T08:10:51Z,JUMP-01,ACME\\mgarcia,explorer.exe,OneDrive.exe,routine process,benign
PROC-0128,2026-09-16T08:15:16Z,HR-WS-04,ACME\\jsmith,explorer.exe,OneDrive.exe,routine process,benign
PROC-0467,2026-09-16T08:15:24Z,DC-01,ACME\\jsmith,explorer.exe,profile.exe,routine process,benign
PROC-0391,2026-09-16T08:19:41Z,ENG-WS-17,ACME\\jsmith,explorer.exe,Teams.exe,routine process,benign
PROC-0559,2026-09-16T08:31:37Z,JUMP-01,ACME\\mgarcia,explorer.exe,Teams.exe,routine process,benign
PROC-0214,2026-09-16T08:48:23Z,MGMT-01,ACME\\lchen,explorer.exe,Teams.exe,routine process,benign
PROC-0398,2026-09-16T08:56:44Z,DC-01,ACME\\mgarcia,explorer.exe,OneDrive.exe,routine process,benign
PROC-0112,2026-09-16T09:01:33Z,DC-01,ACME\\jsmith,explorer.exe,profile.exe,routine process,benign
PROC-0369,2026-09-16T09:06:37Z,ENG-WS-17,ACME\\jsmith,explorer.exe,Teams.exe,routine process,benign
PROC-0496,2026-09-16T09:07:26Z,DC-01,SYSTEM,explorer.exe,profile.exe,routine process,benign
PROC-0546,2026-09-16T09:15:37Z,JUMP-01,ACME\\mgarcia,explorer.exe,Teams.exe,routine process,benign
PROC-0386,2026-09-16T09:17:06Z,HR-WS-04,ACME\\jsmith,explorer.exe,OneDrive.exe,routine process,benign
PROC-0178,2026-09-16T09:19:58Z,FIN-WS-09,SYSTEM,explorer.exe,cmd.exe,routine process,benign
PROC-0463,2026-09-16T09:21:09Z,DC-01,ACME\\lchen,explorer.exe,profile.exe,routine process,benign
PROC-0465,2026-09-16T09:21:29Z,DC-01,ACME\\jsmith,explorer.exe,OneDrive.exe,routine process,benign
PROC-0276,2026-09-16T09:23:34Z,JUMP-01,ACME\\mgarcia,explorer.exe,OneDrive.exe,routine process,benign
PROC-0347,2026-09-16T09:28:28Z,ENG-WS-17,ACME\\mgarcia,explorer.exe,Teams.exe,routine process,benign
PROC-0100,2026-09-16T09:36:26Z,MGMT-01,SYSTEM,explorer.exe,cmd.exe,routine process,benign
PROC-0404,2026-09-16T09:44:23Z,JUMP-01,ACME\\mgarcia,explorer.exe,cmd.exe,routine process,benign
PROC-0138,2026-09-16T09:44:47Z,JUMP-01,SYSTEM,explorer.exe,Teams.exe,routine process,benign
PROC-0132,2026-09-16T09:51:34Z,ENG-WS-17,SYSTEM,explorer.exe,profile.exe,routine process,benign
PROC-0456,2026-09-16T09:52:10Z,DC-01,SYSTEM,explorer.exe,Teams.exe,routine process,benign
PROC-0576,2026-09-16T09:52:50Z,JUMP-01,ACME\\jsmith,explorer.exe,OneDrive.exe,routine process,benign
PROC-0277,2026-09-16T09:54:20Z,JUMP-01,ACME\\lchen,explorer.exe,profile.exe,routine process,benign
PROC-0579,2026-09-16T09:58:17Z,DC-01,ACME\\jsmith,explorer.exe,cmd.exe,routine process,benign
PROC-0351,2026-09-16T10:02:11Z,JUMP-01,ACME\\jsmith,explorer.exe,Teams.exe,routine process,benign
PROC-0217,2026-09-16T10:12:45Z,DC-01,ACME\\mgarcia,explorer.exe,profile.exe,routine process,benign
PROC-0486,2026-09-16T10:40:49Z,HR-WS-04,ACME\\lchen,explorer.exe,profile.exe,routine process,benign
PROC-0338,2026-09-16T11:06:10Z,DC-01,ACME\\jsmith,explorer.exe,cmd.exe,routine process,benign
PROC-0116,2026-09-16T11:13:16Z,DC-01,ACME\\mgarcia,explorer.exe,OneDrive.exe,routine process,benign
PROC-0250,2026-09-16T11:25:03Z,JUMP-01,ACME\\jsmith,explorer.exe,profile.exe,routine process,benign
PROC-0555,2026-09-16T11:40:10Z,JUMP-01,ACME\\jsmith,explorer.exe,Teams.exe,routine process,benign
PROC-0370,2026-09-16T11:48:29Z,MGMT-01,ACME\\mgarcia,explorer.exe,Teams.exe,routine process,benign
PROC-0428,2026-09-16T12:12:36Z,DC-01,ACME\\jsmith,explorer.exe,OneDrive.exe,routine process,benign
PROC-0213,2026-09-16T12:15:17Z,JUMP-01,ACME\\lchen,explorer.exe,cmd.exe,routine process,benign
PROC-0254,2026-09-16T12:18:19Z,FIN-WS-09,ACME\\mgarcia,explorer.exe,Teams.exe,routine process,benign
PROC-0553,2026-09-16T12:25:44Z,HR-WS-04,ACME\\jsmith,explorer.exe,Teams.exe,routine process,benign
PROC-0230,2026-09-16T12:30:40Z,FIN-WS-09,SYSTEM,explorer.exe,OneDrive.exe,routine process,benign
PROC-0384,2026-09-16T12:34:38Z,HR-WS-04,SYSTEM,explorer.exe,profile.exe,routine process,benign
PROC-0415,2026-09-16T12:42:57Z,FIN-WS-09,ACME\\lchen,explorer.exe,profile.exe,routine process,benign
PROC-0246,2026-09-16T12:52:30Z,ENG-WS-17,SYSTEM,explorer.exe,Teams.exe,routine process,benign
PROC-0207,2026-09-16T12:57:15Z,MGMT-01,ACME\\mgarcia,explorer.exe,profile.exe,routine process,benign
PROC-0127,2026-09-16T13:00:24Z,MGMT-01,ACME\\jsmith,explorer.exe,Teams.exe,routine process,benign
PROC-0548,2026-09-16T13:06:56Z,FIN-WS-09,ACME\\lchen,explorer.exe,OneDrive.exe,routine process,benign
PROC-0243,2026-09-16T13:07:45Z,MGMT-01,ACME\\lchen,explorer.exe,OneDrive.exe,routine process,benign
PROC-0502,2026-09-16T13:11:50Z,JUMP-01,SYSTEM,explorer.exe,profile.exe,routine process,benign
PROC-0324,2026-09-16T13:27:43Z,ENG-WS-17,SYSTEM,explorer.exe,Teams.exe,routine process,benign
PROC-0327,2026-09-16T13:36:58Z,FIN-WS-09,ACME\\mgarcia,explorer.exe,OneDrive.exe,routine process,benign
PROC-0189,2026-09-16T13:41:31Z,FIN-WS-09,ACME\\jsmith,explorer.exe,profile.exe,routine process,benign
PROC-0587,2026-09-16T14:07:38Z,DC-01,ACME\\mgarcia,explorer.exe,profile.exe,routine process,benign
PROC-0552,2026-09-16T14:27:34Z,JUMP-01,SYSTEM,explorer.exe,OneDrive.exe,routine process,benign
PROC-0179,2026-09-16T14:47:13Z,ENG-WS-17,ACME\\mgarcia,explorer.exe,cmd.exe,routine process,benign
PROC-0176,2026-09-16T14:51:08Z,JUMP-01,SYSTEM,explorer.exe,profile.exe,routine process,benign
PROC-0570,2026-09-16T15:09:19Z,JUMP-01,ACME\\jsmith,explorer.exe,OneDrive.exe,routine process,benign
PROC-0283,2026-09-16T15:14:42Z,MGMT-01,SYSTEM,explorer.exe,cmd.exe,routine process,benign
PROC-0211,2026-09-16T15:25:57Z,ENG-WS-17,ACME\\lchen,explorer.exe,profile.exe,routine process,benign
PROC-0563,2026-09-16T15:40:35Z,JUMP-01,ACME\\lchen,explorer.exe,Teams.exe,routine process,benign
PROC-0135,2026-09-16T16:13:40Z,ENG-WS-17,ACME\\lchen,explorer.exe,profile.exe,routine process,benign
PROC-0407,2026-09-16T16:38:44Z,JUMP-01,ACME\\mgarcia,explorer.exe,Teams.exe,routine process,benign
PROC-0193,2026-09-16T17:24:57Z,ENG-WS-17,ACME\\mgarcia,explorer.exe,cmd.exe,routine process,benign
PROC-0311,2026-09-16T17:36:33Z,FIN-WS-09,ACME\\mgarcia,explorer.exe,Teams.exe,routine process,benign
PROC-0136,2026-09-16T17:53:44Z,DC-01,ACME\\jsmith,explorer.exe,OneDrive.exe,routine process,benign
PROC-0102,2026-09-16T17:56:09Z,FIN-WS-09,SYSTEM,explorer.exe,cmd.exe,routine process,benign
PROC-0594,2026-09-16T18:47:18Z,MGMT-01,SYSTEM,explorer.exe,cmd.exe,routine process,benign
PROC-0271,2026-09-16T19:08:59Z,DC-01,ACME\\jsmith,explorer.exe,cmd.exe,routine process,benign
PROC-0512,2026-09-16T19:16:29Z,FIN-WS-09,SYSTEM,explorer.exe,profile.exe,routine process,benign
PROC-0199,2026-09-16T19:31:43Z,FIN-WS-09,ACME\\mgarcia,explorer.exe,OneDrive.exe,routine process,benign
PROC-0167,2026-09-16T19:38:43Z,MGMT-01,ACME\\jsmith,explorer.exe,cmd.exe,routine process,benign
PROC-0498,2026-09-16T19:54:26Z,FIN-WS-09,ACME\\lchen,explorer.exe,Teams.exe,routine process,benign
PROC-0181,2026-09-16T20:01:53Z,FIN-WS-09,ACME\\mgarcia,explorer.exe,OneDrive.exe,routine process,benign
PROC-0161,2026-09-16T20:02:37Z,HR-WS-04,SYSTEM,explorer.exe,profile.exe,routine process,benign
PROC-0342,2026-09-16T21:16:41Z,FIN-WS-09,ACME\\mgarcia,explorer.exe,OneDrive.exe,routine process,benign
PROC-0530,2026-09-16T21:38:54Z,FIN-WS-09,SYSTEM,explorer.exe,Teams.exe,routine process,benign
PROC-0401,2026-09-16T21:44:32Z,MGMT-01,ACME\\lchen,explorer.exe,profile.exe,routine process,benign
PROC-0204,2026-09-16T21:49:43Z,JUMP-01,SYSTEM,explorer.exe,OneDrive.exe,routine process,benign
PROC-0534,2026-09-16T21:53:30Z,MGMT-01,SYSTEM,explorer.exe,OneDrive.exe,routine process,benign
PROC-0103,2026-09-16T21:54:08Z,ENG-WS-17,ACME\\jsmith,explorer.exe,cmd.exe,routine process,benign
PROC-0505,2026-09-16T22:02:47Z,JUMP-01,ACME\\lchen,explorer.exe,cmd.exe,routine process,benign
PROC-0197,2026-09-16T22:13:14Z,HR-WS-04,ACME\\jsmith,explorer.exe,Teams.exe,routine process,benign
PROC-0266,2026-09-16T22:27:38Z,ENG-WS-17,ACME\\lchen,explorer.exe,cmd.exe,routine process,benign
PROC-0544,2026-09-16T22:41:19Z,ENG-WS-17,ACME\\mgarcia,explorer.exe,OneDrive.exe,routine process,benign
PROC-0241,2026-09-16T22:42:38Z,FIN-WS-09,SYSTEM,explorer.exe,Teams.exe,routine process,benign
PROC-0172,2026-09-16T22:53:55Z,DC-01,ACME\\mgarcia,explorer.exe,OneDrive.exe,routine process,benign
PROC-0249,2026-09-16T23:08:26Z,MGMT-01,ACME\\jsmith,explorer.exe,cmd.exe,routine process,benign
PROC-0451,2026-09-16T23:13:52Z,HR-WS-04,ACME\\jsmith,explorer.exe,OneDrive.exe,routine process,benign
PROC-0569,2026-09-16T23:24:24Z,JUMP-01,ACME\\lchen,explorer.exe,OneDrive.exe,routine process,benign
PROC-0531,2026-09-16T23:42:30Z,JUMP-01,SYSTEM,explorer.exe,Teams.exe,routine process,benign
PROC-0123,2026-09-16T23:44:49Z,ENG-WS-17,ACME\\jsmith,explorer.exe,profile.exe,routine process,benign
PROC-0309,2026-09-16T23:44:52Z,ENG-WS-17,ACME\\jsmith,explorer.exe,Teams.exe,routine process,benign
PROC-0180,2026-09-16T23:47:30Z,MGMT-01,SYSTEM,explorer.exe,cmd.exe,routine process,benign
PROC-0139,2026-09-17T00:12:29Z,MGMT-01,ACME\\mgarcia,explorer.exe,Teams.exe,routine process,benign
PROC-0162,2026-09-17T00:27:38Z,JUMP-01,ACME\\jsmith,explorer.exe,cmd.exe,routine process,benign
PROC-0387,2026-09-17T00:39:42Z,DC-01,ACME\\mgarcia,explorer.exe,cmd.exe,routine process,benign
PROC-0261,2026-09-17T01:07:12Z,FIN-WS-09,ACME\\mgarcia,explorer.exe,Teams.exe,routine process,benign
PROC-0580,2026-09-17T01:14:23Z,HR-WS-04,SYSTEM,explorer.exe,OneDrive.exe,routine process,benign
PROC-0326,2026-09-17T01:17:44Z,ENG-WS-17,SYSTEM,explorer.exe,cmd.exe,routine process,benign
PROC-0523,2026-09-17T01:22:03Z,MGMT-01,ACME\\lchen,explorer.exe,OneDrive.exe,routine process,benign
PROC-0322,2026-09-17T01:58:39Z,MGMT-01,ACME\\lchen,explorer.exe,profile.exe,routine process,benign
PROC-0175,2026-09-17T02:05:30Z,ENG-WS-17,ACME\\mgarcia,explorer.exe,Teams.exe,routine process,benign
PROC-0302,2026-09-17T02:18:58Z,MGMT-01,ACME\\lchen,explorer.exe,Teams.exe,routine process,benign
PROC-0195,2026-09-17T02:21:37Z,DC-01,ACME\\jsmith,explorer.exe,profile.exe,routine process,benign
PROC-0229,2026-09-17T02:31:14Z,MGMT-01,SYSTEM,explorer.exe,profile.exe,routine process,benign
PROC-0226,2026-09-17T02:36:08Z,FIN-WS-09,ACME\\jsmith,explorer.exe,OneDrive.exe,routine process,benign
PROC-0592,2026-09-17T02:49:00Z,FIN-WS-09,ACME\\mgarcia,explorer.exe,OneDrive.exe,routine process,benign
PROC-0433,2026-09-17T03:33:48Z,FIN-WS-09,ACME\\lchen,explorer.exe,cmd.exe,routine process,benign
PROC-0215,2026-09-17T03:58:37Z,MGMT-01,ACME\\lchen,explorer.exe,OneDrive.exe,routine process,benign
PROC-0589,2026-09-17T03:59:19Z,JUMP-01,ACME\\lchen,explorer.exe,cmd.exe,routine process,benign
PROC-0340,2026-09-17T04:17:15Z,JUMP-01,ACME\\mgarcia,explorer.exe,OneDrive.exe,routine process,benign
PROC-0114,2026-09-17T04:35:28Z,HR-WS-04,ACME\\mgarcia,explorer.exe,cmd.exe,routine process,benign
PROC-0469,2026-09-17T04:53:08Z,HR-WS-04,SYSTEM,explorer.exe,profile.exe,routine process,benign
PROC-0444,2026-09-17T04:57:16Z,JUMP-01,ACME\\jsmith,explorer.exe,cmd.exe,routine process,benign
PROC-0435,2026-09-17T05:11:45Z,ENG-WS-17,ACME\\mgarcia,explorer.exe,Teams.exe,routine process,benign
PROC-0473,2026-09-17T05:20:05Z,MGMT-01,ACME\\lchen,explorer.exe,Teams.exe,routine process,benign
PROC-0260,2026-09-17T05:23:43Z,ENG-WS-17,ACME\\mgarcia,explorer.exe,profile.exe,routine process,benign
PROC-0234,2026-09-17T05:29:44Z,JUMP-01,SYSTEM,explorer.exe,profile.exe,routine process,benign
PROC-0210,2026-09-17T05:40:25Z,DC-01,ACME\\jsmith,explorer.exe,Teams.exe,routine process,benign
PROC-0156,2026-09-17T05:50:29Z,JUMP-01,ACME\\lchen,explorer.exe,profile.exe,routine process,benign
PROC-0144,2026-09-17T06:18:33Z,FIN-WS-09,ACME\\lchen,explorer.exe,OneDrive.exe,routine process,benign
PROC-0312,2026-09-17T06:26:23Z,MGMT-01,ACME\\lchen,explorer.exe,cmd.exe,routine process,benign
PROC-0148,2026-09-17T06:28:44Z,HR-WS-04,ACME\\mgarcia,explorer.exe,OneDrive.exe,routine process,benign
PROC-0402,2026-09-17T06:36:26Z,DC-01,ACME\\jsmith,explorer.exe,OneDrive.exe,routine process,benign
PROC-0120,2026-09-17T06:40:21Z,DC-01,SYSTEM,explorer.exe,Teams.exe,routine process,benign
PROC-0240,2026-09-17T06:41:46Z,MGMT-01,ACME\\jsmith,explorer.exe,cmd.exe,routine process,benign
PROC-0429,2026-09-17T06:43:17Z,DC-01,ACME\\jsmith,explorer.exe,profile.exe,routine process,benign
PROC-0474,2026-09-17T06:47:59Z,JUMP-01,ACME\\mgarcia,explorer.exe,Teams.exe,routine process,benign
PROC-0405,2026-09-17T06:55:19Z,ENG-WS-17,SYSTEM,explorer.exe,Teams.exe,routine process,benign
PROC-0154,2026-09-17T07:04:28Z,DC-01,ACME\\jsmith,explorer.exe,cmd.exe,routine process,benign
PROC-0235,2026-09-17T07:04:41Z,FIN-WS-09,ACME\\jsmith,explorer.exe,Teams.exe,routine process,benign
PROC-0449,2026-09-17T07:07:25Z,JUMP-01,ACME\\jsmith,explorer.exe,cmd.exe,routine process,benign
PROC-0125,2026-09-17T07:31:31Z,DC-01,ACME\\mgarcia,explorer.exe,OneDrive.exe,routine process,benign
PROC-0588,2026-09-17T07:45:20Z,MGMT-01,ACME\\mgarcia,explorer.exe,OneDrive.exe,routine process,benign
PROC-0532,2026-09-17T07:46:27Z,JUMP-01,ACME\\jsmith,explorer.exe,OneDrive.exe,routine process,benign
PROC-0252,2026-09-17T07:47:45Z,JUMP-01,ACME\\mgarcia,explorer.exe,OneDrive.exe,routine process,benign
PROC-0143,2026-09-17T08:03:08Z,HR-WS-04,SYSTEM,explorer.exe,profile.exe,routine process,benign
PROC-0568,2026-09-17T08:05:37Z,FIN-WS-09,ACME\\lchen,explorer.exe,profile.exe,routine process,benign
PROC-0468,2026-09-17T08:10:58Z,FIN-WS-09,ACME\\mgarcia,explorer.exe,profile.exe,routine process,benign
PROC-0461,2026-09-17T08:36:49Z,ENG-WS-17,ACME\\jsmith,explorer.exe,OneDrive.exe,routine process,benign
PROC-0264,2026-09-17T08:39:17Z,FIN-WS-09,ACME\\jsmith,explorer.exe,OneDrive.exe,routine process,benign
PROC-0220,2026-09-17T08:43:26Z,DC-01,ACME\\mgarcia,explorer.exe,cmd.exe,routine process,benign
PROC-0200,2026-09-17T08:54:08Z,HR-WS-04,ACME\\lchen,explorer.exe,cmd.exe,routine process,benign
PROC-0268,2026-09-17T08:58:35Z,ENG-WS-17,ACME\\lchen,explorer.exe,profile.exe,routine process,benign
PROC-0124,2026-09-17T09:04:27Z,ENG-WS-17,ACME\\jsmith,explorer.exe,cmd.exe,routine process,benign
PROC-0528,2026-09-17T09:18:15Z,FIN-WS-09,ACME\\lchen,explorer.exe,Teams.exe,routine process,benign
PROC-0464,2026-09-17T09:26:06Z,DC-01,ACME\\jsmith,explorer.exe,profile.exe,routine process,benign
PROC-0332,2026-09-17T09:36:26Z,DC-01,ACME\\mgarcia,explorer.exe,cmd.exe,routine process,benign
PROC-0516,2026-09-17T09:46:41Z,ENG-WS-17,ACME\\lchen,explorer.exe,cmd.exe,routine process,benign
PROC-0187,2026-09-17T10:03:54Z,FIN-WS-09,SYSTEM,explorer.exe,cmd.exe,routine process,benign
PROC-0501,2026-09-17T10:10:08Z,DC-01,ACME\\lchen,explorer.exe,Teams.exe,routine process,benign
PROC-0378,2026-09-17T10:14:12Z,FIN-WS-09,ACME\\mgarcia,explorer.exe,OneDrive.exe,routine process,benign
PROC-0104,2026-09-17T10:20:53Z,JUMP-01,SYSTEM,explorer.exe,cmd.exe,routine process,benign
PROC-0419,2026-09-17T10:26:28Z,FIN-WS-09,ACME\\jsmith,explorer.exe,profile.exe,routine process,benign
PROC-0372,2026-09-17T10:37:28Z,MGMT-01,SYSTEM,explorer.exe,cmd.exe,routine process,benign
PROC-0536,2026-09-17T10:46:51Z,DC-01,ACME\\mgarcia,explorer.exe,Teams.exe,routine process,benign
PROC-0583,2026-09-17T10:48:26Z,HR-WS-04,ACME\\lchen,explorer.exe,cmd.exe,routine process,benign
PROC-0525,2026-09-17T10:56:00Z,ENG-WS-17,ACME\\lchen,explorer.exe,cmd.exe,routine process,benign
PROC-0454,2026-09-17T10:58:33Z,FIN-WS-09,SYSTEM,explorer.exe,Teams.exe,routine process,benign
PROC-0262,2026-09-17T11:02:58Z,MGMT-01,SYSTEM,explorer.exe,OneDrive.exe,routine process,benign
PROC-0339,2026-09-17T11:11:42Z,MGMT-01,ACME\\mgarcia,explorer.exe,profile.exe,routine process,benign
PROC-0455,2026-09-17T11:12:37Z,MGMT-01,SYSTEM,explorer.exe,Teams.exe,routine process,benign
PROC-0330,2026-09-17T11:13:17Z,FIN-WS-09,SYSTEM,explorer.exe,profile.exe,routine process,benign
PROC-0130,2026-09-17T11:30:46Z,DC-01,SYSTEM,explorer.exe,Teams.exe,routine process,benign
PROC-0350,2026-09-17T11:38:27Z,FIN-WS-09,ACME\\mgarcia,explorer.exe,profile.exe,routine process,benign
PROC-0157,2026-09-17T11:41:19Z,ENG-WS-17,SYSTEM,explorer.exe,profile.exe,routine process,benign
PROC-0382,2026-09-17T11:43:01Z,DC-01,SYSTEM,explorer.exe,profile.exe,routine process,benign
PROC-0274,2026-09-17T11:54:54Z,MGMT-01,ACME\\jsmith,explorer.exe,OneDrive.exe,routine process,benign
PROC-0477,2026-09-17T12:03:10Z,JUMP-01,ACME\\jsmith,explorer.exe,profile.exe,routine process,benign
PROC-0300,2026-09-17T12:14:04Z,DC-01,SYSTEM,explorer.exe,profile.exe,routine process,benign
PROC-0443,2026-09-17T12:17:14Z,DC-01,ACME\\lchen,explorer.exe,profile.exe,routine process,benign
PROC-0146,2026-09-17T12:25:26Z,HR-WS-04,ACME\\jsmith,explorer.exe,Teams.exe,routine process,benign
PROC-0371,2026-09-17T12:30:41Z,ENG-WS-17,ACME\\jsmith,explorer.exe,profile.exe,routine process,benign
PROC-0575,2026-09-17T12:39:58Z,FIN-WS-09,ACME\\mgarcia,explorer.exe,OneDrive.exe,routine process,benign
PROC-0242,2026-09-17T12:41:47Z,JUMP-01,ACME\\jsmith,explorer.exe,OneDrive.exe,routine process,benign
PROC-0388,2026-09-17T12:45:29Z,HR-WS-04,SYSTEM,explorer.exe,Teams.exe,routine process,benign
PROC-0343,2026-09-17T12:53:10Z,DC-01,ACME\\lchen,explorer.exe,cmd.exe,routine process,benign
PROC-0591,2026-09-17T13:01:30Z,MGMT-01,ACME\\lchen,explorer.exe,profile.exe,routine process,benign
PROC-0413,2026-09-17T13:12:03Z,ENG-WS-17,ACME\\lchen,explorer.exe,cmd.exe,routine process,benign
PROC-0533,2026-09-17T13:21:27Z,MGMT-01,ACME\\lchen,explorer.exe,OneDrive.exe,routine process,benign
PROC-0159,2026-09-17T13:39:20Z,JUMP-01,ACME\\jsmith,explorer.exe,Teams.exe,routine process,benign
PROC-0497,2026-09-17T14:16:09Z,ENG-WS-17,ACME\\mgarcia,explorer.exe,profile.exe,routine process,benign
PROC-0251,2026-09-17T14:16:47Z,MGMT-01,SYSTEM,explorer.exe,profile.exe,routine process,benign
PROC-0377,2026-09-17T14:25:13Z,MGMT-01,ACME\\jsmith,explorer.exe,OneDrive.exe,routine process,benign
PROC-0515,2026-09-17T14:35:19Z,JUMP-01,ACME\\lchen,explorer.exe,Teams.exe,routine process,benign
PROC-0163,2026-09-17T14:38:09Z,ENG-WS-17,SYSTEM,explorer.exe,cmd.exe,routine process,benign
PROC-0364,2026-09-17T15:07:40Z,ENG-WS-17,ACME\\mgarcia,explorer.exe,Teams.exe,routine process,benign
PROC-0223,2026-09-17T15:09:38Z,DC-01,ACME\\mgarcia,explorer.exe,cmd.exe,routine process,benign
PROC-0352,2026-09-17T15:09:42Z,DC-01,SYSTEM,explorer.exe,cmd.exe,routine process,benign
PROC-0494,2026-09-17T15:17:41Z,MGMT-01,ACME\\lchen,explorer.exe,Teams.exe,routine process,benign
PROC-0227,2026-09-17T15:26:01Z,MGMT-01,SYSTEM,explorer.exe,cmd.exe,routine process,benign
PROC-0560,2026-09-17T15:40:00Z,HR-WS-04,ACME\\lchen,explorer.exe,profile.exe,routine process,benign
PROC-0177,2026-09-17T15:51:00Z,ENG-WS-17,ACME\\mgarcia,explorer.exe,Teams.exe,routine process,benign
PROC-0439,2026-09-17T16:00:16Z,MGMT-01,ACME\\mgarcia,explorer.exe,OneDrive.exe,routine process,benign
PROC-0593,2026-09-17T16:01:15Z,DC-01,ACME\\lchen,explorer.exe,Teams.exe,routine process,benign
PROC-0442,2026-09-17T16:02:27Z,ENG-WS-17,SYSTEM,explorer.exe,profile.exe,routine process,benign
PROC-0540,2026-09-17T16:29:21Z,ENG-WS-17,ACME\\mgarcia,explorer.exe,cmd.exe,routine process,benign
PROC-0188,2026-09-17T16:31:01Z,MGMT-01,SYSTEM,explorer.exe,cmd.exe,routine process,benign
PROC-0374,2026-09-17T16:52:58Z,FIN-WS-09,ACME\\mgarcia,explorer.exe,cmd.exe,routine process,benign
PROC-0513,2026-09-17T16:57:43Z,JUMP-01,ACME\\jsmith,explorer.exe,profile.exe,routine process,benign
PROC-0431,2026-09-17T17:41:55Z,ENG-WS-17,ACME\\jsmith,explorer.exe,Teams.exe,routine process,benign
PROC-0151,2026-09-17T17:42:20Z,DC-01,ACME\\lchen,explorer.exe,OneDrive.exe,routine process,benign
PROC-0395,2026-09-17T17:46:00Z,MGMT-01,ACME\\lchen,explorer.exe,cmd.exe,routine process,benign
PROC-0221,2026-09-17T17:59:14Z,FIN-WS-09,SYSTEM,explorer.exe,profile.exe,routine process,benign
PROC-0440,2026-09-17T18:08:46Z,ENG-WS-17,ACME\\lchen,explorer.exe,Teams.exe,routine process,benign
PROC-0303,2026-09-17T18:13:04Z,FIN-WS-09,ACME\\lchen,explorer.exe,OneDrive.exe,routine process,benign
PROC-0572,2026-09-17T18:16:53Z,ENG-WS-17,SYSTEM,explorer.exe,OneDrive.exe,routine process,benign
PROC-0361,2026-09-17T18:18:47Z,JUMP-01,SYSTEM,explorer.exe,OneDrive.exe,routine process,benign
PROC-0558,2026-09-17T18:22:22Z,MGMT-01,SYSTEM,explorer.exe,Teams.exe,routine process,benign
PROC-0259,2026-09-17T18:48:22Z,MGMT-01,ACME\\jsmith,explorer.exe,cmd.exe,routine process,benign
PROC-0196,2026-09-17T18:53:46Z,FIN-WS-09,ACME\\jsmith,explorer.exe,Teams.exe,routine process,benign
PROC-0129,2026-09-17T18:57:38Z,MGMT-01,ACME\\jsmith,explorer.exe,cmd.exe,routine process,benign
PROC-0325,2026-09-17T19:13:57Z,JUMP-01,ACME\\mgarcia,explorer.exe,OneDrive.exe,routine process,benign
PROC-0542,2026-09-17T19:14:49Z,FIN-WS-09,ACME\\mgarcia,explorer.exe,OneDrive.exe,routine process,benign
PROC-0365,2026-09-17T19:30:26Z,JUMP-01,ACME\\mgarcia,explorer.exe,profile.exe,routine process,benign
PROC-0295,2026-09-17T19:58:27Z,HR-WS-04,ACME\\lchen,explorer.exe,OneDrive.exe,routine process,benign
PROC-0489,2026-09-17T20:08:06Z,MGMT-01,ACME\\mgarcia,explorer.exe,Teams.exe,routine process,benign
PROC-0269,2026-09-17T20:30:39Z,JUMP-01,ACME\\lchen,explorer.exe,Teams.exe,routine process,benign
PROC-0359,2026-09-17T20:47:41Z,JUMP-01,ACME\\mgarcia,explorer.exe,profile.exe,routine process,benign
PROC-0169,2026-09-17T20:59:59Z,DC-01,ACME\\jsmith,explorer.exe,OneDrive.exe,routine process,benign
PROC-0118,2026-09-17T21:00:19Z,MGMT-01,ACME\\jsmith,explorer.exe,OneDrive.exe,routine process,benign
PROC-0557,2026-09-17T21:09:51Z,HR-WS-04,ACME\\lchen,explorer.exe,cmd.exe,routine process,benign
PROC-0291,2026-09-17T21:15:11Z,DC-01,ACME\\mgarcia,explorer.exe,Teams.exe,routine process,benign
PROC-0133,2026-09-17T21:26:22Z,MGMT-01,ACME\\lchen,explorer.exe,cmd.exe,routine process,benign
PROC-0504,2026-09-17T21:28:40Z,ENG-WS-17,SYSTEM,explorer.exe,OneDrive.exe,routine process,benign
PROC-0233,2026-09-17T21:57:49Z,DC-01,ACME\\jsmith,explorer.exe,Teams.exe,routine process,benign
PROC-0158,2026-09-17T22:01:39Z,JUMP-01,ACME\\jsmith,explorer.exe,cmd.exe,routine process,benign
PROC-0317,2026-09-17T22:19:19Z,ENG-WS-17,SYSTEM,explorer.exe,profile.exe,routine process,benign
PROC-0109,2026-09-17T22:23:54Z,DC-01,ACME\\lchen,explorer.exe,cmd.exe,routine process,benign
PROC-0263,2026-09-17T22:38:01Z,JUMP-01,ACME\\lchen,explorer.exe,profile.exe,routine process,benign
PROC-0375,2026-09-17T23:07:47Z,ENG-WS-17,ACME\\mgarcia,explorer.exe,profile.exe,routine process,benign
PROC-0164,2026-09-17T23:16:52Z,MGMT-01,ACME\\mgarcia,explorer.exe,OneDrive.exe,routine process,benign
PROC-0318,2026-09-17T23:33:25Z,MGMT-01,ACME\\mgarcia,explorer.exe,profile.exe,routine process,benign
PROC-0527,2026-09-17T23:38:19Z,ENG-WS-17,ACME\\mgarcia,explorer.exe,OneDrive.exe,routine process,benign
PROC-0422,2026-09-17T23:38:27Z,FIN-WS-09,SYSTEM,explorer.exe,profile.exe,routine process,benign
PROC-0447,2026-09-17T23:43:32Z,HR-WS-04,ACME\\mgarcia,explorer.exe,cmd.exe,routine process,benign
PROC-0357,2026-09-17T23:48:07Z,FIN-WS-09,ACME\\jsmith,explorer.exe,OneDrive.exe,routine process,benign
PROC-0403,2026-09-18T00:35:21Z,HR-WS-04,ACME\\jsmith,explorer.exe,cmd.exe,routine process,benign
PROC-0484,2026-09-18T00:37:49Z,ENG-WS-17,SYSTEM,explorer.exe,profile.exe,routine process,benign
PROC-0380,2026-09-18T01:19:09Z,MGMT-01,ACME\\jsmith,explorer.exe,profile.exe,routine process,benign
PROC-0201,2026-09-18T01:34:46Z,MGMT-01,ACME\\jsmith,explorer.exe,Teams.exe,routine process,benign
PROC-0141,2026-09-18T01:39:44Z,MGMT-01,ACME\\mgarcia,explorer.exe,cmd.exe,routine process,benign
PROC-0117,2026-09-18T02:05:34Z,ENG-WS-17,ACME\\jsmith,explorer.exe,cmd.exe,routine process,benign
PROC-0503,2026-09-18T02:36:38Z,HR-WS-04,SYSTEM,explorer.exe,cmd.exe,routine process,benign
PROC-0574,2026-09-18T02:44:40Z,ENG-WS-17,ACME\\mgarcia,explorer.exe,Teams.exe,routine process,benign
PROC-0126,2026-09-18T03:03:27Z,MGMT-01,ACME\\jsmith,explorer.exe,cmd.exe,routine process,benign
PROC-0399,2026-09-18T03:31:09Z,DC-01,ACME\\mgarcia,explorer.exe,Teams.exe,routine process,benign
PROC-0278,2026-09-18T03:48:33Z,ENG-WS-17,ACME\\lchen,explorer.exe,Teams.exe,routine process,benign
PROC-0257,2026-09-18T04:29:17Z,JUMP-01,ACME\\mgarcia,explorer.exe,cmd.exe,routine process,benign
PROC-0282,2026-09-18T04:35:25Z,FIN-WS-09,SYSTEM,explorer.exe,profile.exe,routine process,benign
PROC-0470,2026-09-18T05:00:15Z,HR-WS-04,SYSTEM,explorer.exe,OneDrive.exe,routine process,benign
PROC-0194,2026-09-18T05:01:14Z,FIN-WS-09,ACME\\jsmith,explorer.exe,profile.exe,routine process,benign
PROC-0191,2026-09-18T05:42:18Z,JUMP-01,ACME\\mgarcia,explorer.exe,OneDrive.exe,routine process,benign
PROC-0508,2026-09-18T05:43:27Z,DC-01,ACME\\mgarcia,explorer.exe,Teams.exe,routine process,benign
PROC-0131,2026-09-18T05:52:45Z,ENG-WS-17,ACME\\lchen,explorer.exe,profile.exe,routine process,benign
PROC-0149,2026-09-18T06:21:50Z,ENG-WS-17,SYSTEM,explorer.exe,OneDrive.exe,routine process,benign
PROC-0368,2026-09-18T06:24:00Z,DC-01,SYSTEM,explorer.exe,OneDrive.exe,routine process,benign
PROC-0543,2026-09-18T06:32:35Z,MGMT-01,SYSTEM,explorer.exe,OneDrive.exe,routine process,benign
PROC-0397,2026-09-18T06:40:18Z,HR-WS-04,SYSTEM,explorer.exe,Teams.exe,routine process,benign
PROC-0390,2026-09-18T07:09:39Z,MGMT-01,ACME\\mgarcia,explorer.exe,profile.exe,routine process,benign
PROC-0355,2026-09-18T07:12:39Z,MGMT-01,ACME\\mgarcia,explorer.exe,OneDrive.exe,routine process,benign
PROC-0424,2026-09-18T07:24:11Z,HR-WS-04,ACME\\jsmith,explorer.exe,Teams.exe,routine process,benign
PROC-0304,2026-09-18T07:24:32Z,MGMT-01,ACME\\mgarcia,explorer.exe,profile.exe,routine process,benign
PROC-0301,2026-09-18T07:48:46Z,HR-WS-04,ACME\\mgarcia,explorer.exe,profile.exe,routine process,benign
PROC-0430,2026-09-18T08:18:28Z,ENG-WS-17,ACME\\jsmith,explorer.exe,Teams.exe,routine process,benign
PROC-0535,2026-09-18T08:44:47Z,ENG-WS-17,SYSTEM,explorer.exe,cmd.exe,routine process,benign
PROC-0450,2026-09-18T08:57:48Z,JUMP-01,ACME\\lchen,explorer.exe,Teams.exe,routine process,benign
PROC-0256,2026-09-18T09:22:11Z,JUMP-01,ACME\\mgarcia,explorer.exe,OneDrive.exe,routine process,benign
PROC-0184,2026-09-18T09:36:24Z,MGMT-01,ACME\\lchen,explorer.exe,profile.exe,routine process,benign
PROC-0499,2026-09-18T09:45:30Z,DC-01,ACME\\jsmith,explorer.exe,OneDrive.exe,routine process,benign
PROC-0409,2026-09-18T09:54:19Z,DC-01,ACME\\lchen,explorer.exe,Teams.exe,routine process,benign
PROC-0441,2026-09-18T09:56:36Z,JUMP-01,ACME\\mgarcia,explorer.exe,OneDrive.exe,routine process,benign
PROC-0459,2026-09-18T09:56:44Z,MGMT-01,ACME\\jsmith,explorer.exe,profile.exe,routine process,benign
PROC-0348,2026-09-18T10:07:57Z,ENG-WS-17,ACME\\mgarcia,explorer.exe,Teams.exe,routine process,benign
PROC-0336,2026-09-18T10:16:11Z,FIN-WS-09,ACME\\jsmith,explorer.exe,cmd.exe,routine process,benign
PROC-0526,2026-09-18T10:16:48Z,JUMP-01,ACME\\lchen,explorer.exe,profile.exe,routine process,benign
PROC-0297,2026-09-18T10:40:59Z,MGMT-01,ACME\\lchen,explorer.exe,cmd.exe,routine process,benign
PROC-0170,2026-09-18T10:43:45Z,FIN-WS-09,ACME\\lchen,explorer.exe,Teams.exe,routine process,benign
PROC-0518,2026-09-18T10:53:20Z,HR-WS-04,SYSTEM,explorer.exe,Teams.exe,routine process,benign
PROC-0198,2026-09-18T11:25:07Z,JUMP-01,SYSTEM,explorer.exe,profile.exe,routine process,benign
PROC-0586,2026-09-18T11:29:49Z,HR-WS-04,ACME\\lchen,explorer.exe,cmd.exe,routine process,benign
PROC-0333,2026-09-18T11:54:51Z,JUMP-01,SYSTEM,explorer.exe,cmd.exe,routine process,benign
