event_id,_time,host,user,source_type,item_name,target_path,provenance,classification
CFG-0142,2026-09-14T12:01:27Z,FIN-WS-09,ACME\\jsmith,Application startup,Teams,routine startup target,approved,benign
CFG-0554,2026-09-14T12:08:01Z,JUMP-01,ACME\\lchen,Application startup,Teams,routine startup target,approved,benign
CFG-0160,2026-09-14T12:13:45Z,MGMT-01,ACME\\lchen,Application startup,OneDrive,routine startup target,approved,benign
CFG-0176,2026-09-14T12:14:07Z,FIN-WS-09,SYSTEM,Startup folder,OneDrive,routine startup target,approved,benign
CFG-0163,2026-09-14T12:15:32Z,FIN-WS-09,ACME\\jsmith,Application startup,Teams,routine startup target,approved,benign
CFG-0103,2026-09-14T12:49:20Z,DC-01,ACME\\jsmith,Startup folder,Teams,routine startup target,approved,benign
CFG-0471,2026-09-14T13:17:23Z,MGMT-01,SYSTEM,Enterprise logon policy,MapDrives,routine startup target,approved,benign
CFG-0458,2026-09-14T13:17:32Z,FIN-WS-09,ACME\\jsmith,Startup folder,OneDrive,routine startup target,approved,benign
CFG-0272,2026-09-14T13:33:57Z,ENG-WS-17,ACME\\lchen,Startup folder,OneDrive,routine startup target,approved,benign
CFG-INC-001,2026-09-14T14:18:00Z,FIN-WS-09,ACME\\lchen,User startup configuration,OneDriveHealth,C:\\Users\\lchen\\AppData\\Roaming\\Microsoft\\OneDriveHealth\\sync.ps1,local user state,investigate
CFG-0342,2026-09-14T14:19:23Z,FIN-WS-09,ACME\\jsmith,Startup folder,DisplayProfile,routine startup target,approved,benign
CFG-0381,2026-09-14T14:26:38Z,FIN-WS-09,ACME\\mgarcia,Enterprise logon policy,MapDrives,routine startup target,approved,benign
CFG-BEN-001,2026-09-14T14:29:45Z,FIN-WS-09,ACME\\lchen,Enterprise logon policy,MapDrives,SYSVOL\\scripts\\mapdrives.cmd,central policy,benign
CFG-BEN-002,2026-09-14T14:30:05Z,FIN-WS-09,ACME\\lchen,Application startup,Teams,Microsoft Teams Update,signed application,benign
CFG-BEN-003,2026-09-14T14:30:07Z,FIN-WS-09,ACME\\lchen,Startup folder,DisplayProfile,ACME DisplayProfile,approved user utility,benign
CFG-0511,2026-09-14T14:33:57Z,HR-WS-04,SYSTEM,Application startup,MapDrives,routine startup target,approved,benign
CFG-0527,2026-09-14T14:34:47Z,JUMP-01,ACME\\lchen,Enterprise logon policy,OneDrive,routine startup target,approved,benign
CFG-0300,2026-09-14T14:40:23Z,DC-01,ACME\\lchen,Application startup,MapDrives,routine startup target,approved,benign
CFG-0506,2026-09-14T14:40:36Z,FIN-WS-09,ACME\\mgarcia,Startup folder,DisplayProfile,routine startup target,approved,benign
CFG-0358,2026-09-14T14:54:06Z,JUMP-01,ACME\\jsmith,Startup folder,OneDrive,routine startup target,approved,benign
CFG-0295,2026-09-14T15:13:09Z,HR-WS-04,ACME\\lchen,Startup folder,MapDrives,routine startup target,approved,benign
CFG-0157,2026-09-14T15:13:29Z,FIN-WS-09,ACME\\mgarcia,Application startup,OneDrive,routine startup target,approved,benign
CFG-0441,2026-09-14T15:19:18Z,ENG-WS-17,ACME\\mgarcia,Application startup,Teams,routine startup target,approved,benign
CFG-0484,2026-09-14T15:22:59Z,JUMP-01,ACME\\lchen,Startup folder,Teams,routine startup target,approved,benign
CFG-0233,2026-09-14T15:29:41Z,HR-WS-04,ACME\\lchen,Enterprise logon policy,DisplayProfile,routine startup target,approved,benign
CFG-0114,2026-09-14T15:55:06Z,FIN-WS-09,ACME\\mgarcia,Enterprise logon policy,DisplayProfile,routine startup target,approved,benign
CFG-0490,2026-09-14T16:11:00Z,FIN-WS-09,SYSTEM,Startup folder,Teams,routine startup target,approved,benign
CFG-0418,2026-09-14T16:29:08Z,MGMT-01,ACME\\lchen,Application startup,Teams,routine startup target,approved,benign
CFG-0391,2026-09-14T16:36:37Z,ENG-WS-17,ACME\\jsmith,Enterprise logon policy,DisplayProfile,routine startup target,approved,benign
CFG-0564,2026-09-14T16:40:37Z,DC-01,ACME\\jsmith,Enterprise logon policy,DisplayProfile,routine startup target,approved,benign
CFG-0207,2026-09-14T17:10:45Z,DC-01,ACME\\mgarcia,Application startup,DisplayProfile,routine startup target,approved,benign
CFG-0448,2026-09-14T17:50:22Z,HR-WS-04,ACME\\mgarcia,Startup folder,Teams,routine startup target,approved,benign
CFG-0592,2026-09-14T18:04:10Z,DC-01,ACME\\lchen,Application startup,OneDrive,routine startup target,approved,benign
CFG-0278,2026-09-14T18:06:14Z,FIN-WS-09,SYSTEM,Startup folder,Teams,routine startup target,approved,benign
CFG-0198,2026-09-14T18:14:35Z,MGMT-01,ACME\\mgarcia,Application startup,OneDrive,routine startup target,approved,benign
CFG-0408,2026-09-14T18:21:23Z,MGMT-01,ACME\\lchen,Startup folder,DisplayProfile,routine startup target,approved,benign
CFG-0204,2026-09-14T18:39:56Z,ENG-WS-17,ACME\\mgarcia,Application startup,MapDrives,routine startup target,approved,benign
CFG-0363,2026-09-14T18:47:39Z,MGMT-01,ACME\\mgarcia,Enterprise logon policy,Teams,routine startup target,approved,benign
CFG-0485,2026-09-14T18:49:35Z,DC-01,SYSTEM,Application startup,OneDrive,routine startup target,approved,benign
CFG-0543,2026-09-14T18:54:19Z,FIN-WS-09,ACME\\mgarcia,Startup folder,Teams,routine startup target,approved,benign
CFG-0354,2026-09-14T19:11:13Z,MGMT-01,ACME\\lchen,Application startup,MapDrives,routine startup target,approved,benign
CFG-0361,2026-09-14T19:12:27Z,JUMP-01,SYSTEM,Enterprise logon policy,OneDrive,routine startup target,approved,benign
CFG-0190,2026-09-14T19:14:57Z,ENG-WS-17,ACME\\jsmith,Application startup,DisplayProfile,routine startup target,approved,benign
CFG-0284,2026-09-14T19:21:21Z,HR-WS-04,SYSTEM,Startup folder,OneDrive,routine startup target,approved,benign
CFG-0203,2026-09-14T19:35:15Z,ENG-WS-17,ACME\\mgarcia,Enterprise logon policy,MapDrives,routine startup target,approved,benign
CFG-0119,2026-09-14T19:50:43Z,HR-WS-04,ACME\\lchen,Application startup,MapDrives,routine startup target,approved,benign
CFG-0286,2026-09-14T22:05:13Z,DC-01,ACME\\lchen,Application startup,DisplayProfile,routine startup target,approved,benign
CFG-0577,2026-09-14T22:31:01Z,FIN-WS-09,SYSTEM,Application startup,Teams,routine startup target,approved,benign
CFG-0258,2026-09-14T22:36:51Z,JUMP-01,ACME\\jsmith,Startup folder,OneDrive,routine startup target,approved,benign
CFG-0154,2026-09-14T22:58:34Z,JUMP-01,SYSTEM,Application startup,Teams,routine startup target,approved,benign
CFG-0533,2026-09-14T23:03:37Z,HR-WS-04,SYSTEM,Application startup,OneDrive,routine startup target,approved,benign
CFG-0193,2026-09-14T23:12:03Z,JUMP-01,ACME\\jsmith,Startup folder,MapDrives,routine startup target,approved,benign
CFG-0487,2026-09-14T23:15:20Z,HR-WS-04,ACME\\mgarcia,Enterprise logon policy,OneDrive,routine startup target,approved,benign
CFG-0250,2026-09-14T23:21:40Z,DC-01,SYSTEM,Application startup,MapDrives,routine startup target,approved,benign
CFG-0202,2026-09-14T23:36:25Z,DC-01,ACME\\lchen,Enterprise logon policy,Teams,routine startup target,approved,benign
CFG-0158,2026-09-14T23:42:40Z,JUMP-01,ACME\\lchen,Enterprise logon policy,DisplayProfile,routine startup target,approved,benign
CFG-0183,2026-09-14T23:42:57Z,HR-WS-04,SYSTEM,Application startup,DisplayProfile,routine startup target,approved,benign
CFG-0551,2026-09-14T23:56:44Z,HR-WS-04,ACME\\lchen,Startup folder,MapDrives,routine startup target,approved,benign
CFG-0332,2026-09-14T23:58:34Z,DC-01,ACME\\mgarcia,Enterprise logon policy,MapDrives,routine startup target,approved,benign
CFG-0583,2026-09-15T00:00:33Z,MGMT-01,ACME\\jsmith,Enterprise logon policy,OneDrive,routine startup target,approved,benign
CFG-0388,2026-09-15T00:12:50Z,DC-01,ACME\\mgarcia,Startup folder,MapDrives,routine startup target,approved,benign
CFG-0292,2026-09-15T01:21:57Z,JUMP-01,ACME\\jsmith,Application startup,MapDrives,routine startup target,approved,benign
CFG-0277,2026-09-15T01:42:40Z,ENG-WS-17,ACME\\lchen,Application startup,MapDrives,routine startup target,approved,benign
CFG-0118,2026-09-15T02:00:20Z,MGMT-01,ACME\\mgarcia,Application startup,MapDrives,routine startup target,approved,benign
CFG-0517,2026-09-15T02:08:02Z,FIN-WS-09,ACME\\mgarcia,Application startup,DisplayProfile,routine startup target,approved,benign
CFG-0148,2026-09-15T02:31:24Z,MGMT-01,ACME\\mgarcia,Application startup,Teams,routine startup target,approved,benign
CFG-0553,2026-09-15T02:46:40Z,FIN-WS-09,ACME\\mgarcia,Startup folder,MapDrives,routine startup target,approved,benign
CFG-0317,2026-09-15T02:57:50Z,DC-01,SYSTEM,Application startup,DisplayProfile,routine startup target,approved,benign
CFG-0182,2026-09-15T03:00:41Z,DC-01,SYSTEM,Startup folder,Teams,routine startup target,approved,benign
CFG-0299,2026-09-15T03:01:04Z,FIN-WS-09,ACME\\lchen,Startup folder,OneDrive,routine startup target,approved,benign
CFG-0206,2026-09-15T03:05:04Z,JUMP-01,ACME\\lchen,Application startup,MapDrives,routine startup target,approved,benign
CFG-0492,2026-09-15T03:11:23Z,FIN-WS-09,ACME\\lchen,Application startup,DisplayProfile,routine startup target,approved,benign
CFG-0177,2026-09-15T03:17:34Z,FIN-WS-09,SYSTEM,Application startup,Teams,routine startup target,approved,benign
CFG-0311,2026-09-15T03:20:07Z,ENG-WS-17,ACME\\lchen,Application startup,DisplayProfile,routine startup target,approved,benign
CFG-0465,2026-09-15T03:23:34Z,FIN-WS-09,ACME\\lchen,Application startup,Teams,routine startup target,approved,benign
CFG-0456,2026-09-15T03:24:00Z,MGMT-01,ACME\\lchen,Enterprise logon policy,DisplayProfile,routine startup target,approved,benign
CFG-0113,2026-09-15T03:45:02Z,HR-WS-04,ACME\\lchen,Enterprise logon policy,Teams,routine startup target,approved,benign
CFG-0586,2026-09-15T04:01:08Z,MGMT-01,SYSTEM,Application startup,OneDrive,routine startup target,approved,benign
CFG-0483,2026-09-15T04:03:22Z,HR-WS-04,ACME\\mgarcia,Enterprise logon policy,Teams,routine startup target,approved,benign
CFG-0392,2026-09-15T04:09:09Z,DC-01,ACME\\jsmith,Startup folder,Teams,routine startup target,approved,benign
CFG-0318,2026-09-15T04:20:31Z,ENG-WS-17,SYSTEM,Startup folder,Teams,routine startup target,approved,benign
CFG-0478,2026-09-15T04:34:37Z,DC-01,ACME\\mgarcia,Startup folder,DisplayProfile,routine startup target,approved,benign
CFG-0423,2026-09-15T04:42:38Z,JUMP-01,ACME\\mgarcia,Startup folder,Teams,routine startup target,approved,benign
CFG-0192,2026-09-15T04:45:21Z,DC-01,ACME\\jsmith,Enterprise logon policy,OneDrive,routine startup target,approved,benign
CFG-0270,2026-09-15T04:48:06Z,ENG-WS-17,ACME\\jsmith,Enterprise logon policy,DisplayProfile,routine startup target,approved,benign
CFG-0104,2026-09-15T04:50:02Z,FIN-WS-09,ACME\\jsmith,Application startup,DisplayProfile,routine startup target,approved,benign
CFG-0547,2026-09-15T05:04:16Z,ENG-WS-17,ACME\\lchen,Startup folder,OneDrive,routine startup target,approved,benign
CFG-0326,2026-09-15T05:20:56Z,HR-WS-04,ACME\\mgarcia,Application startup,MapDrives,routine startup target,approved,benign
CFG-0305,2026-09-15T05:57:17Z,ENG-WS-17,ACME\\lchen,Enterprise logon policy,MapDrives,routine startup target,approved,benign
CFG-0255,2026-09-15T06:05:43Z,JUMP-01,SYSTEM,Startup folder,Teams,routine startup target,approved,benign
CFG-0510,2026-09-15T06:23:15Z,HR-WS-04,ACME\\jsmith,Enterprise logon policy,Teams,routine startup target,approved,benign
CFG-0246,2026-09-15T06:41:05Z,DC-01,ACME\\mgarcia,Enterprise logon policy,Teams,routine startup target,approved,benign
CFG-0215,2026-09-15T06:51:51Z,ENG-WS-17,SYSTEM,Enterprise logon policy,MapDrives,routine startup target,approved,benign
CFG-0149,2026-09-15T07:23:43Z,JUMP-01,ACME\\mgarcia,Enterprise logon policy,DisplayProfile,routine startup target,approved,benign
CFG-0419,2026-09-15T07:38:44Z,ENG-WS-17,ACME\\mgarcia,Enterprise logon policy,DisplayProfile,routine startup target,approved,benign
CFG-0217,2026-09-15T07:53:54Z,HR-WS-04,SYSTEM,Startup folder,Teams,routine startup target,approved,benign
CFG-0428,2026-09-15T08:15:14Z,MGMT-01,ACME\\jsmith,Application startup,Teams,routine startup target,approved,benign
CFG-0469,2026-09-15T08:32:36Z,MGMT-01,ACME\\mgarcia,Startup folder,OneDrive,routine startup target,approved,benign
CFG-0138,2026-09-15T08:56:46Z,ENG-WS-17,SYSTEM,Application startup,Teams,routine startup target,approved,benign
CFG-0316,2026-09-15T08:58:55Z,JUMP-01,SYSTEM,Enterprise logon policy,DisplayProfile,routine startup target,approved,benign
CFG-0454,2026-09-15T09:01:16Z,JUMP-01,ACME\\lchen,Application startup,DisplayProfile,routine startup target,approved,benign
CFG-0558,2026-09-15T09:15:00Z,FIN-WS-09,ACME\\lchen,Application startup,OneDrive,routine startup target,approved,benign
CFG-0127,2026-09-15T09:49:49Z,MGMT-01,ACME\\mgarcia,Enterprise logon policy,Teams,routine startup target,approved,benign
CFG-0170,2026-09-15T09:50:15Z,HR-WS-04,SYSTEM,Startup folder,OneDrive,routine startup target,approved,benign
CFG-0334,2026-09-15T09:57:05Z,FIN-WS-09,ACME\\lchen,Enterprise logon policy,Teams,routine startup target,approved,benign
CFG-0461,2026-09-15T10:02:00Z,HR-WS-04,ACME\\jsmith,Application startup,DisplayProfile,routine startup target,approved,benign
CFG-0196,2026-09-15T10:12:17Z,ENG-WS-17,ACME\\jsmith,Startup folder,DisplayProfile,routine startup target,approved,benign
CFG-0385,2026-09-15T10:13:54Z,DC-01,ACME\\mgarcia,Enterprise logon policy,DisplayProfile,routine startup target,approved,benign
CFG-0514,2026-09-15T10:31:13Z,JUMP-01,ACME\\jsmith,Application startup,DisplayProfile,routine startup target,approved,benign
CFG-0437,2026-09-15T10:33:07Z,JUMP-01,ACME\\lchen,Application startup,Teams,routine startup target,approved,benign
CFG-0431,2026-09-15T11:09:10Z,ENG-WS-17,ACME\\mgarcia,Enterprise logon policy,OneDrive,routine startup target,approved,benign
CFG-0380,2026-09-15T11:15:10Z,DC-01,ACME\\jsmith,Application startup,Teams,routine startup target,approved,benign
CFG-0126,2026-09-15T11:21:48Z,ENG-WS-17,ACME\\lchen,Application startup,OneDrive,routine startup target,approved,benign
CFG-0240,2026-09-15T11:22:32Z,DC-01,ACME\\mgarcia,Startup folder,OneDrive,routine startup target,approved,benign
CFG-0150,2026-09-15T11:30:52Z,JUMP-01,ACME\\mgarcia,Application startup,Teams,routine startup target,approved,benign
CFG-0352,2026-09-15T11:52:29Z,DC-01,SYSTEM,Application startup,Teams,routine startup target,approved,benign
CFG-0263,2026-09-15T12:01:16Z,MGMT-01,ACME\\jsmith,Enterprise logon policy,Teams,routine startup target,approved,benign
CFG-0167,2026-09-15T12:01:45Z,ENG-WS-17,ACME\\mgarcia,Application startup,OneDrive,routine startup target,approved,benign
CFG-0556,2026-09-15T12:34:31Z,FIN-WS-09,ACME\\jsmith,Enterprise logon policy,MapDrives,routine startup target,approved,benign
CFG-0161,2026-09-15T12:41:00Z,MGMT-01,ACME\\lchen,Application startup,MapDrives,routine startup target,approved,benign
CFG-0357,2026-09-15T13:33:40Z,JUMP-01,ACME\\mgarcia,Application startup,DisplayProfile,routine startup target,approved,benign
CFG-0214,2026-09-15T13:45:36Z,JUMP-01,ACME\\lchen,Startup folder,DisplayProfile,routine startup target,approved,benign
CFG-0477,2026-09-15T13:49:26Z,FIN-WS-09,ACME\\jsmith,Startup folder,OneDrive,routine startup target,approved,benign
CFG-0389,2026-09-15T13:51:00Z,FIN-WS-09,ACME\\mgarcia,Enterprise logon policy,Teams,routine startup target,approved,benign
CFG-0266,2026-09-15T14:01:21Z,FIN-WS-09,ACME\\mgarcia,Enterprise logon policy,Teams,routine startup target,approved,benign
CFG-0145,2026-09-15T14:37:28Z,MGMT-01,ACME\\mgarcia,Application startup,Teams,routine startup target,approved,benign
CFG-0455,2026-09-15T14:40:34Z,HR-WS-04,ACME\\lchen,Application startup,MapDrives,routine startup target,approved,benign
CFG-0591,2026-09-15T15:53:09Z,ENG-WS-17,ACME\\jsmith,Startup folder,OneDrive,routine startup target,approved,benign
CFG-0201,2026-09-15T16:17:55Z,ENG-WS-17,ACME\\lchen,Application startup,Teams,routine startup target,approved,benign
CFG-0159,2026-09-15T16:50:05Z,ENG-WS-17,ACME\\mgarcia,Startup folder,DisplayProfile,routine startup target,approved,benign
CFG-0173,2026-09-15T17:03:31Z,FIN-WS-09,ACME\\mgarcia,Enterprise logon policy,MapDrives,routine startup target,approved,benign
CFG-0447,2026-09-15T17:05:33Z,ENG-WS-17,ACME\\mgarcia,Startup folder,OneDrive,routine startup target,approved,benign
CFG-0497,2026-09-15T17:20:21Z,ENG-WS-17,ACME\\mgarcia,Application startup,Teams,routine startup target,approved,benign
CFG-0457,2026-09-15T17:23:29Z,ENG-WS-17,ACME\\jsmith,Enterprise logon policy,OneDrive,routine startup target,approved,benign
CFG-0230,2026-09-15T17:23:40Z,MGMT-01,ACME\\jsmith,Startup folder,OneDrive,routine startup target,approved,benign
CFG-0239,2026-09-15T17:37:03Z,ENG-WS-17,SYSTEM,Enterprise logon policy,OneDrive,routine startup target,approved,benign
CFG-0257,2026-09-15T17:53:03Z,FIN-WS-09,ACME\\lchen,Application startup,MapDrives,routine startup target,approved,benign
CFG-0338,2026-09-15T17:54:23Z,JUMP-01,SYSTEM,Startup folder,MapDrives,routine startup target,approved,benign
CFG-0297,2026-09-15T17:57:05Z,HR-WS-04,ACME\\jsmith,Startup folder,MapDrives,routine startup target,approved,benign
CFG-0283,2026-09-15T18:16:33Z,FIN-WS-09,ACME\\lchen,Startup folder,OneDrive,routine startup target,approved,benign
CFG-0424,2026-09-15T18:21:49Z,DC-01,ACME\\lchen,Application startup,DisplayProfile,routine startup target,approved,benign
CFG-0288,2026-09-15T18:27:35Z,FIN-WS-09,SYSTEM,Application startup,MapDrives,routine startup target,approved,benign
CFG-0180,2026-09-15T19:00:14Z,MGMT-01,ACME\\lchen,Enterprise logon policy,Teams,routine startup target,approved,benign
CFG-0397,2026-09-15T19:03:58Z,HR-WS-04,ACME\\mgarcia,Startup folder,OneDrive,routine startup target,approved,benign
CFG-0105,2026-09-15T19:07:30Z,DC-01,ACME\\jsmith,Enterprise logon policy,Teams,routine startup target,approved,benign
CFG-0115,2026-09-15T19:14:25Z,HR-WS-04,ACME\\lchen,Application startup,DisplayProfile,routine startup target,approved,benign
CFG-0549,2026-09-15T19:15:00Z,FIN-WS-09,ACME\\lchen,Application startup,Teams,routine startup target,approved,benign
CFG-0444,2026-09-15T19:25:47Z,DC-01,ACME\\lchen,Startup folder,MapDrives,routine startup target,approved,benign
CFG-0467,2026-09-15T19:30:08Z,FIN-WS-09,SYSTEM,Enterprise logon policy,Teams,routine startup target,approved,benign
CFG-0387,2026-09-15T19:46:01Z,JUMP-01,ACME\\lchen,Enterprise logon policy,MapDrives,routine startup target,approved,benign
CFG-0401,2026-09-15T19:50:38Z,DC-01,ACME\\jsmith,Enterprise logon policy,DisplayProfile,routine startup target,approved,benign
CFG-0365,2026-09-15T19:56:55Z,DC-01,ACME\\lchen,Application startup,OneDrive,routine startup target,approved,benign
CFG-0594,2026-09-15T20:17:00Z,HR-WS-04,ACME\\lchen,Startup folder,OneDrive,routine startup target,approved,benign
CFG-0179,2026-09-15T20:26:25Z,JUMP-01,ACME\\lchen,Enterprise logon policy,MapDrives,routine startup target,approved,benign
CFG-0496,2026-09-15T20:33:32Z,DC-01,SYSTEM,Enterprise logon policy,DisplayProfile,routine startup target,approved,benign
CFG-0229,2026-09-15T20:37:51Z,ENG-WS-17,ACME\\mgarcia,Enterprise logon policy,OneDrive,routine startup target,approved,benign
CFG-0251,2026-09-15T20:39:07Z,JUMP-01,SYSTEM,Startup folder,Teams,routine startup target,approved,benign
CFG-0550,2026-09-15T20:42:20Z,ENG-WS-17,ACME\\mgarcia,Enterprise logon policy,Teams,routine startup target,approved,benign
CFG-0566,2026-09-15T21:13:54Z,JUMP-01,ACME\\mgarcia,Startup folder,DisplayProfile,routine startup target,approved,benign
CFG-0508,2026-09-15T21:16:48Z,HR-WS-04,ACME\\mgarcia,Startup folder,OneDrive,routine startup target,approved,benign
CFG-0567,2026-09-15T21:26:47Z,JUMP-01,ACME\\jsmith,Startup folder,Teams,routine startup target,approved,benign
CFG-0404,2026-09-15T21:31:35Z,JUMP-01,ACME\\jsmith,Application startup,OneDrive,routine startup target,approved,benign
CFG-0544,2026-09-15T21:34:46Z,MGMT-01,ACME\\jsmith,Application startup,OneDrive,routine startup target,approved,benign
CFG-0369,2026-09-15T21:48:31Z,MGMT-01,ACME\\mgarcia,Application startup,Teams,routine startup target,approved,benign
CFG-0537,2026-09-15T22:00:07Z,FIN-WS-09,ACME\\lchen,Enterprise logon policy,OneDrive,routine startup target,approved,benign
CFG-0512,2026-09-15T22:31:06Z,JUMP-01,ACME\\mgarcia,Application startup,OneDrive,routine startup target,approved,benign
CFG-0165,2026-09-15T22:59:35Z,FIN-WS-09,ACME\\lchen,Startup folder,Teams,routine startup target,approved,benign
CFG-0581,2026-09-15T23:03:25Z,HR-WS-04,ACME\\lchen,Application startup,Teams,routine startup target,approved,benign
CFG-0290,2026-09-15T23:12:57Z,DC-01,ACME\\mgarcia,Startup folder,Teams,routine startup target,approved,benign
CFG-0425,2026-09-15T23:21:56Z,FIN-WS-09,SYSTEM,Application startup,OneDrive,routine startup target,approved,benign
CFG-0252,2026-09-15T23:38:12Z,JUMP-01,SYSTEM,Startup folder,Teams,routine startup target,approved,benign
CFG-0287,2026-09-15T23:40:24Z,FIN-WS-09,ACME\\lchen,Startup folder,Teams,routine startup target,approved,benign
CFG-0291,2026-09-15T23:44:43Z,FIN-WS-09,ACME\\mgarcia,Startup folder,Teams,routine startup target,approved,benign
CFG-0144,2026-09-16T00:13:40Z,ENG-WS-17,SYSTEM,Enterprise logon policy,DisplayProfile,routine startup target,approved,benign
CFG-0302,2026-09-16T00:18:44Z,MGMT-01,ACME\\lchen,Enterprise logon policy,Teams,routine startup target,approved,benign
CFG-0269,2026-09-16T00:47:35Z,DC-01,ACME\\mgarcia,Enterprise logon policy,DisplayProfile,routine startup target,approved,benign
CFG-0375,2026-09-16T00:48:49Z,HR-WS-04,ACME\\mgarcia,Application startup,MapDrives,routine startup target,approved,benign
CFG-0185,2026-09-16T00:49:23Z,DC-01,ACME\\jsmith,Startup folder,DisplayProfile,routine startup target,approved,benign
CFG-0468,2026-09-16T01:09:22Z,MGMT-01,ACME\\mgarcia,Startup folder,MapDrives,routine startup target,approved,benign
CFG-0226,2026-09-16T01:36:53Z,FIN-WS-09,ACME\\mgarcia,Startup folder,DisplayProfile,routine startup target,approved,benign
CFG-0462,2026-09-16T01:48:34Z,DC-01,ACME\\mgarcia,Application startup,OneDrive,routine startup target,approved,benign
CFG-0429,2026-09-16T01:50:56Z,HR-WS-04,ACME\\jsmith,Enterprise logon policy,OneDrive,routine startup target,approved,benign
CFG-0213,2026-09-16T02:07:27Z,DC-01,ACME\\jsmith,Startup folder,MapDrives,routine startup target,approved,benign
CFG-0125,2026-09-16T02:11:20Z,FIN-WS-09,ACME\\lchen,Application startup,DisplayProfile,routine startup target,approved,benign
CFG-0528,2026-09-16T02:14:04Z,DC-01,ACME\\jsmith,Application startup,Teams,routine startup target,approved,benign
CFG-0227,2026-09-16T02:34:38Z,ENG-WS-17,ACME\\mgarcia,Startup folder,Teams,routine startup target,approved,benign
CFG-0294,2026-09-16T02:35:07Z,DC-01,ACME\\mgarcia,Application startup,DisplayProfile,routine startup target,approved,benign
CFG-0279,2026-09-16T02:58:57Z,DC-01,ACME\\lchen,Application startup,Teams,routine startup target,approved,benign
CFG-0413,2026-09-16T03:20:10Z,HR-WS-04,ACME\\jsmith,Enterprise logon policy,Teams,routine startup target,approved,benign
CFG-0133,2026-09-16T03:28:20Z,MGMT-01,ACME\\mgarcia,Enterprise logon policy,Teams,routine startup target,approved,benign
CFG-0382,2026-09-16T03:55:55Z,DC-01,ACME\\lchen,Startup folder,MapDrives,routine startup target,approved,benign
CFG-0489,2026-09-16T03:58:38Z,MGMT-01,ACME\\lchen,Startup folder,MapDrives,routine startup target,approved,benign
CFG-0531,2026-09-16T04:27:55Z,JUMP-01,ACME\\mgarcia,Startup folder,Teams,routine startup target,approved,benign
CFG-0442,2026-09-16T04:42:45Z,JUMP-01,ACME\\jsmith,Enterprise logon policy,OneDrive,routine startup target,approved,benign
CFG-0303,2026-09-16T04:49:56Z,DC-01,ACME\\mgarcia,Startup folder,MapDrives,routine startup target,approved,benign
CFG-0100,2026-09-16T05:03:39Z,ENG-WS-17,ACME\\lchen,Enterprise logon policy,DisplayProfile,routine startup target,approved,benign
CFG-0341,2026-09-16T05:16:52Z,MGMT-01,ACME\\mgarcia,Enterprise logon policy,OneDrive,routine startup target,approved,benign
CFG-0500,2026-09-16T05:34:25Z,FIN-WS-09,SYSTEM,Enterprise logon policy,MapDrives,routine startup target,approved,benign
CFG-0452,2026-09-16T05:37:14Z,HR-WS-04,SYSTEM,Enterprise logon policy,OneDrive,routine startup target,approved,benign
CFG-0593,2026-09-16T05:44:31Z,FIN-WS-09,ACME\\mgarcia,Startup folder,Teams,routine startup target,approved,benign
CFG-0460,2026-09-16T06:12:34Z,FIN-WS-09,ACME\\mgarcia,Startup folder,OneDrive,routine startup target,approved,benign
CFG-0308,2026-09-16T06:17:52Z,MGMT-01,ACME\\lchen,Enterprise logon policy,MapDrives,routine startup target,approved,benign
CFG-0347,2026-09-16T06:33:01Z,MGMT-01,ACME\\jsmith,Application startup,DisplayProfile,routine startup target,approved,benign
CFG-0402,2026-09-16T06:41:41Z,JUMP-01,SYSTEM,Enterprise logon policy,Teams,routine startup target,approved,benign
CFG-0351,2026-09-16T06:42:18Z,MGMT-01,ACME\\lchen,Application startup,DisplayProfile,routine startup target,approved,benign
CFG-0359,2026-09-16T06:45:19Z,HR-WS-04,SYSTEM,Startup folder,Teams,routine startup target,approved,benign
CFG-0482,2026-09-16T06:54:54Z,DC-01,ACME\\lchen,Startup folder,MapDrives,routine startup target,approved,benign
CFG-0479,2026-09-16T06:55:55Z,FIN-WS-09,ACME\\jsmith,Application startup,DisplayProfile,routine startup target,approved,benign
CFG-0519,2026-09-16T06:57:09Z,HR-WS-04,ACME\\lchen,Application startup,MapDrives,routine startup target,approved,benign
CFG-0518,2026-09-16T06:59:54Z,DC-01,ACME\\mgarcia,Application startup,MapDrives,routine startup target,approved,benign
CFG-0498,2026-09-16T07:21:27Z,MGMT-01,ACME\\mgarcia,Application startup,MapDrives,routine startup target,approved,benign
CFG-0438,2026-09-16T07:21:38Z,MGMT-01,ACME\\lchen,Enterprise logon policy,Teams,routine startup target,approved,benign
CFG-0195,2026-09-16T07:29:22Z,DC-01,ACME\\lchen,Application startup,MapDrives,routine startup target,approved,benign
CFG-0590,2026-09-16T07:33:58Z,DC-01,SYSTEM,Enterprise logon policy,OneDrive,routine startup target,approved,benign
CFG-0253,2026-09-16T07:43:54Z,MGMT-01,ACME\\lchen,Startup folder,OneDrive,routine startup target,approved,benign
CFG-0293,2026-09-16T07:54:36Z,HR-WS-04,ACME\\jsmith,Application startup,DisplayProfile,routine startup target,approved,benign
CFG-0595,2026-09-16T08:14:56Z,JUMP-01,ACME\\jsmith,Startup folder,DisplayProfile,routine startup target,approved,benign
CFG-0301,2026-09-16T08:15:51Z,MGMT-01,ACME\\jsmith,Enterprise logon policy,MapDrives,routine startup target,approved,benign
CFG-0256,2026-09-16T08:50:04Z,JUMP-01,SYSTEM,Startup folder,MapDrives,routine startup target,approved,benign
CFG-0571,2026-09-16T08:55:20Z,DC-01,SYSTEM,Enterprise logon policy,OneDrive,routine startup target,approved,benign
CFG-0328,2026-09-16T09:03:48Z,DC-01,SYSTEM,Startup folder,OneDrive,routine startup target,approved,benign
CFG-0486,2026-09-16T09:19:01Z,HR-WS-04,ACME\\jsmith,Application startup,MapDrives,routine startup target,approved,benign
CFG-0186,2026-09-16T09:26:09Z,MGMT-01,ACME\\jsmith,Application startup,DisplayProfile,routine startup target,approved,benign
CFG-0143,2026-09-16T09:37:56Z,JUMP-01,ACME\\mgarcia,Application startup,DisplayProfile,routine startup target,approved,benign
CFG-0166,2026-09-16T09:53:02Z,ENG-WS-17,SYSTEM,Startup folder,MapDrives,routine startup target,approved,benign
CFG-0281,2026-09-16T10:02:52Z,ENG-WS-17,ACME\\lchen,Startup folder,MapDrives,routine startup target,approved,benign
CFG-0515,2026-09-16T10:14:02Z,ENG-WS-17,SYSTEM,Application startup,DisplayProfile,routine startup target,approved,benign
CFG-0494,2026-09-16T10:31:46Z,HR-WS-04,SYSTEM,Application startup,DisplayProfile,routine startup target,approved,benign
CFG-0443,2026-09-16T10:43:51Z,DC-01,SYSTEM,Startup folder,Teams,routine startup target,approved,benign
CFG-0541,2026-09-16T10:57:22Z,MGMT-01,ACME\\lchen,Startup folder,DisplayProfile,routine startup target,approved,benign
CFG-0520,2026-09-16T11:02:00Z,ENG-WS-17,SYSTEM,Enterprise logon policy,OneDrive,routine startup target,approved,benign
CFG-0568,2026-09-16T11:02:47Z,FIN-WS-09,ACME\\lchen,Application startup,DisplayProfile,routine startup target,approved,benign
CFG-0245,2026-09-16T11:20:07Z,FIN-WS-09,ACME\\mgarcia,Startup folder,DisplayProfile,routine startup target,approved,benign
CFG-0153,2026-09-16T11:30:58Z,HR-WS-04,ACME\\mgarcia,Application startup,OneDrive,routine startup target,approved,benign
CFG-0162,2026-09-16T11:31:23Z,JUMP-01,ACME\\lchen,Enterprise logon policy,OneDrive,routine startup target,approved,benign
CFG-0371,2026-09-16T11:31:24Z,MGMT-01,ACME\\mgarcia,Application startup,Teams,routine startup target,approved,benign
CFG-0146,2026-09-16T11:33:23Z,HR-WS-04,ACME\\jsmith,Application startup,OneDrive,routine startup target,approved,benign
CFG-0373,2026-09-16T11:34:15Z,HR-WS-04,ACME\\jsmith,Application startup,OneDrive,routine startup target,approved,benign
CFG-0324,2026-09-16T11:53:51Z,FIN-WS-09,ACME\\mgarcia,Enterprise logon policy,MapDrives,routine startup target,approved,benign
CFG-0374,2026-09-16T11:55:30Z,HR-WS-04,ACME\\mgarcia,Enterprise logon policy,MapDrives,routine startup target,approved,benign
CFG-0189,2026-09-16T11:55:59Z,ENG-WS-17,ACME\\mgarcia,Application startup,DisplayProfile,routine startup target,approved,benign
CFG-0525,2026-09-16T12:04:40Z,HR-WS-04,ACME\\jsmith,Application startup,DisplayProfile,routine startup target,approved,benign
CFG-0430,2026-09-16T12:18:18Z,FIN-WS-09,ACME\\mgarcia,Application startup,OneDrive,routine startup target,approved,benign
CFG-0220,2026-09-16T12:25:39Z,FIN-WS-09,ACME\\mgarcia,Application startup,MapDrives,routine startup target,approved,benign
CFG-0134,2026-09-16T12:28:35Z,MGMT-01,ACME\\lchen,Startup folder,Teams,routine startup target,approved,benign
CFG-0238,2026-09-16T12:34:18Z,DC-01,ACME\\lchen,Startup folder,DisplayProfile,routine startup target,approved,benign
CFG-0312,2026-09-16T12:45:29Z,JUMP-01,SYSTEM,Application startup,MapDrives,routine startup target,approved,benign
CFG-0505,2026-09-16T12:49:59Z,ENG-WS-17,ACME\\lchen,Application startup,OneDrive,routine startup target,approved,benign
CFG-0587,2026-09-16T12:54:51Z,MGMT-01,ACME\\jsmith,Enterprise logon policy,MapDrives,routine startup target,approved,benign
CFG-0582,2026-09-16T13:02:02Z,DC-01,ACME\\mgarcia,Enterprise logon policy,OneDrive,routine startup target,approved,benign
CFG-0434,2026-09-16T13:02:53Z,DC-01,ACME\\jsmith,Startup folder,OneDrive,routine startup target,approved,benign
CFG-0516,2026-09-16T13:04:57Z,HR-WS-04,ACME\\mgarcia,Application startup,OneDrive,routine startup target,approved,benign
CFG-0223,2026-09-16T13:11:59Z,HR-WS-04,ACME\\lchen,Application startup,MapDrives,routine startup target,approved,benign
CFG-0156,2026-09-16T13:18:25Z,FIN-WS-09,ACME\\lchen,Startup folder,DisplayProfile,routine startup target,approved,benign
CFG-0254,2026-09-16T13:18:28Z,ENG-WS-17,ACME\\mgarcia,Startup folder,Teams,routine startup target,approved,benign
CFG-0532,2026-09-16T13:31:11Z,MGMT-01,SYSTEM,Startup folder,DisplayProfile,routine startup target,approved,benign
CFG-0545,2026-09-16T14:04:36Z,JUMP-01,ACME\\lchen,Enterprise logon policy,OneDrive,routine startup target,approved,benign
CFG-0523,2026-09-16T14:16:50Z,DC-01,SYSTEM,Startup folder,Teams,routine startup target,approved,benign
CFG-0524,2026-09-16T14:30:30Z,MGMT-01,ACME\\lchen,Application startup,MapDrives,routine startup target,approved,benign
CFG-0450,2026-09-16T14:38:47Z,ENG-WS-17,ACME\\lchen,Startup folder,DisplayProfile,routine startup target,approved,benign
CFG-0507,2026-09-16T14:38:57Z,FIN-WS-09,SYSTEM,Application startup,Teams,routine startup target,approved,benign
CFG-0307,2026-09-16T15:07:33Z,HR-WS-04,ACME\\mgarcia,Application startup,OneDrive,routine startup target,approved,benign
CFG-0319,2026-09-16T15:27:01Z,DC-01,SYSTEM,Startup folder,Teams,routine startup target,approved,benign
CFG-0560,2026-09-16T16:08:03Z,JUMP-01,SYSTEM,Application startup,DisplayProfile,routine startup target,approved,benign
CFG-0147,2026-09-16T16:11:06Z,MGMT-01,SYSTEM,Application startup,DisplayProfile,routine startup target,approved,benign
CFG-0137,2026-09-16T16:15:21Z,JUMP-01,ACME\\lchen,Application startup,DisplayProfile,routine startup target,approved,benign
CFG-0327,2026-09-16T16:22:16Z,FIN-WS-09,ACME\\mgarcia,Application startup,DisplayProfile,routine startup target,approved,benign
CFG-0574,2026-09-16T16:26:40Z,JUMP-01,ACME\\lchen,Startup folder,MapDrives,routine startup target,approved,benign
CFG-0410,2026-09-16T16:32:38Z,FIN-WS-09,ACME\\jsmith,Application startup,MapDrives,routine startup target,approved,benign
CFG-0420,2026-09-16T16:33:30Z,HR-WS-04,ACME\\jsmith,Startup folder,MapDrives,routine startup target,approved,benign
CFG-0275,2026-09-16T16:55:30Z,DC-01,ACME\\mgarcia,Application startup,MapDrives,routine startup target,approved,benign
CFG-0249,2026-09-16T17:10:22Z,FIN-WS-09,ACME\\jsmith,Startup folder,MapDrives,routine startup target,approved,benign
CFG-0470,2026-09-16T17:24:38Z,HR-WS-04,SYSTEM,Startup folder,OneDrive,routine startup target,approved,benign
CFG-0576,2026-09-16T17:27:14Z,ENG-WS-17,SYSTEM,Startup folder,Teams,routine startup target,approved,benign
CFG-0407,2026-09-16T17:45:11Z,HR-WS-04,SYSTEM,Application startup,Teams,routine startup target,approved,benign
CFG-0259,2026-09-16T17:47:38Z,JUMP-01,ACME\\mgarcia,Application startup,OneDrive,routine startup target,approved,benign
CFG-0573,2026-09-16T17:54:34Z,FIN-WS-09,ACME\\jsmith,Application startup,MapDrives,routine startup target,approved,benign
CFG-0339,2026-09-16T18:08:57Z,FIN-WS-09,ACME\\jsmith,Application startup,OneDrive,routine startup target,approved,benign
CFG-0225,2026-09-16T18:37:27Z,FIN-WS-09,SYSTEM,Enterprise logon policy,MapDrives,routine startup target,approved,benign
CFG-0406,2026-09-16T18:46:19Z,MGMT-01,ACME\\mgarcia,Application startup,MapDrives,routine startup target,approved,benign
CFG-0111,2026-09-16T18:48:45Z,MGMT-01,ACME\\lchen,Application startup,DisplayProfile,routine startup target,approved,benign
CFG-0584,2026-09-16T18:56:39Z,HR-WS-04,ACME\\jsmith,Startup folder,DisplayProfile,routine startup target,approved,benign
CFG-0243,2026-09-16T19:08:47Z,MGMT-01,ACME\\jsmith,Enterprise logon policy,Teams,routine startup target,approved,benign
CFG-0309,2026-09-16T19:10:49Z,FIN-WS-09,ACME\\lchen,Application startup,DisplayProfile,routine startup target,approved,benign
CFG-0433,2026-09-16T19:19:00Z,HR-WS-04,ACME\\lchen,Enterprise logon policy,OneDrive,routine startup target,approved,benign
CFG-0386,2026-09-16T19:27:06Z,DC-01,ACME\\jsmith,Application startup,OneDrive,routine startup target,approved,benign
CFG-0439,2026-09-16T19:31:22Z,ENG-WS-17,ACME\\mgarcia,Enterprise logon policy,DisplayProfile,routine startup target,approved,benign
CFG-0112,2026-09-16T19:35:25Z,HR-WS-04,ACME\\mgarcia,Enterprise logon policy,MapDrives,routine startup target,approved,benign
CFG-0101,2026-09-16T19:58:38Z,FIN-WS-09,ACME\\mgarcia,Enterprise logon policy,MapDrives,routine startup target,approved,benign
CFG-0521,2026-09-16T20:27:29Z,JUMP-01,SYSTEM,Enterprise logon policy,Teams,routine startup target,approved,benign
CFG-0102,2026-09-16T20:27:36Z,ENG-WS-17,SYSTEM,Enterprise logon policy,OneDrive,routine startup target,approved,benign
CFG-0575,2026-09-16T20:40:22Z,FIN-WS-09,ACME\\mgarcia,Enterprise logon policy,Teams,routine startup target,approved,benign
CFG-0128,2026-09-16T21:03:47Z,DC-01,ACME\\jsmith,Startup folder,MapDrives,routine startup target,approved,benign
CFG-0211,2026-09-16T21:16:36Z,FIN-WS-09,ACME\\jsmith,Startup folder,MapDrives,routine startup target,approved,benign
CFG-0559,2026-09-16T21:22:32Z,MGMT-01,ACME\\mgarcia,Enterprise logon policy,OneDrive,routine startup target,approved,benign
CFG-0140,2026-09-16T21:23:37Z,MGMT-01,SYSTEM,Application startup,Teams,routine startup target,approved,benign
CFG-0548,2026-09-16T21:46:55Z,HR-WS-04,ACME\\jsmith,Startup folder,Teams,routine startup target,approved,benign
CFG-0120,2026-09-16T21:54:45Z,FIN-WS-09,SYSTEM,Enterprise logon policy,Teams,routine startup target,approved,benign
CFG-0234,2026-09-16T22:12:35Z,DC-01,SYSTEM,Application startup,OneDrive,routine startup target,approved,benign
CFG-0289,2026-09-16T22:14:05Z,MGMT-01,ACME\\jsmith,Application startup,OneDrive,routine startup target,approved,benign
CFG-0194,2026-09-16T22:18:32Z,HR-WS-04,ACME\\mgarcia,Enterprise logon policy,Teams,routine startup target,approved,benign
CFG-0377,2026-09-16T22:24:53Z,JUMP-01,ACME\\mgarcia,Enterprise logon policy,Teams,routine startup target,approved,benign
CFG-0445,2026-09-16T22:27:41Z,DC-01,ACME\\lchen,Application startup,MapDrives,routine startup target,approved,benign
CFG-0446,2026-09-16T22:30:14Z,JUMP-01,ACME\\mgarcia,Startup folder,OneDrive,routine startup target,approved,benign
CFG-0175,2026-09-16T22:56:58Z,HR-WS-04,ACME\\lchen,Startup folder,DisplayProfile,routine startup target,approved,benign
CFG-0130,2026-09-16T23:21:46Z,MGMT-01,ACME\\lchen,Startup folder,MapDrives,routine startup target,approved,benign
CFG-0538,2026-09-16T23:27:40Z,JUMP-01,ACME\\jsmith,Application startup,OneDrive,routine startup target,approved,benign
CFG-0426,2026-09-16T23:44:07Z,JUMP-01,SYSTEM,Application startup,DisplayProfile,routine startup target,approved,benign
CFG-0480,2026-09-17T00:13:58Z,HR-WS-04,ACME\\mgarcia,Application startup,MapDrives,routine startup target,approved,benign
CFG-0565,2026-09-17T00:35:27Z,ENG-WS-17,ACME\\mgarcia,Enterprise logon policy,MapDrives,routine startup target,approved,benign
CFG-0106,2026-09-17T00:45:26Z,DC-01,ACME\\jsmith,Startup folder,MapDrives,routine startup target,approved,benign
CFG-0475,2026-09-17T00:47:58Z,MGMT-01,SYSTEM,Enterprise logon policy,OneDrive,routine startup target,approved,benign
CFG-0235,2026-09-17T00:50:06Z,HR-WS-04,SYSTEM,Enterprise logon policy,MapDrives,routine startup target,approved,benign
CFG-0421,2026-09-17T00:54:00Z,FIN-WS-09,ACME\\mgarcia,Enterprise logon policy,OneDrive,routine startup target,approved,benign
CFG-0539,2026-09-17T01:07:48Z,JUMP-01,SYSTEM,Startup folder,OneDrive,routine startup target,approved,benign
CFG-0459,2026-09-17T01:14:37Z,HR-WS-04,SYSTEM,Enterprise logon policy,Teams,routine startup target,approved,benign
CFG-0107,2026-09-17T01:20:21Z,JUMP-01,ACME\\lchen,Application startup,OneDrive,routine startup target,approved,benign
CFG-0379,2026-09-17T01:52:22Z,HR-WS-04,ACME\\jsmith,Startup folder,Teams,routine startup target,approved,benign
CFG-0368,2026-09-17T02:12:39Z,JUMP-01,ACME\\jsmith,Startup folder,MapDrives,routine startup target,approved,benign
CFG-0313,2026-09-17T02:31:18Z,ENG-WS-17,ACME\\mgarcia,Enterprise logon policy,DisplayProfile,routine startup target,approved,benign
CFG-0244,2026-09-17T03:03:45Z,FIN-WS-09,SYSTEM,Application startup,MapDrives,routine startup target,approved,benign
CFG-0219,2026-09-17T03:26:03Z,FIN-WS-09,SYSTEM,Enterprise logon policy,Teams,routine startup target,approved,benign
CFG-0405,2026-09-17T03:44:32Z,HR-WS-04,ACME\\mgarcia,Startup folder,DisplayProfile,routine startup target,approved,benign
CFG-0123,2026-09-17T03:58:04Z,DC-01,ACME\\jsmith,Startup folder,MapDrives,routine startup target,approved,benign
CFG-0526,2026-09-17T04:22:59Z,DC-01,ACME\\lchen,Application startup,OneDrive,routine startup target,approved,benign
CFG-0370,2026-09-17T04:25:59Z,FIN-WS-09,ACME\\mgarcia,Application startup,MapDrives,routine startup target,approved,benign
CFG-0197,2026-09-17T04:33:35Z,FIN-WS-09,ACME\\mgarcia,Enterprise logon policy,OneDrive,routine startup target,approved,benign
CFG-0274,2026-09-17T04:37:12Z,JUMP-01,ACME\\lchen,Startup folder,MapDrives,routine startup target,approved,benign
CFG-0383,2026-09-17T04:49:05Z,ENG-WS-17,SYSTEM,Startup folder,DisplayProfile,routine startup target,approved,benign
CFG-0296,2026-09-17T05:02:56Z,FIN-WS-09,ACME\\mgarcia,Startup folder,OneDrive,routine startup target,approved,benign
CFG-0367,2026-09-17T05:05:58Z,ENG-WS-17,ACME\\jsmith,Startup folder,Teams,routine startup target,approved,benign
CFG-0172,2026-09-17T05:24:17Z,FIN-WS-09,SYSTEM,Startup folder,DisplayProfile,routine startup target,approved,benign
CFG-0513,2026-09-17T05:49:42Z,DC-01,SYSTEM,Enterprise logon policy,OneDrive,routine startup target,approved,benign
CFG-0578,2026-09-17T05:56:19Z,ENG-WS-17,ACME\\jsmith,Application startup,OneDrive,routine startup target,approved,benign
CFG-0333,2026-09-17T06:01:09Z,HR-WS-04,SYSTEM,Application startup,MapDrives,routine startup target,approved,benign
CFG-0273,2026-09-17T06:14:14Z,DC-01,ACME\\jsmith,Enterprise logon policy,MapDrives,routine startup target,approved,benign
CFG-0241,2026-09-17T06:17:31Z,MGMT-01,ACME\\lchen,Application startup,DisplayProfile,routine startup target,approved,benign
CFG-0155,2026-09-17T06:20:48Z,FIN-WS-09,ACME\\mgarcia,Startup folder,Teams,routine startup target,approved,benign
CFG-0121,2026-09-17T06:27:21Z,JUMP-01,ACME\\lchen,Application startup,OneDrive,routine startup target,approved,benign
CFG-0124,2026-09-17T06:30:49Z,MGMT-01,ACME\\jsmith,Application startup,OneDrive,routine startup target,approved,benign
CFG-0393,2026-09-17T06:31:45Z,MGMT-01,ACME\\lchen,Application startup,MapDrives,routine startup target,approved,benign
CFG-0139,2026-09-17T06:33:22Z,JUMP-01,SYSTEM,Startup folder,Teams,routine startup target,approved,benign
CFG-0280,2026-09-17T06:42:44Z,DC-01,ACME\\jsmith,Application startup,MapDrives,routine startup target,approved,benign
CFG-0435,2026-09-17T07:00:09Z,DC-01,SYSTEM,Startup folder,Teams,routine startup target,approved,benign
CFG-0218,2026-09-17T07:09:08Z,FIN-WS-09,SYSTEM,Startup folder,OneDrive,routine startup target,approved,benign
CFG-0348,2026-09-17T07:11:17Z,HR-WS-04,ACME\\jsmith,Application startup,OneDrive,routine startup target,approved,benign
CFG-0481,2026-09-17T07:18:28Z,HR-WS-04,ACME\\lchen,Application startup,DisplayProfile,routine startup target,approved,benign
CFG-0261,2026-09-17T07:33:22Z,HR-WS-04,SYSTEM,Application startup,MapDrives,routine startup target,approved,benign
CFG-0310,2026-09-17T08:04:15Z,HR-WS-04,SYSTEM,Enterprise logon policy,DisplayProfile,routine startup target,approved,benign
CFG-0282,2026-09-17T08:21:11Z,DC-01,SYSTEM,Application startup,OneDrive,routine startup target,approved,benign
CFG-0463,2026-09-17T08:24:03Z,DC-01,ACME\\lchen,Enterprise logon policy,DisplayProfile,routine startup target,approved,benign
CFG-0323,2026-09-17T08:27:18Z,DC-01,ACME\\lchen,Application startup,OneDrive,routine startup target,approved,benign
CFG-0320,2026-09-17T08:29:21Z,JUMP-01,SYSTEM,Application startup,OneDrive,routine startup target,approved,benign
CFG-0222,2026-09-17T08:36:48Z,ENG-WS-17,ACME\\jsmith,Enterprise logon policy,OneDrive,routine startup target,approved,benign
CFG-0476,2026-09-17T08:53:55Z,JUMP-01,SYSTEM,Startup folder,DisplayProfile,routine startup target,approved,benign
CFG-0168,2026-09-17T09:04:02Z,MGMT-01,SYSTEM,Enterprise logon policy,Teams,routine startup target,approved,benign
CFG-0403,2026-09-17T09:08:18Z,HR-WS-04,ACME\\mgarcia,Enterprise logon policy,Teams,routine startup target,approved,benign
CFG-0248,2026-09-17T09:54:22Z,HR-WS-04,SYSTEM,Startup folder,OneDrive,routine startup target,approved,benign
CFG-0265,2026-09-17T10:02:57Z,HR-WS-04,ACME\\lchen,Startup folder,DisplayProfile,routine startup target,approved,benign
CFG-0228,2026-09-17T10:15:57Z,DC-01,ACME\\lchen,Application startup,OneDrive,routine startup target,approved,benign
CFG-0411,2026-09-17T10:17:38Z,DC-01,ACME\\lchen,Enterprise logon policy,MapDrives,routine startup target,approved,benign
CFG-0350,2026-09-17T10:22:24Z,ENG-WS-17,ACME\\mgarcia,Startup folder,DisplayProfile,routine startup target,approved,benign
CFG-0340,2026-09-17T10:28:03Z,HR-WS-04,SYSTEM,Application startup,DisplayProfile,routine startup target,approved,benign
CFG-0267,2026-09-17T10:33:45Z,ENG-WS-17,ACME\\mgarcia,Application startup,MapDrives,routine startup target,approved,benign
CFG-0398,2026-09-17T10:33:52Z,HR-WS-04,SYSTEM,Enterprise logon policy,MapDrives,routine startup target,approved,benign
CFG-0360,2026-09-17T10:43:46Z,HR-WS-04,ACME\\mgarcia,Enterprise logon policy,MapDrives,routine startup target,approved,benign
CFG-0400,2026-09-17T11:28:19Z,MGMT-01,SYSTEM,Enterprise logon policy,DisplayProfile,routine startup target,approved,benign
CFG-0205,2026-09-17T11:30:12Z,JUMP-01,ACME\\jsmith,Enterprise logon policy,MapDrives,routine startup target,approved,benign
CFG-0322,2026-09-17T11:34:41Z,ENG-WS-17,ACME\\jsmith,Enterprise logon policy,OneDrive,routine startup target,approved,benign
CFG-0164,2026-09-17T11:42:42Z,JUMP-01,ACME\\lchen,Application startup,OneDrive,routine startup target,approved,benign
CFG-0132,2026-09-17T11:43:58Z,HR-WS-04,SYSTEM,Enterprise logon policy,MapDrives,routine startup target,approved,benign
CFG-0346,2026-09-17T11:59:03Z,JUMP-01,ACME\\lchen,Enterprise logon policy,MapDrives,routine startup target,approved,benign
CFG-0208,2026-09-17T12:12:29Z,FIN-WS-09,ACME\\lchen,Enterprise logon policy,OneDrive,routine startup target,approved,benign
CFG-0131,2026-09-17T12:22:08Z,ENG-WS-17,ACME\\jsmith,Startup folder,OneDrive,routine startup target,approved,benign
CFG-0535,2026-09-17T12:35:10Z,JUMP-01,ACME\\mgarcia,Application startup,DisplayProfile,routine startup target,approved,benign
CFG-0570,2026-09-17T13:12:38Z,ENG-WS-17,ACME\\lchen,Enterprise logon policy,Teams,routine startup target,approved,benign
CFG-0384,2026-09-17T13:17:18Z,DC-01,SYSTEM,Enterprise logon policy,OneDrive,routine startup target,approved,benign
CFG-0122,2026-09-17T13:24:04Z,JUMP-01,SYSTEM,Startup folder,DisplayProfile,routine startup target,approved,benign
CFG-0561,2026-09-17T13:36:57Z,FIN-WS-09,ACME\\lchen,Application startup,OneDrive,routine startup target,approved,benign
CFG-0237,2026-09-17T13:37:30Z,MGMT-01,ACME\\lchen,Startup folder,DisplayProfile,routine startup target,approved,benign
CFG-0376,2026-09-17T13:43:38Z,JUMP-01,ACME\\lchen,Enterprise logon policy,OneDrive,routine startup target,approved,benign
CFG-0546,2026-09-17T13:50:34Z,JUMP-01,ACME\\mgarcia,Startup folder,MapDrives,routine startup target,approved,benign
CFG-0466,2026-09-17T13:56:50Z,FIN-WS-09,SYSTEM,Startup folder,Teams,routine startup target,approved,benign
CFG-0236,2026-09-17T13:58:20Z,ENG-WS-17,ACME\\lchen,Application startup,DisplayProfile,routine startup target,approved,benign
CFG-0221,2026-09-17T14:24:14Z,HR-WS-04,ACME\\jsmith,Startup folder,OneDrive,routine startup target,approved,benign
CFG-0353,2026-09-17T14:43:32Z,HR-WS-04,ACME\\mgarcia,Application startup,DisplayProfile,routine startup target,approved,benign
CFG-0472,2026-09-17T14:44:23Z,DC-01,ACME\\mgarcia,Startup folder,Teams,routine startup target,approved,benign
CFG-0395,2026-09-17T15:03:30Z,HR-WS-04,ACME\\mgarcia,Startup folder,MapDrives,routine startup target,approved,benign
CFG-0412,2026-09-17T15:24:54Z,JUMP-01,ACME\\jsmith,Application startup,MapDrives,routine startup target,approved,benign
CFG-0329,2026-09-17T15:44:50Z,MGMT-01,ACME\\lchen,Startup folder,Teams,routine startup target,approved,benign
CFG-0540,2026-09-17T15:47:25Z,HR-WS-04,ACME\\lchen,Application startup,Teams,routine startup target,approved,benign
CFG-0184,2026-09-17T16:14:55Z,FIN-WS-09,ACME\\jsmith,Application startup,MapDrives,routine startup target,approved,benign
CFG-0314,2026-09-17T16:18:33Z,MGMT-01,ACME\\mgarcia,Application startup,DisplayProfile,routine startup target,approved,benign
CFG-0108,2026-09-17T16:25:47Z,HR-WS-04,ACME\\jsmith,Enterprise logon policy,Teams,routine startup target,approved,benign
CFG-0536,2026-09-17T16:28:34Z,DC-01,SYSTEM,Startup folder,Teams,routine startup target,approved,benign
CFG-0344,2026-09-17T16:31:21Z,HR-WS-04,ACME\\lchen,Application startup,DisplayProfile,routine startup target,approved,benign
CFG-0509,2026-09-17T16:33:39Z,HR-WS-04,ACME\\mgarcia,Enterprise logon policy,MapDrives,routine startup target,approved,benign
CFG-0364,2026-09-17T16:57:53Z,MGMT-01,ACME\\jsmith,Startup folder,Teams,routine startup target,approved,benign
CFG-0356,2026-09-17T17:03:50Z,MGMT-01,ACME\\lchen,Enterprise logon policy,MapDrives,routine startup target,approved,benign
CFG-0271,2026-09-17T17:16:20Z,ENG-WS-17,ACME\\lchen,Application startup,Teams,routine startup target,approved,benign
CFG-0178,2026-09-17T17:24:09Z,DC-01,ACME\\lchen,Startup folder,MapDrives,routine startup target,approved,benign
CFG-0181,2026-09-17T17:46:06Z,DC-01,ACME\\lchen,Startup folder,MapDrives,routine startup target,approved,benign
CFG-0151,2026-09-17T17:49:49Z,MGMT-01,ACME\\mgarcia,Enterprise logon policy,MapDrives,routine startup target,approved,benign
CFG-0262,2026-09-17T18:02:02Z,HR-WS-04,ACME\\lchen,Startup folder,MapDrives,routine startup target,approved,benign
CFG-0589,2026-09-17T18:15:48Z,MGMT-01,ACME\\mgarcia,Application startup,OneDrive,routine startup target,approved,benign
CFG-0110,2026-09-17T18:33:24Z,JUMP-01,SYSTEM,Application startup,Teams,routine startup target,approved,benign
CFG-0315,2026-09-17T18:37:00Z,MGMT-01,ACME\\mgarcia,Application startup,OneDrive,routine startup target,approved,benign
CFG-0152,2026-09-17T19:24:35Z,FIN-WS-09,ACME\\jsmith,Application startup,OneDrive,routine startup target,approved,benign
CFG-0191,2026-09-17T19:31:03Z,DC-01,ACME\\lchen,Enterprise logon policy,MapDrives,routine startup target,approved,benign
CFG-0399,2026-09-17T19:31:03Z,HR-WS-04,SYSTEM,Application startup,MapDrives,routine startup target,approved,benign
CFG-0349,2026-09-17T19:38:29Z,DC-01,ACME\\lchen,Startup folder,Teams,routine startup target,approved,benign
CFG-0414,2026-09-17T19:53:56Z,MGMT-01,SYSTEM,Application startup,DisplayProfile,routine startup target,approved,benign
CFG-0199,2026-09-17T20:01:20Z,ENG-WS-17,ACME\\lchen,Enterprise logon policy,Teams,routine startup target,approved,benign
CFG-0493,2026-09-17T20:03:20Z,ENG-WS-17,ACME\\jsmith,Startup folder,Teams,routine startup target,approved,benign
CFG-0232,2026-09-17T20:10:38Z,MGMT-01,ACME\\lchen,Application startup,OneDrive,routine startup target,approved,benign
CFG-0372,2026-09-17T20:15:58Z,FIN-WS-09,SYSTEM,Application startup,DisplayProfile,routine startup target,approved,benign
CFG-0276,2026-09-17T20:19:03Z,FIN-WS-09,ACME\\lchen,Application startup,Teams,routine startup target,approved,benign
CFG-0522,2026-09-17T20:23:53Z,MGMT-01,ACME\\jsmith,Application startup,MapDrives,routine startup target,approved,benign
CFG-0285,2026-09-17T20:41:55Z,DC-01,ACME\\jsmith,Application startup,MapDrives,routine startup target,approved,benign
CFG-0325,2026-09-17T20:47:25Z,DC-01,ACME\\mgarcia,Application startup,Teams,routine startup target,approved,benign
CFG-0187,2026-09-17T21:21:12Z,ENG-WS-17,ACME\\lchen,Application startup,MapDrives,routine startup target,approved,benign
CFG-0503,2026-09-17T21:32:57Z,MGMT-01,ACME\\jsmith,Enterprise logon policy,DisplayProfile,routine startup target,approved,benign
CFG-0453,2026-09-17T21:51:38Z,ENG-WS-17,ACME\\jsmith,Startup folder,Teams,routine startup target,approved,benign
CFG-0451,2026-09-17T21:54:20Z,ENG-WS-17,ACME\\mgarcia,Startup folder,OneDrive,routine startup target,approved,benign
CFG-0337,2026-09-17T22:11:23Z,JUMP-01,ACME\\lchen,Application startup,MapDrives,routine startup target,approved,benign
CFG-0335,2026-09-17T22:31:45Z,ENG-WS-17,ACME\\lchen,Startup folder,Teams,routine startup target,approved,benign
CFG-0188,2026-09-17T22:39:42Z,DC-01,ACME\\lchen,Startup folder,Teams,routine startup target,approved,benign
CFG-0530,2026-09-17T22:40:52Z,FIN-WS-09,ACME\\lchen,Application startup,MapDrives,routine startup target,approved,benign
CFG-0499,2026-09-17T22:48:16Z,HR-WS-04,SYSTEM,Enterprise logon policy,OneDrive,routine startup target,approved,benign
CFG-0529,2026-09-17T22:49:30Z,FIN-WS-09,ACME\\jsmith,Enterprise logon policy,Teams,routine startup target,approved,benign
CFG-0557,2026-09-17T22:50:43Z,FIN-WS-09,ACME\\jsmith,Startup folder,Teams,routine startup target,approved,benign
CFG-0321,2026-09-17T22:59:45Z,MGMT-01,ACME\\jsmith,Enterprise logon policy,DisplayProfile,routine startup target,approved,benign
CFG-0117,2026-09-17T23:22:07Z,DC-01,ACME\\lchen,Application startup,MapDrives,routine startup target,approved,benign
CFG-0501,2026-09-17T23:32:07Z,HR-WS-04,ACME\\jsmith,Startup folder,DisplayProfile,routine startup target,approved,benign
CFG-0212,2026-09-18T00:00:08Z,HR-WS-04,ACME\\lchen,Application startup,DisplayProfile,routine startup target,approved,benign
CFG-0396,2026-09-18T00:07:14Z,JUMP-01,SYSTEM,Startup folder,MapDrives,routine startup target,approved,benign
CFG-0330,2026-09-18T00:19:24Z,HR-WS-04,ACME\\jsmith,Application startup,DisplayProfile,routine startup target,approved,benign
CFG-0417,2026-09-18T00:28:29Z,HR-WS-04,ACME\\lchen,Startup folder,Teams,routine startup target,approved,benign
CFG-0552,2026-09-18T00:51:29Z,DC-01,ACME\\lchen,Enterprise logon policy,MapDrives,routine startup target,approved,benign
CFG-0169,2026-09-18T01:08:17Z,ENG-WS-17,SYSTEM,Enterprise logon policy,OneDrive,routine startup target,approved,benign
CFG-0242,2026-09-18T01:11:18Z,FIN-WS-09,ACME\\mgarcia,Startup folder,Teams,routine startup target,approved,benign
CFG-0394,2026-09-18T01:33:18Z,DC-01,ACME\\lchen,Startup folder,Teams,routine startup target,approved,benign
CFG-0141,2026-09-18T01:36:01Z,DC-01,ACME\\jsmith,Startup folder,DisplayProfile,routine startup target,approved,benign
CFG-0415,2026-09-18T01:40:03Z,DC-01,ACME\\lchen,Startup folder,Teams,routine startup target,approved,benign
CFG-0580,2026-09-18T02:29:13Z,FIN-WS-09,ACME\\mgarcia,Application startup,Teams,routine startup target,approved,benign
CFG-0473,2026-09-18T02:37:38Z,ENG-WS-17,ACME\\mgarcia,Application startup,DisplayProfile,routine startup target,approved,benign
CFG-0264,2026-09-18T02:39:10Z,MGMT-01,ACME\\jsmith,Application startup,DisplayProfile,routine startup target,approved,benign
CFG-0491,2026-09-18T02:42:52Z,FIN-WS-09,ACME\\jsmith,Application startup,DisplayProfile,routine startup target,approved,benign
CFG-0268,2026-09-18T02:50:27Z,MGMT-01,ACME\\lchen,Application startup,OneDrive,routine startup target,approved,benign
CFG-0345,2026-09-18T03:05:52Z,JUMP-01,ACME\\lchen,Application startup,Teams,routine startup target,approved,benign
CFG-0502,2026-09-18T03:34:32Z,ENG-WS-17,ACME\\jsmith,Enterprise logon policy,OneDrive,routine startup target,approved,benign
CFG-0422,2026-09-18T03:37:45Z,DC-01,ACME\\lchen,Enterprise logon policy,Teams,routine startup target,approved,benign
CFG-0109,2026-09-18T04:04:31Z,HR-WS-04,ACME\\lchen,Application startup,DisplayProfile,routine startup target,approved,benign
CFG-0579,2026-09-18T04:16:10Z,JUMP-01,ACME\\lchen,Application startup,OneDrive,routine startup target,approved,benign
CFG-0427,2026-09-18T04:23:35Z,FIN-WS-09,ACME\\mgarcia,Application startup,DisplayProfile,routine startup target,approved,benign
CFG-0378,2026-09-18T04:34:37Z,JUMP-01,ACME\\jsmith,Startup folder,MapDrives,routine startup target,approved,benign
CFG-0210,2026-09-18T04:37:38Z,ENG-WS-17,ACME\\lchen,Startup folder,Teams,routine startup target,approved,benign
CFG-0116,2026-09-18T04:54:32Z,DC-01,ACME\\lchen,Enterprise logon policy,MapDrives,routine startup target,approved,benign
CFG-0231,2026-09-18T04:55:39Z,JUMP-01,ACME\\jsmith,Enterprise logon policy,DisplayProfile,routine startup target,approved,benign
CFG-0495,2026-09-18T05:05:26Z,ENG-WS-17,ACME\\jsmith,Enterprise logon policy,Teams,routine startup target,approved,benign
CFG-0474,2026-09-18T05:05:55Z,HR-WS-04,ACME\\jsmith,Enterprise logon policy,OneDrive,routine startup target,approved,benign
CFG-0298,2026-09-18T05:24:36Z,ENG-WS-17,ACME\\lchen,Enterprise logon policy,MapDrives,routine startup target,approved,benign
CFG-0304,2026-09-18T05:37:43Z,ENG-WS-17,SYSTEM,Startup folder,MapDrives,routine startup target,approved,benign
CFG-0588,2026-09-18T05:51:12Z,DC-01,SYSTEM,Enterprise logon policy,Teams,routine startup target,approved,benign
CFG-0331,2026-09-18T05:54:33Z,MGMT-01,ACME\\lchen,Enterprise logon policy,MapDrives,routine startup target,approved,benign
CFG-0464,2026-09-18T06:13:31Z,FIN-WS-09,ACME\\lchen,Application startup,OneDrive,routine startup target,approved,benign
CFG-0390,2026-09-18T06:40:11Z,MGMT-01,ACME\\mgarcia,Enterprise logon policy,DisplayProfile,routine startup target,approved,benign
CFG-0129,2026-09-18T06:41:24Z,FIN-WS-09,ACME\\lchen,Startup folder,MapDrives,routine startup target,approved,benign
CFG-0572,2026-09-18T06:55:38Z,DC-01,ACME\\jsmith,Application startup,Teams,routine startup target,approved,benign
CFG-0416,2026-09-18T07:05:32Z,ENG-WS-17,ACME\\lchen,Enterprise logon policy,DisplayProfile,routine startup target,approved,benign
CFG-0542,2026-09-18T07:20:20Z,MGMT-01,ACME\\mgarcia,Enterprise logon policy,MapDrives,routine startup target,approved,benign
CFG-0355,2026-09-18T07:33:21Z,FIN-WS-09,ACME\\mgarcia,Application startup,MapDrives,routine startup target,approved,benign
CFG-0366,2026-09-18T07:41:39Z,JUMP-01,SYSTEM,Startup folder,Teams,routine startup target,approved,benign
CFG-0585,2026-09-18T08:12:58Z,MGMT-01,ACME\\lchen,Startup folder,DisplayProfile,routine startup target,approved,benign
CFG-0343,2026-09-18T08:13:08Z,FIN-WS-09,ACME\\jsmith,Enterprise logon policy,Teams,routine startup target,approved,benign
CFG-0200,2026-09-18T08:16:43Z,HR-WS-04,SYSTEM,Startup folder,Teams,routine startup target,approved,benign
CFG-0432,2026-09-18T08:22:43Z,HR-WS-04,SYSTEM,Enterprise logon policy,OneDrive,routine startup target,approved,benign
CFG-0409,2026-09-18T08:59:07Z,DC-01,ACME\\mgarcia,Application startup,DisplayProfile,routine startup target,approved,benign
CFG-0440,2026-09-18T09:01:43Z,JUMP-01,ACME\\jsmith,Startup folder,DisplayProfile,routine startup target,approved,benign
CFG-0504,2026-09-18T09:06:45Z,ENG-WS-17,ACME\\lchen,Startup folder,MapDrives,routine startup target,approved,benign
CFG-0449,2026-09-18T09:28:39Z,MGMT-01,SYSTEM,Startup folder,Teams,routine startup target,approved,benign
CFG-0174,2026-09-18T09:35:19Z,ENG-WS-17,SYSTEM,Startup folder,Teams,routine startup target,approved,benign
CFG-0563,2026-09-18T09:45:01Z,JUMP-01,SYSTEM,Startup folder,OneDrive,routine startup target,approved,benign
CFG-0260,2026-09-18T09:45:26Z,DC-01,ACME\\jsmith,Application startup,OneDrive,routine startup target,approved,benign
CFG-0171,2026-09-18T09:46:22Z,MGMT-01,SYSTEM,Application startup,DisplayProfile,routine startup target,approved,benign
CFG-0534,2026-09-18T10:09:28Z,HR-WS-04,SYSTEM,Application startup,DisplayProfile,routine startup target,approved,benign
CFG-0306,2026-09-18T10:13:04Z,DC-01,ACME\\jsmith,Enterprise logon policy,DisplayProfile,routine startup target,approved,benign
CFG-0362,2026-09-18T10:43:16Z,HR-WS-04,ACME\\jsmith,Enterprise logon policy,DisplayProfile,routine startup target,approved,benign
CFG-0336,2026-09-18T10:44:38Z,ENG-WS-17,ACME\\lchen,Application startup,OneDrive,routine startup target,approved,benign
CFG-0555,2026-09-18T10:51:51Z,ENG-WS-17,ACME\\lchen,Enterprise logon policy,OneDrive,routine startup target,approved,benign
CFG-0436,2026-09-18T10:58:12Z,MGMT-01,SYSTEM,Application startup,DisplayProfile,routine startup target,approved,benign
CFG-0224,2026-09-18T11:07:56Z,DC-01,SYSTEM,Enterprise logon policy,Teams,routine startup target,approved,benign
CFG-0209,2026-09-18T11:11:56Z,ENG-WS-17,SYSTEM,Startup folder,MapDrives,routine startup target,approved,benign
CFG-0216,2026-09-18T11:19:45Z,ENG-WS-17,ACME\\lchen,Enterprise logon policy,OneDrive,routine startup target,approved,benign
CFG-0135,2026-09-18T11:27:29Z,JUMP-01,ACME\\lchen,Startup folder,DisplayProfile,routine startup target,approved,benign
CFG-0488,2026-09-18T11:27:51Z,MGMT-01,ACME\\lchen,Enterprise logon policy,DisplayProfile,routine startup target,approved,benign
CFG-0569,2026-09-18T11:30:26Z,JUMP-01,ACME\\lchen,Startup folder,DisplayProfile,routine startup target,approved,benign
CFG-0562,2026-09-18T11:40:01Z,JUMP-01,ACME\\jsmith,Startup folder,DisplayProfile,routine startup target,approved,benign
CFG-0247,2026-09-18T11:40:40Z,JUMP-01,ACME\\mgarcia,Application startup,MapDrives,routine startup target,approved,benign
CFG-0136,2026-09-18T11:52:59Z,JUMP-01,ACME\\jsmith,Application startup,DisplayProfile,routine startup target,approved,benign
