_time,detection_id,user,rule_name,severity,session_id
2026-10-04T13:00:00Z,ATD14-N000,ACME\mrivera,Routine identity analytic,low,sess-normal-000
2026-10-04T13:01:01Z,ATD14-N001,ACME\knguyen,Routine identity analytic,low,sess-normal-001
2026-10-04T13:02:02Z,ATD14-N002,ACME\lchen,Routine identity analytic,low,sess-normal-002
2026-10-04T13:03:03Z,ATD14-N003,ACME\rlee,Routine identity analytic,low,sess-normal-003
2026-10-04T13:04:04Z,ATD14-N004,ACME\lchen,Routine identity analytic,low,sess-normal-004
2026-10-04T13:05:05Z,ATD14-N005,ACME\mrivera,Routine identity analytic,low,sess-normal-005
2026-10-04T13:06:06Z,ATD14-N006,ACME\mrivera,Routine identity analytic,low,sess-normal-006
2026-10-04T13:07:07Z,ATD14-N007,ACME\rlee,Routine identity analytic,low,sess-normal-007
2026-10-04T13:08:08Z,ATD14-N008,ACME\mrivera,Routine identity analytic,low,sess-normal-008
2026-10-04T13:09:09Z,ATD14-N009,ACME\rlee,Routine identity analytic,low,sess-normal-009
2026-10-04T13:10:10Z,ATD14-N010,ACME\lchen,Routine identity analytic,low,sess-normal-010
2026-10-04T13:11:11Z,ATD14-N011,ACME\mrivera,Routine identity analytic,low,sess-normal-011
2026-10-04T13:12:12Z,ATD14-N012,ACME\mrivera,Routine identity analytic,low,sess-normal-012
2026-10-04T13:13:13Z,ATD14-N013,ACME\knguyen,Routine identity analytic,low,sess-normal-013
2026-10-04T13:14:14Z,ATD14-N014,ACME\mrivera,Routine identity analytic,low,sess-normal-014
2026-10-04T13:15:15Z,ATD14-N015,ACME\mrivera,Routine identity analytic,low,sess-normal-015
2026-10-04T13:16:16Z,ATD14-N016,ACME\lchen,Routine identity analytic,low,sess-normal-016
2026-10-04T13:17:17Z,ATD14-N017,ACME\rlee,Routine identity analytic,low,sess-normal-017
2026-10-04T13:18:18Z,ATD14-N018,ACME\lchen,Routine identity analytic,low,sess-normal-018
2026-10-04T13:19:19Z,ATD14-N019,ACME\mrivera,Routine identity analytic,low,sess-normal-019
2026-10-04T13:20:20Z,ATD14-N020,ACME\mrivera,Routine identity analytic,low,sess-normal-020
2026-10-04T13:21:21Z,ATD14-N021,ACME\mrivera,Routine identity analytic,low,sess-normal-021
2026-10-04T13:22:22Z,ATD14-N022,ACME\knguyen,Routine identity analytic,low,sess-normal-022
2026-10-04T13:23:23Z,ATD14-N023,ACME\mrivera,Routine identity analytic,low,sess-normal-023
2026-10-04T13:24:24Z,ATD14-N024,ACME\rlee,Routine identity analytic,low,sess-normal-024
2026-10-04T13:25:25Z,ATD14-N025,ACME\rlee,Routine identity analytic,low,sess-normal-025
2026-10-04T13:26:26Z,ATD14-N026,ACME\mrivera,Routine identity analytic,low,sess-normal-026
2026-10-04T13:27:27Z,ATD14-N027,ACME\lchen,Routine identity analytic,low,sess-normal-027
2026-10-04T13:28:28Z,ATD14-N028,ACME\knguyen,Routine identity analytic,low,sess-normal-028
2026-10-04T13:29:29Z,ATD14-N029,ACME\mrivera,Routine identity analytic,low,sess-normal-029
2026-10-04T13:30:30Z,ATD14-N030,ACME\lchen,Routine identity analytic,low,sess-normal-030
2026-10-04T13:31:31Z,ATD14-N031,ACME\rlee,Routine identity analytic,low,sess-normal-031
2026-10-04T13:32:32Z,ATD14-N032,ACME\lchen,Routine identity analytic,low,sess-normal-032
2026-10-04T13:33:33Z,ATD14-N033,ACME\lchen,Routine identity analytic,low,sess-normal-033
2026-10-04T13:34:34Z,ATD14-N034,ACME\lchen,Routine identity analytic,low,sess-normal-034
2026-10-04T13:35:35Z,ATD14-N035,ACME\lchen,Routine identity analytic,low,sess-normal-035
2026-10-04T13:36:36Z,ATD14-N036,ACME\knguyen,Routine identity analytic,low,sess-normal-036
2026-10-04T13:37:37Z,ATD14-N037,ACME\knguyen,Routine identity analytic,low,sess-normal-037
2026-10-04T13:38:38Z,ATD14-N038,ACME\lchen,Routine identity analytic,low,sess-normal-038
2026-10-04T13:39:39Z,ATD14-N039,ACME\mrivera,Routine identity analytic,low,sess-normal-039
2026-10-04T13:40:40Z,ATD14-N040,ACME\mrivera,Routine identity analytic,low,sess-normal-040
2026-10-04T13:41:41Z,ATD14-N041,ACME\lchen,Routine identity analytic,low,sess-normal-041
2026-10-04T13:42:42Z,ATD14-N042,ACME\rlee,Routine identity analytic,low,sess-normal-042
2026-10-04T13:43:43Z,ATD14-N043,ACME\knguyen,Routine identity analytic,low,sess-normal-043
2026-10-04T13:44:44Z,ATD14-N044,ACME\mrivera,Routine identity analytic,low,sess-normal-044
2026-10-04T13:45:45Z,ATD14-N045,ACME\mrivera,Routine identity analytic,low,sess-normal-045
2026-10-04T13:46:46Z,ATD14-N046,ACME\lchen,Routine identity analytic,low,sess-normal-046
2026-10-04T13:47:47Z,ATD14-N047,ACME\lchen,Routine identity analytic,low,sess-normal-047
2026-10-04T13:48:48Z,ATD14-N048,ACME\rlee,Routine identity analytic,low,sess-normal-048
2026-10-04T13:49:49Z,ATD14-N049,ACME\lchen,Routine identity analytic,low,sess-normal-049
2026-10-04T13:50:50Z,ATD14-N050,ACME\knguyen,Routine identity analytic,low,sess-normal-050
2026-10-04T13:51:51Z,ATD14-N051,ACME\mrivera,Routine identity analytic,low,sess-normal-051
2026-10-04T13:52:52Z,ATD14-N052,ACME\knguyen,Routine identity analytic,low,sess-normal-052
2026-10-04T13:53:53Z,ATD14-N053,ACME\lchen,Routine identity analytic,low,sess-normal-053
2026-10-04T13:54:54Z,ATD14-N054,ACME\lchen,Routine identity analytic,low,sess-normal-054
2026-10-04T13:55:55Z,ATD14-N055,ACME\lchen,Routine identity analytic,low,sess-normal-055
2026-10-04T13:56:56Z,ATD14-N056,ACME\rlee,Routine identity analytic,low,sess-normal-056
2026-10-04T13:57:57Z,ATD14-N057,ACME\rlee,Routine identity analytic,low,sess-normal-057
2026-10-04T13:58:58Z,ATD14-N058,ACME\rlee,Routine identity analytic,low,sess-normal-058
2026-10-04T13:59:00Z,ATD14-N059,ACME\lchen,Routine identity analytic,low,sess-normal-059
2026-10-04T14:00:01Z,ATD14-N060,ACME\rlee,Routine identity analytic,low,sess-normal-060
2026-10-04T14:01:02Z,ATD14-N061,ACME\mrivera,Routine identity analytic,low,sess-normal-061
2026-10-04T14:02:03Z,ATD14-N062,ACME\lchen,Routine identity analytic,low,sess-normal-062
2026-10-04T14:03:04Z,ATD14-N063,ACME\rlee,Routine identity analytic,low,sess-normal-063
2026-10-04T14:04:05Z,ATD14-N064,ACME\knguyen,Routine identity analytic,low,sess-normal-064
2026-10-04T14:05:06Z,ATD14-N065,ACME\knguyen,Routine identity analytic,low,sess-normal-065
2026-10-04T14:06:07Z,ATD14-N066,ACME\rlee,Routine identity analytic,low,sess-normal-066
2026-10-04T14:07:08Z,ATD14-N067,ACME\lchen,Routine identity analytic,low,sess-normal-067
2026-10-04T14:08:09Z,ATD14-N068,ACME\rlee,Routine identity analytic,low,sess-normal-068
2026-10-04T14:09:10Z,ATD14-N069,ACME\lchen,Routine identity analytic,low,sess-normal-069
2026-10-04T14:10:11Z,ATD14-N070,ACME\knguyen,Routine identity analytic,low,sess-normal-070
2026-10-04T14:11:12Z,ATD14-N071,ACME\mrivera,Routine identity analytic,low,sess-normal-071
2026-10-04T14:12:13Z,ATD14-N072,ACME\mrivera,Routine identity analytic,low,sess-normal-072
2026-10-04T14:13:14Z,ATD14-N073,ACME\lchen,Routine identity analytic,low,sess-normal-073
2026-10-04T14:14:15Z,ATD14-N074,ACME\lchen,Routine identity analytic,low,sess-normal-074
2026-10-04T14:15:16Z,ATD14-N075,ACME\lchen,Routine identity analytic,low,sess-normal-075
2026-10-04T14:16:17Z,ATD14-N076,ACME\lchen,Routine identity analytic,low,sess-normal-076
2026-10-04T14:17:18Z,ATD14-N077,ACME\rlee,Routine identity analytic,low,sess-normal-077
2026-10-04T14:18:19Z,ATD14-N078,ACME\lchen,Routine identity analytic,low,sess-normal-078
2026-10-04T14:19:20Z,ATD14-N079,ACME\mrivera,Routine identity analytic,low,sess-normal-079
2026-10-04T14:20:21Z,ATD14-N080,ACME\mrivera,Routine identity analytic,low,sess-normal-080
2026-10-04T14:21:22Z,ATD14-N081,ACME\lchen,Routine identity analytic,low,sess-normal-081
2026-10-04T14:22:23Z,ATD14-N082,ACME\rlee,Routine identity analytic,low,sess-normal-082
2026-10-04T14:23:24Z,ATD14-N083,ACME\rlee,Routine identity analytic,low,sess-normal-083
2026-10-04T14:24:25Z,ATD14-N084,ACME\rlee,Routine identity analytic,low,sess-normal-084
2026-10-04T14:25:26Z,ATD14-N085,ACME\mrivera,Routine identity analytic,low,sess-normal-085
2026-10-04T14:26:27Z,ATD14-N086,ACME\mrivera,Routine identity analytic,low,sess-normal-086
2026-10-04T14:27:28Z,ATD14-N087,ACME\knguyen,Routine identity analytic,low,sess-normal-087
2026-10-04T14:28:29Z,ATD14-N088,ACME\rlee,Routine identity analytic,low,sess-normal-088
2026-10-04T14:29:30Z,ATD14-N089,ACME\mrivera,Routine identity analytic,low,sess-normal-089
2026-10-04T14:30:31Z,ATD14-N090,ACME\knguyen,Routine identity analytic,low,sess-normal-090
2026-10-04T14:31:32Z,ATD14-N091,ACME\mrivera,Routine identity analytic,low,sess-normal-091
2026-10-04T14:32:33Z,ATD14-N092,ACME\knguyen,Routine identity analytic,low,sess-normal-092
2026-10-04T14:33:34Z,ATD14-N093,ACME\mrivera,Routine identity analytic,low,sess-normal-093
2026-10-04T14:34:35Z,ATD14-N094,ACME\lchen,Routine identity analytic,low,sess-normal-094
2026-10-04T14:35:36Z,ATD14-N095,ACME\knguyen,Routine identity analytic,low,sess-normal-095
2026-10-04T14:36:37Z,ATD14-N096,ACME\mrivera,Routine identity analytic,low,sess-normal-096
2026-10-04T14:37:38Z,ATD14-N097,ACME\knguyen,Routine identity analytic,low,sess-normal-097
2026-10-04T14:38:39Z,ATD14-N098,ACME\lchen,Routine identity analytic,low,sess-normal-098
2026-10-04T14:39:40Z,ATD14-N099,ACME\mrivera,Routine identity analytic,low,sess-normal-099
2026-10-04T14:40:41Z,ATD14-N100,ACME\knguyen,Routine identity analytic,low,sess-normal-100
2026-10-04T14:41:42Z,ATD14-N101,ACME\lchen,Routine identity analytic,low,sess-normal-101
2026-10-04T14:42:43Z,ATD14-N102,ACME\rlee,Routine identity analytic,low,sess-normal-102
2026-10-04T14:43:44Z,ATD14-N103,ACME\rlee,Routine identity analytic,low,sess-normal-103
2026-10-04T14:44:45Z,ATD14-N104,ACME\mrivera,Routine identity analytic,low,sess-normal-104
2026-10-04T14:45:46Z,ATD14-N105,ACME\mrivera,Routine identity analytic,low,sess-normal-105
2026-10-04T14:46:47Z,ATD14-N106,ACME\lchen,Routine identity analytic,low,sess-normal-106
2026-10-04T14:47:48Z,ATD14-N107,ACME\lchen,Routine identity analytic,low,sess-normal-107
2026-10-04T14:48:49Z,ATD14-N108,ACME\knguyen,Routine identity analytic,low,sess-normal-108
2026-10-04T14:49:50Z,ATD14-N109,ACME\lchen,Routine identity analytic,low,sess-normal-109
2026-10-04T14:50:51Z,ATD14-N110,ACME\knguyen,Routine identity analytic,low,sess-normal-110
2026-10-04T14:51:52Z,ATD14-N111,ACME\lchen,Routine identity analytic,low,sess-normal-111
2026-10-04T14:52:53Z,ATD14-N112,ACME\knguyen,Routine identity analytic,low,sess-normal-112
2026-10-04T14:53:54Z,ATD14-N113,ACME\mrivera,Routine identity analytic,low,sess-normal-113
2026-10-04T14:54:55Z,ATD14-N114,ACME\mrivera,Routine identity analytic,low,sess-normal-114
2026-10-04T14:55:56Z,ATD14-N115,ACME\knguyen,Routine identity analytic,low,sess-normal-115
2026-10-04T14:56:57Z,ATD14-N116,ACME\rlee,Routine identity analytic,low,sess-normal-116
2026-10-04T14:57:58Z,ATD14-N117,ACME\knguyen,Routine identity analytic,low,sess-normal-117
2026-10-04T14:58:00Z,ATD14-N118,ACME\knguyen,Routine identity analytic,low,sess-normal-118
2026-10-04T14:59:01Z,ATD14-N119,ACME\rlee,Routine identity analytic,low,sess-normal-119
2026-10-04T15:00:02Z,ATD14-N120,ACME\lchen,Routine identity analytic,low,sess-normal-120
2026-10-04T15:01:03Z,ATD14-N121,ACME\lchen,Routine identity analytic,low,sess-normal-121
2026-10-04T15:02:04Z,ATD14-N122,ACME\lchen,Routine identity analytic,low,sess-normal-122
2026-10-04T15:03:05Z,ATD14-N123,ACME\lchen,Routine identity analytic,low,sess-normal-123
2026-10-04T15:04:06Z,ATD14-N124,ACME\mrivera,Routine identity analytic,low,sess-normal-124
2026-10-04T15:05:07Z,ATD14-N125,ACME\lchen,Routine identity analytic,low,sess-normal-125
2026-10-04T15:06:08Z,ATD14-N126,ACME\rlee,Routine identity analytic,low,sess-normal-126
2026-10-04T15:07:09Z,ATD14-N127,ACME\rlee,Routine identity analytic,low,sess-normal-127
2026-10-04T15:08:10Z,ATD14-N128,ACME\rlee,Routine identity analytic,low,sess-normal-128
2026-10-04T15:09:11Z,ATD14-N129,ACME\rlee,Routine identity analytic,low,sess-normal-129
2026-10-04T15:10:12Z,ATD14-N130,ACME\lchen,Routine identity analytic,low,sess-normal-130
2026-10-04T15:11:13Z,ATD14-N131,ACME\rlee,Routine identity analytic,low,sess-normal-131
2026-10-04T15:12:14Z,ATD14-N132,ACME\knguyen,Routine identity analytic,low,sess-normal-132
2026-10-04T15:13:15Z,ATD14-N133,ACME\rlee,Routine identity analytic,low,sess-normal-133
2026-10-04T15:14:16Z,ATD14-N134,ACME\knguyen,Routine identity analytic,low,sess-normal-134
2026-10-04T15:15:17Z,ATD14-N135,ACME\rlee,Routine identity analytic,low,sess-normal-135
2026-10-04T15:16:18Z,ATD14-N136,ACME\knguyen,Routine identity analytic,low,sess-normal-136
2026-10-04T15:17:19Z,ATD14-N137,ACME\mrivera,Routine identity analytic,low,sess-normal-137
2026-10-04T15:18:20Z,ATD14-N138,ACME\lchen,Routine identity analytic,low,sess-normal-138
2026-10-04T15:19:21Z,ATD14-N139,ACME\mrivera,Routine identity analytic,low,sess-normal-139
2026-10-04T15:20:22Z,ATD14-N140,ACME\mrivera,Routine identity analytic,low,sess-normal-140
2026-10-04T15:21:23Z,ATD14-N141,ACME\mrivera,Routine identity analytic,low,sess-normal-141
2026-10-04T15:22:24Z,ATD14-N142,ACME\mrivera,Routine identity analytic,low,sess-normal-142
2026-10-04T15:23:25Z,ATD14-N143,ACME\lchen,Routine identity analytic,low,sess-normal-143
2026-10-04T15:24:26Z,ATD14-N144,ACME\rlee,Routine identity analytic,low,sess-normal-144
2026-10-04T15:25:27Z,ATD14-N145,ACME\knguyen,Routine identity analytic,low,sess-normal-145
2026-10-04T15:26:28Z,ATD14-N146,ACME\lchen,Routine identity analytic,low,sess-normal-146
2026-10-04T15:27:29Z,ATD14-N147,ACME\knguyen,Routine identity analytic,low,sess-normal-147
2026-10-04T15:28:30Z,ATD14-N148,ACME\rlee,Routine identity analytic,low,sess-normal-148
2026-10-04T15:29:31Z,ATD14-N149,ACME\rlee,Routine identity analytic,low,sess-normal-149
2026-10-04T15:30:32Z,ATD14-N150,ACME\lchen,Routine identity analytic,low,sess-normal-150
2026-10-04T15:31:33Z,ATD14-N151,ACME\rlee,Routine identity analytic,low,sess-normal-151
2026-10-04T15:32:34Z,ATD14-N152,ACME\mrivera,Routine identity analytic,low,sess-normal-152
2026-10-04T15:33:35Z,ATD14-N153,ACME\knguyen,Routine identity analytic,low,sess-normal-153
2026-10-04T15:34:36Z,ATD14-N154,ACME\mrivera,Routine identity analytic,low,sess-normal-154
2026-10-04T15:35:37Z,ATD14-N155,ACME\knguyen,Routine identity analytic,low,sess-normal-155
2026-10-04T15:36:38Z,ATD14-N156,ACME\knguyen,Routine identity analytic,low,sess-normal-156
2026-10-04T15:37:39Z,ATD14-N157,ACME\lchen,Routine identity analytic,low,sess-normal-157
2026-10-04T15:38:40Z,ATD14-N158,ACME\lchen,Routine identity analytic,low,sess-normal-158
2026-10-04T15:39:41Z,ATD14-N159,ACME\knguyen,Routine identity analytic,low,sess-normal-159
2026-10-04T15:40:42Z,ATD14-N160,ACME\lchen,Routine identity analytic,low,sess-normal-160
2026-10-04T15:41:43Z,ATD14-N161,ACME\lchen,Routine identity analytic,low,sess-normal-161
2026-10-04T15:42:44Z,ATD14-N162,ACME\rlee,Routine identity analytic,low,sess-normal-162
2026-10-04T15:43:45Z,ATD14-N163,ACME\knguyen,Routine identity analytic,low,sess-normal-163
2026-10-04T15:44:46Z,ATD14-N164,ACME\lchen,Routine identity analytic,low,sess-normal-164
2026-10-04T15:45:47Z,ATD14-N165,ACME\mrivera,Routine identity analytic,low,sess-normal-165
2026-10-04T15:46:48Z,ATD14-N166,ACME\rlee,Routine identity analytic,low,sess-normal-166
2026-10-04T15:47:49Z,ATD14-N167,ACME\lchen,Routine identity analytic,low,sess-normal-167
2026-10-04T15:48:50Z,ATD14-N168,ACME\rlee,Routine identity analytic,low,sess-normal-168
2026-10-04T15:49:51Z,ATD14-N169,ACME\lchen,Routine identity analytic,low,sess-normal-169
2026-10-04T15:50:52Z,ATD14-N170,ACME\mrivera,Routine identity analytic,low,sess-normal-170
2026-10-04T15:51:53Z,ATD14-N171,ACME\mrivera,Routine identity analytic,low,sess-normal-171
2026-10-04T15:52:54Z,ATD14-N172,ACME\knguyen,Routine identity analytic,low,sess-normal-172
2026-10-04T15:53:55Z,ATD14-N173,ACME\knguyen,Routine identity analytic,low,sess-normal-173
2026-10-04T15:54:56Z,ATD14-N174,ACME\rlee,Routine identity analytic,low,sess-normal-174
2026-10-04T15:55:57Z,ATD14-N175,ACME\rlee,Routine identity analytic,low,sess-normal-175
2026-10-04T15:56:58Z,ATD14-N176,ACME\mrivera,Routine identity analytic,low,sess-normal-176
2026-10-04T15:57:00Z,ATD14-N177,ACME\lchen,Routine identity analytic,low,sess-normal-177
2026-10-04T15:58:01Z,ATD14-N178,ACME\rlee,Routine identity analytic,low,sess-normal-178
2026-10-04T15:59:02Z,ATD14-N179,ACME\mrivera,Routine identity analytic,low,sess-normal-179
2026-10-04T16:00:03Z,ATD14-N180,ACME\knguyen,Routine identity analytic,low,sess-normal-180
2026-10-04T16:01:04Z,ATD14-N181,ACME\rlee,Routine identity analytic,low,sess-normal-181
2026-10-04T16:02:05Z,ATD14-N182,ACME\lchen,Routine identity analytic,low,sess-normal-182
2026-10-04T16:03:06Z,ATD14-N183,ACME\knguyen,Routine identity analytic,low,sess-normal-183
2026-10-04T16:04:07Z,ATD14-N184,ACME\lchen,Routine identity analytic,low,sess-normal-184
2026-10-04T16:05:08Z,ATD14-N185,ACME\rlee,Routine identity analytic,low,sess-normal-185
2026-10-04T16:06:09Z,ATD14-N186,ACME\lchen,Routine identity analytic,low,sess-normal-186
2026-10-04T16:07:10Z,ATD14-N187,ACME\knguyen,Routine identity analytic,low,sess-normal-187
2026-10-04T16:08:11Z,ATD14-N188,ACME\lchen,Routine identity analytic,low,sess-normal-188
2026-10-04T16:09:12Z,ATD14-N189,ACME\mrivera,Routine identity analytic,low,sess-normal-189
2026-10-04T16:10:13Z,ATD14-N190,ACME\mrivera,Routine identity analytic,low,sess-normal-190
2026-10-04T16:11:14Z,ATD14-N191,ACME\knguyen,Routine identity analytic,low,sess-normal-191
2026-10-04T16:12:15Z,ATD14-N192,ACME\rlee,Routine identity analytic,low,sess-normal-192
2026-10-04T16:13:16Z,ATD14-N193,ACME\mrivera,Routine identity analytic,low,sess-normal-193
2026-10-04T16:14:17Z,ATD14-N194,ACME\mrivera,Routine identity analytic,low,sess-normal-194
2026-10-04T16:15:18Z,ATD14-N195,ACME\knguyen,Routine identity analytic,low,sess-normal-195
2026-10-04T16:16:19Z,ATD14-N196,ACME\knguyen,Routine identity analytic,low,sess-normal-196
2026-10-04T16:17:20Z,ATD14-N197,ACME\mrivera,Routine identity analytic,low,sess-normal-197
2026-10-04T16:18:21Z,ATD14-N198,ACME\knguyen,Routine identity analytic,low,sess-normal-198
2026-10-04T16:19:22Z,ATD14-N199,ACME\rlee,Routine identity analytic,low,sess-normal-199
2026-10-04T16:20:23Z,ATD14-N200,ACME\knguyen,Routine identity analytic,low,sess-normal-200
2026-10-04T16:21:24Z,ATD14-N201,ACME\mrivera,Routine identity analytic,low,sess-normal-201
2026-10-04T16:22:25Z,ATD14-N202,ACME\lchen,Routine identity analytic,low,sess-normal-202
2026-10-04T16:23:26Z,ATD14-N203,ACME\rlee,Routine identity analytic,low,sess-normal-203
2026-10-04T16:24:27Z,ATD14-N204,ACME\lchen,Routine identity analytic,low,sess-normal-204
2026-10-04T16:25:28Z,ATD14-N205,ACME\lchen,Routine identity analytic,low,sess-normal-205
2026-10-04T16:26:29Z,ATD14-N206,ACME\mrivera,Routine identity analytic,low,sess-normal-206
2026-10-04T16:27:30Z,ATD14-N207,ACME\mrivera,Routine identity analytic,low,sess-normal-207
2026-10-04T16:28:31Z,ATD14-N208,ACME\lchen,Routine identity analytic,low,sess-normal-208
2026-10-04T16:29:32Z,ATD14-N209,ACME\lchen,Routine identity analytic,low,sess-normal-209
2026-10-04T16:30:33Z,ATD14-N210,ACME\mrivera,Routine identity analytic,low,sess-normal-210
2026-10-04T16:31:34Z,ATD14-N211,ACME\mrivera,Routine identity analytic,low,sess-normal-211
2026-10-04T16:32:35Z,ATD14-N212,ACME\lchen,Routine identity analytic,low,sess-normal-212
2026-10-04T16:33:36Z,ATD14-N213,ACME\lchen,Routine identity analytic,low,sess-normal-213
2026-10-04T16:34:37Z,ATD14-N214,ACME\lchen,Routine identity analytic,low,sess-normal-214
2026-10-04T16:35:38Z,ATD14-N215,ACME\rlee,Routine identity analytic,low,sess-normal-215
2026-10-04T16:36:39Z,ATD14-N216,ACME\mrivera,Routine identity analytic,low,sess-normal-216
2026-10-04T16:37:40Z,ATD14-N217,ACME\rlee,Routine identity analytic,low,sess-normal-217
2026-10-04T16:38:41Z,ATD14-N218,ACME\knguyen,Routine identity analytic,low,sess-normal-218
2026-10-04T16:39:42Z,ATD14-N219,ACME\lchen,Routine identity analytic,low,sess-normal-219
2026-10-04T16:12:00Z,ATD14-001,ACME\knguyen,Successful Sign-In From New Unmanaged Context,high,sess-kng-7f2
2026-10-04T16:41:44Z,ATD14-N221,ACME\knguyen,Routine identity analytic,low,sess-normal-221
2026-10-04T16:42:45Z,ATD14-N222,ACME\knguyen,Routine identity analytic,low,sess-normal-222
2026-10-04T16:43:46Z,ATD14-N223,ACME\rlee,Routine identity analytic,low,sess-normal-223
2026-10-04T16:44:47Z,ATD14-N224,ACME\mrivera,Routine identity analytic,low,sess-normal-224
2026-10-04T16:45:48Z,ATD14-N225,ACME\rlee,Routine identity analytic,low,sess-normal-225
2026-10-04T16:46:49Z,ATD14-N226,ACME\rlee,Routine identity analytic,low,sess-normal-226
2026-10-04T16:47:50Z,ATD14-N227,ACME\knguyen,Routine identity analytic,low,sess-normal-227
2026-10-04T16:48:51Z,ATD14-N228,ACME\knguyen,Routine identity analytic,low,sess-normal-228
2026-10-04T16:49:52Z,ATD14-N229,ACME\rlee,Routine identity analytic,low,sess-normal-229
2026-10-04T16:50:53Z,ATD14-N230,ACME\rlee,Routine identity analytic,low,sess-normal-230
2026-10-04T16:51:54Z,ATD14-N231,ACME\lchen,Routine identity analytic,low,sess-normal-231
2026-10-04T16:52:55Z,ATD14-N232,ACME\knguyen,Routine identity analytic,low,sess-normal-232
2026-10-04T16:53:56Z,ATD14-N233,ACME\lchen,Routine identity analytic,low,sess-normal-233
2026-10-04T16:54:57Z,ATD14-N234,ACME\lchen,Routine identity analytic,low,sess-normal-234
2026-10-04T16:55:58Z,ATD14-N235,ACME\lchen,Routine identity analytic,low,sess-normal-235
2026-10-04T16:56:00Z,ATD14-N236,ACME\knguyen,Routine identity analytic,low,sess-normal-236
2026-10-04T16:57:01Z,ATD14-N237,ACME\lchen,Routine identity analytic,low,sess-normal-237
2026-10-04T16:58:02Z,ATD14-N238,ACME\lchen,Routine identity analytic,low,sess-normal-238
2026-10-04T16:59:03Z,ATD14-N239,ACME\knguyen,Routine identity analytic,low,sess-normal-239
2026-10-04T13:00:04Z,ATD14-N240,ACME\lchen,Routine identity analytic,low,sess-normal-240
2026-10-04T13:01:05Z,ATD14-N241,ACME\mrivera,Routine identity analytic,low,sess-normal-241
2026-10-04T13:02:06Z,ATD14-N242,ACME\mrivera,Routine identity analytic,low,sess-normal-242
2026-10-04T13:03:07Z,ATD14-N243,ACME\rlee,Routine identity analytic,low,sess-normal-243
2026-10-04T13:04:08Z,ATD14-N244,ACME\rlee,Routine identity analytic,low,sess-normal-244
2026-10-04T13:05:09Z,ATD14-N245,ACME\lchen,Routine identity analytic,low,sess-normal-245
2026-10-04T13:06:10Z,ATD14-N246,ACME\rlee,Routine identity analytic,low,sess-normal-246
2026-10-04T13:07:11Z,ATD14-N247,ACME\mrivera,Routine identity analytic,low,sess-normal-247
2026-10-04T13:08:12Z,ATD14-N248,ACME\lchen,Routine identity analytic,low,sess-normal-248
2026-10-04T13:09:13Z,ATD14-N249,ACME\knguyen,Routine identity analytic,low,sess-normal-249
2026-10-04T13:10:14Z,ATD14-N250,ACME\knguyen,Routine identity analytic,low,sess-normal-250
2026-10-04T13:11:15Z,ATD14-N251,ACME\mrivera,Routine identity analytic,low,sess-normal-251
2026-10-04T13:12:16Z,ATD14-N252,ACME\mrivera,Routine identity analytic,low,sess-normal-252
2026-10-04T13:13:17Z,ATD14-N253,ACME\knguyen,Routine identity analytic,low,sess-normal-253
2026-10-04T13:14:18Z,ATD14-N254,ACME\rlee,Routine identity analytic,low,sess-normal-254
2026-10-04T13:15:19Z,ATD14-N255,ACME\lchen,Routine identity analytic,low,sess-normal-255
2026-10-04T13:16:20Z,ATD14-N256,ACME\knguyen,Routine identity analytic,low,sess-normal-256
2026-10-04T13:17:21Z,ATD14-N257,ACME\knguyen,Routine identity analytic,low,sess-normal-257
2026-10-04T13:18:22Z,ATD14-N258,ACME\lchen,Routine identity analytic,low,sess-normal-258
2026-10-04T13:19:23Z,ATD14-N259,ACME\mrivera,Routine identity analytic,low,sess-normal-259
2026-10-04T13:20:24Z,ATD14-N260,ACME\lchen,Routine identity analytic,low,sess-normal-260
2026-10-04T13:21:25Z,ATD14-N261,ACME\lchen,Routine identity analytic,low,sess-normal-261
2026-10-04T13:22:26Z,ATD14-N262,ACME\mrivera,Routine identity analytic,low,sess-normal-262
2026-10-04T13:23:27Z,ATD14-N263,ACME\rlee,Routine identity analytic,low,sess-normal-263
2026-10-04T13:24:28Z,ATD14-N264,ACME\rlee,Routine identity analytic,low,sess-normal-264
2026-10-04T13:25:29Z,ATD14-N265,ACME\mrivera,Routine identity analytic,low,sess-normal-265
2026-10-04T13:26:30Z,ATD14-N266,ACME\rlee,Routine identity analytic,low,sess-normal-266
2026-10-04T13:27:31Z,ATD14-N267,ACME\mrivera,Routine identity analytic,low,sess-normal-267
2026-10-04T13:28:32Z,ATD14-N268,ACME\rlee,Routine identity analytic,low,sess-normal-268
2026-10-04T13:29:33Z,ATD14-N269,ACME\lchen,Routine identity analytic,low,sess-normal-269
2026-10-04T13:30:34Z,ATD14-N270,ACME\knguyen,Routine identity analytic,low,sess-normal-270
2026-10-04T13:31:35Z,ATD14-N271,ACME\lchen,Routine identity analytic,low,sess-normal-271
2026-10-04T13:32:36Z,ATD14-N272,ACME\mrivera,Routine identity analytic,low,sess-normal-272
2026-10-04T13:33:37Z,ATD14-N273,ACME\mrivera,Routine identity analytic,low,sess-normal-273
2026-10-04T13:34:38Z,ATD14-N274,ACME\mrivera,Routine identity analytic,low,sess-normal-274
2026-10-04T13:35:39Z,ATD14-N275,ACME\lchen,Routine identity analytic,low,sess-normal-275
2026-10-04T13:36:40Z,ATD14-N276,ACME\lchen,Routine identity analytic,low,sess-normal-276
2026-10-04T13:37:41Z,ATD14-N277,ACME\mrivera,Routine identity analytic,low,sess-normal-277
2026-10-04T13:38:42Z,ATD14-N278,ACME\knguyen,Routine identity analytic,low,sess-normal-278
2026-10-04T13:39:43Z,ATD14-N279,ACME\lchen,Routine identity analytic,low,sess-normal-279
2026-10-04T13:40:44Z,ATD14-N280,ACME\mrivera,Routine identity analytic,low,sess-normal-280
2026-10-04T13:41:45Z,ATD14-N281,ACME\mrivera,Routine identity analytic,low,sess-normal-281
2026-10-04T13:42:46Z,ATD14-N282,ACME\rlee,Routine identity analytic,low,sess-normal-282
2026-10-04T13:43:47Z,ATD14-N283,ACME\knguyen,Routine identity analytic,low,sess-normal-283
2026-10-04T13:44:48Z,ATD14-N284,ACME\mrivera,Routine identity analytic,low,sess-normal-284
2026-10-04T13:45:49Z,ATD14-N285,ACME\lchen,Routine identity analytic,low,sess-normal-285
2026-10-04T13:46:50Z,ATD14-N286,ACME\rlee,Routine identity analytic,low,sess-normal-286
2026-10-04T13:47:51Z,ATD14-N287,ACME\rlee,Routine identity analytic,low,sess-normal-287
2026-10-04T13:48:52Z,ATD14-N288,ACME\rlee,Routine identity analytic,low,sess-normal-288
2026-10-04T13:49:53Z,ATD14-N289,ACME\lchen,Routine identity analytic,low,sess-normal-289
2026-10-04T13:50:54Z,ATD14-N290,ACME\knguyen,Routine identity analytic,low,sess-normal-290
2026-10-04T13:51:55Z,ATD14-N291,ACME\knguyen,Routine identity analytic,low,sess-normal-291
2026-10-04T13:52:56Z,ATD14-N292,ACME\lchen,Routine identity analytic,low,sess-normal-292
2026-10-04T13:53:57Z,ATD14-N293,ACME\lchen,Routine identity analytic,low,sess-normal-293
2026-10-04T13:54:58Z,ATD14-N294,ACME\knguyen,Routine identity analytic,low,sess-normal-294
2026-10-04T13:55:00Z,ATD14-N295,ACME\rlee,Routine identity analytic,low,sess-normal-295
2026-10-04T13:56:01Z,ATD14-N296,ACME\knguyen,Routine identity analytic,low,sess-normal-296
2026-10-04T13:57:02Z,ATD14-N297,ACME\knguyen,Routine identity analytic,low,sess-normal-297
2026-10-04T13:58:03Z,ATD14-N298,ACME\rlee,Routine identity analytic,low,sess-normal-298
2026-10-04T13:59:04Z,ATD14-N299,ACME\rlee,Routine identity analytic,low,sess-normal-299
2026-10-04T14:00:05Z,ATD14-N300,ACME\rlee,Routine identity analytic,low,sess-normal-300
2026-10-04T14:01:06Z,ATD14-N301,ACME\rlee,Routine identity analytic,low,sess-normal-301
2026-10-04T14:02:07Z,ATD14-N302,ACME\rlee,Routine identity analytic,low,sess-normal-302
2026-10-04T14:03:08Z,ATD14-N303,ACME\rlee,Routine identity analytic,low,sess-normal-303
2026-10-04T14:04:09Z,ATD14-N304,ACME\lchen,Routine identity analytic,low,sess-normal-304
2026-10-04T14:05:10Z,ATD14-N305,ACME\rlee,Routine identity analytic,low,sess-normal-305
2026-10-04T14:06:11Z,ATD14-N306,ACME\mrivera,Routine identity analytic,low,sess-normal-306
2026-10-04T14:07:12Z,ATD14-N307,ACME\lchen,Routine identity analytic,low,sess-normal-307
2026-10-04T14:08:13Z,ATD14-N308,ACME\knguyen,Routine identity analytic,low,sess-normal-308
2026-10-04T14:09:14Z,ATD14-N309,ACME\mrivera,Routine identity analytic,low,sess-normal-309
2026-10-04T14:10:15Z,ATD14-N310,ACME\knguyen,Routine identity analytic,low,sess-normal-310
2026-10-04T14:11:16Z,ATD14-N311,ACME\knguyen,Routine identity analytic,low,sess-normal-311
2026-10-04T14:12:17Z,ATD14-N312,ACME\knguyen,Routine identity analytic,low,sess-normal-312
2026-10-04T14:13:18Z,ATD14-N313,ACME\mrivera,Routine identity analytic,low,sess-normal-313
2026-10-04T14:14:19Z,ATD14-N314,ACME\lchen,Routine identity analytic,low,sess-normal-314
2026-10-04T14:15:20Z,ATD14-N315,ACME\rlee,Routine identity analytic,low,sess-normal-315
2026-10-04T14:16:21Z,ATD14-N316,ACME\mrivera,Routine identity analytic,low,sess-normal-316
2026-10-04T14:17:22Z,ATD14-N317,ACME\mrivera,Routine identity analytic,low,sess-normal-317
2026-10-04T14:18:23Z,ATD14-N318,ACME\lchen,Routine identity analytic,low,sess-normal-318
2026-10-04T14:19:24Z,ATD14-N319,ACME\rlee,Routine identity analytic,low,sess-normal-319
2026-10-04T14:20:25Z,ATD14-N320,ACME\mrivera,Routine identity analytic,low,sess-normal-320
2026-10-04T14:21:26Z,ATD14-N321,ACME\rlee,Routine identity analytic,low,sess-normal-321
2026-10-04T14:22:27Z,ATD14-N322,ACME\rlee,Routine identity analytic,low,sess-normal-322
2026-10-04T14:23:28Z,ATD14-N323,ACME\lchen,Routine identity analytic,low,sess-normal-323
2026-10-04T14:24:29Z,ATD14-N324,ACME\mrivera,Routine identity analytic,low,sess-normal-324
2026-10-04T14:25:30Z,ATD14-N325,ACME\lchen,Routine identity analytic,low,sess-normal-325
2026-10-04T14:26:31Z,ATD14-N326,ACME\rlee,Routine identity analytic,low,sess-normal-326
2026-10-04T14:27:32Z,ATD14-N327,ACME\knguyen,Routine identity analytic,low,sess-normal-327
2026-10-04T14:28:33Z,ATD14-N328,ACME\rlee,Routine identity analytic,low,sess-normal-328
2026-10-04T14:29:34Z,ATD14-N329,ACME\lchen,Routine identity analytic,low,sess-normal-329
2026-10-04T14:30:35Z,ATD14-N330,ACME\lchen,Routine identity analytic,low,sess-normal-330
2026-10-04T14:31:36Z,ATD14-N331,ACME\mrivera,Routine identity analytic,low,sess-normal-331
2026-10-04T14:32:37Z,ATD14-N332,ACME\knguyen,Routine identity analytic,low,sess-normal-332
2026-10-04T14:33:38Z,ATD14-N333,ACME\mrivera,Routine identity analytic,low,sess-normal-333
2026-10-04T14:34:39Z,ATD14-N334,ACME\mrivera,Routine identity analytic,low,sess-normal-334
2026-10-04T14:35:40Z,ATD14-N335,ACME\rlee,Routine identity analytic,low,sess-normal-335
2026-10-04T14:36:41Z,ATD14-N336,ACME\rlee,Routine identity analytic,low,sess-normal-336
2026-10-04T14:37:42Z,ATD14-N337,ACME\rlee,Routine identity analytic,low,sess-normal-337
2026-10-04T14:38:43Z,ATD14-N338,ACME\mrivera,Routine identity analytic,low,sess-normal-338
2026-10-04T14:39:44Z,ATD14-N339,ACME\mrivera,Routine identity analytic,low,sess-normal-339
2026-10-04T14:40:45Z,ATD14-N340,ACME\lchen,Routine identity analytic,low,sess-normal-340
2026-10-04T14:41:46Z,ATD14-N341,ACME\lchen,Routine identity analytic,low,sess-normal-341
2026-10-04T14:42:47Z,ATD14-N342,ACME\rlee,Routine identity analytic,low,sess-normal-342
2026-10-04T14:43:48Z,ATD14-N343,ACME\knguyen,Routine identity analytic,low,sess-normal-343
2026-10-04T14:44:49Z,ATD14-N344,ACME\rlee,Routine identity analytic,low,sess-normal-344
2026-10-04T14:45:50Z,ATD14-N345,ACME\rlee,Routine identity analytic,low,sess-normal-345
2026-10-04T14:46:51Z,ATD14-N346,ACME\lchen,Routine identity analytic,low,sess-normal-346
2026-10-04T14:47:52Z,ATD14-N347,ACME\mrivera,Routine identity analytic,low,sess-normal-347
2026-10-04T14:48:53Z,ATD14-N348,ACME\rlee,Routine identity analytic,low,sess-normal-348
2026-10-04T14:49:54Z,ATD14-N349,ACME\knguyen,Routine identity analytic,low,sess-normal-349
2026-10-04T14:50:55Z,ATD14-N350,ACME\mrivera,Routine identity analytic,low,sess-normal-350
2026-10-04T14:51:56Z,ATD14-N351,ACME\knguyen,Routine identity analytic,low,sess-normal-351
2026-10-04T14:52:57Z,ATD14-N352,ACME\knguyen,Routine identity analytic,low,sess-normal-352
2026-10-04T14:53:58Z,ATD14-N353,ACME\mrivera,Routine identity analytic,low,sess-normal-353
2026-10-04T14:54:00Z,ATD14-N354,ACME\mrivera,Routine identity analytic,low,sess-normal-354
2026-10-04T14:55:01Z,ATD14-N355,ACME\knguyen,Routine identity analytic,low,sess-normal-355
2026-10-04T14:56:02Z,ATD14-N356,ACME\rlee,Routine identity analytic,low,sess-normal-356
2026-10-04T14:57:03Z,ATD14-N357,ACME\mrivera,Routine identity analytic,low,sess-normal-357
2026-10-04T14:58:04Z,ATD14-N358,ACME\rlee,Routine identity analytic,low,sess-normal-358
2026-10-04T14:59:05Z,ATD14-N359,ACME\lchen,Routine identity analytic,low,sess-normal-359
2026-10-04T15:00:06Z,ATD14-N360,ACME\lchen,Routine identity analytic,low,sess-normal-360
2026-10-04T15:01:07Z,ATD14-N361,ACME\lchen,Routine identity analytic,low,sess-normal-361
2026-10-04T15:02:08Z,ATD14-N362,ACME\lchen,Routine identity analytic,low,sess-normal-362
2026-10-04T15:03:09Z,ATD14-N363,ACME\lchen,Routine identity analytic,low,sess-normal-363
2026-10-04T15:04:10Z,ATD14-N364,ACME\lchen,Routine identity analytic,low,sess-normal-364
2026-10-04T15:05:11Z,ATD14-N365,ACME\mrivera,Routine identity analytic,low,sess-normal-365
2026-10-04T15:06:12Z,ATD14-N366,ACME\mrivera,Routine identity analytic,low,sess-normal-366
2026-10-04T15:07:13Z,ATD14-N367,ACME\lchen,Routine identity analytic,low,sess-normal-367
2026-10-04T15:08:14Z,ATD14-N368,ACME\lchen,Routine identity analytic,low,sess-normal-368
2026-10-04T15:09:15Z,ATD14-N369,ACME\knguyen,Routine identity analytic,low,sess-normal-369
2026-10-04T15:10:16Z,ATD14-N370,ACME\rlee,Routine identity analytic,low,sess-normal-370
2026-10-04T15:11:17Z,ATD14-N371,ACME\mrivera,Routine identity analytic,low,sess-normal-371
2026-10-04T15:12:18Z,ATD14-N372,ACME\rlee,Routine identity analytic,low,sess-normal-372
2026-10-04T15:13:19Z,ATD14-N373,ACME\knguyen,Routine identity analytic,low,sess-normal-373
2026-10-04T15:14:20Z,ATD14-N374,ACME\rlee,Routine identity analytic,low,sess-normal-374
2026-10-04T15:15:21Z,ATD14-N375,ACME\rlee,Routine identity analytic,low,sess-normal-375
2026-10-04T15:16:22Z,ATD14-N376,ACME\mrivera,Routine identity analytic,low,sess-normal-376
2026-10-04T15:17:23Z,ATD14-N377,ACME\rlee,Routine identity analytic,low,sess-normal-377
2026-10-04T15:18:24Z,ATD14-N378,ACME\lchen,Routine identity analytic,low,sess-normal-378
2026-10-04T15:19:25Z,ATD14-N379,ACME\lchen,Routine identity analytic,low,sess-normal-379
2026-10-04T15:20:26Z,ATD14-N380,ACME\mrivera,Routine identity analytic,low,sess-normal-380
2026-10-04T15:21:27Z,ATD14-N381,ACME\lchen,Routine identity analytic,low,sess-normal-381
2026-10-04T15:22:28Z,ATD14-N382,ACME\rlee,Routine identity analytic,low,sess-normal-382
2026-10-04T15:23:29Z,ATD14-N383,ACME\knguyen,Routine identity analytic,low,sess-normal-383
2026-10-04T15:24:30Z,ATD14-N384,ACME\mrivera,Routine identity analytic,low,sess-normal-384
2026-10-04T15:25:31Z,ATD14-N385,ACME\lchen,Routine identity analytic,low,sess-normal-385
2026-10-04T15:26:32Z,ATD14-N386,ACME\lchen,Routine identity analytic,low,sess-normal-386
2026-10-04T15:27:33Z,ATD14-N387,ACME\lchen,Routine identity analytic,low,sess-normal-387
2026-10-04T15:28:34Z,ATD14-N388,ACME\knguyen,Routine identity analytic,low,sess-normal-388
2026-10-04T15:29:35Z,ATD14-N389,ACME\lchen,Routine identity analytic,low,sess-normal-389
2026-10-04T15:30:36Z,ATD14-N390,ACME\lchen,Routine identity analytic,low,sess-normal-390
2026-10-04T15:31:37Z,ATD14-N391,ACME\rlee,Routine identity analytic,low,sess-normal-391
2026-10-04T15:32:38Z,ATD14-N392,ACME\knguyen,Routine identity analytic,low,sess-normal-392
2026-10-04T15:33:39Z,ATD14-N393,ACME\mrivera,Routine identity analytic,low,sess-normal-393
2026-10-04T15:34:40Z,ATD14-N394,ACME\lchen,Routine identity analytic,low,sess-normal-394
2026-10-04T15:35:41Z,ATD14-N395,ACME\rlee,Routine identity analytic,low,sess-normal-395
2026-10-04T15:36:42Z,ATD14-N396,ACME\rlee,Routine identity analytic,low,sess-normal-396
2026-10-04T15:37:43Z,ATD14-N397,ACME\lchen,Routine identity analytic,low,sess-normal-397
2026-10-04T15:38:44Z,ATD14-N398,ACME\knguyen,Routine identity analytic,low,sess-normal-398
2026-10-04T15:39:45Z,ATD14-N399,ACME\knguyen,Routine identity analytic,low,sess-normal-399
2026-10-04T15:40:46Z,ATD14-N400,ACME\rlee,Routine identity analytic,low,sess-normal-400
2026-10-04T15:41:47Z,ATD14-N401,ACME\knguyen,Routine identity analytic,low,sess-normal-401
2026-10-04T15:42:48Z,ATD14-N402,ACME\rlee,Routine identity analytic,low,sess-normal-402
2026-10-04T15:43:49Z,ATD14-N403,ACME\mrivera,Routine identity analytic,low,sess-normal-403
2026-10-04T15:44:50Z,ATD14-N404,ACME\rlee,Routine identity analytic,low,sess-normal-404
2026-10-04T15:45:51Z,ATD14-N405,ACME\mrivera,Routine identity analytic,low,sess-normal-405
2026-10-04T15:46:52Z,ATD14-N406,ACME\rlee,Routine identity analytic,low,sess-normal-406
2026-10-04T15:47:53Z,ATD14-N407,ACME\knguyen,Routine identity analytic,low,sess-normal-407
2026-10-04T15:48:54Z,ATD14-N408,ACME\mrivera,Routine identity analytic,low,sess-normal-408
2026-10-04T15:49:55Z,ATD14-N409,ACME\rlee,Routine identity analytic,low,sess-normal-409
2026-10-04T15:50:56Z,ATD14-N410,ACME\lchen,Routine identity analytic,low,sess-normal-410
2026-10-04T15:51:57Z,ATD14-N411,ACME\knguyen,Routine identity analytic,low,sess-normal-411
2026-10-04T15:52:58Z,ATD14-N412,ACME\rlee,Routine identity analytic,low,sess-normal-412
2026-10-04T15:53:00Z,ATD14-N413,ACME\knguyen,Routine identity analytic,low,sess-normal-413
2026-10-04T15:54:01Z,ATD14-N414,ACME\lchen,Routine identity analytic,low,sess-normal-414
2026-10-04T15:55:02Z,ATD14-N415,ACME\knguyen,Routine identity analytic,low,sess-normal-415
2026-10-04T15:56:03Z,ATD14-N416,ACME\knguyen,Routine identity analytic,low,sess-normal-416
2026-10-04T15:57:04Z,ATD14-N417,ACME\rlee,Routine identity analytic,low,sess-normal-417
2026-10-04T15:58:05Z,ATD14-N418,ACME\knguyen,Routine identity analytic,low,sess-normal-418
2026-10-04T15:59:06Z,ATD14-N419,ACME\mrivera,Routine identity analytic,low,sess-normal-419
2026-10-04T16:00:07Z,ATD14-N420,ACME\knguyen,Routine identity analytic,low,sess-normal-420
2026-10-04T16:01:08Z,ATD14-N421,ACME\knguyen,Routine identity analytic,low,sess-normal-421
2026-10-04T16:02:09Z,ATD14-N422,ACME\mrivera,Routine identity analytic,low,sess-normal-422
2026-10-04T16:03:10Z,ATD14-N423,ACME\rlee,Routine identity analytic,low,sess-normal-423
2026-10-04T16:04:11Z,ATD14-N424,ACME\rlee,Routine identity analytic,low,sess-normal-424
2026-10-04T16:05:12Z,ATD14-N425,ACME\rlee,Routine identity analytic,low,sess-normal-425
2026-10-04T16:06:13Z,ATD14-N426,ACME\lchen,Routine identity analytic,low,sess-normal-426
2026-10-04T16:07:14Z,ATD14-N427,ACME\rlee,Routine identity analytic,low,sess-normal-427
2026-10-04T16:08:15Z,ATD14-N428,ACME\knguyen,Routine identity analytic,low,sess-normal-428
2026-10-04T16:09:16Z,ATD14-N429,ACME\mrivera,Routine identity analytic,low,sess-normal-429
2026-10-04T16:10:17Z,ATD14-N430,ACME\rlee,Routine identity analytic,low,sess-normal-430
2026-10-04T16:11:18Z,ATD14-N431,ACME\lchen,Routine identity analytic,low,sess-normal-431
2026-10-04T16:12:19Z,ATD14-N432,ACME\mrivera,Routine identity analytic,low,sess-normal-432
2026-10-04T16:13:20Z,ATD14-N433,ACME\knguyen,Routine identity analytic,low,sess-normal-433
2026-10-04T16:14:21Z,ATD14-N434,ACME\rlee,Routine identity analytic,low,sess-normal-434
2026-10-04T16:15:22Z,ATD14-N435,ACME\mrivera,Routine identity analytic,low,sess-normal-435
2026-10-04T16:16:23Z,ATD14-N436,ACME\mrivera,Routine identity analytic,low,sess-normal-436
2026-10-04T16:17:24Z,ATD14-N437,ACME\lchen,Routine identity analytic,low,sess-normal-437
2026-10-04T16:18:25Z,ATD14-N438,ACME\rlee,Routine identity analytic,low,sess-normal-438
2026-10-04T16:19:26Z,ATD14-N439,ACME\lchen,Routine identity analytic,low,sess-normal-439
2026-10-04T16:20:27Z,ATD14-N440,ACME\lchen,Routine identity analytic,low,sess-normal-440
2026-10-04T16:21:28Z,ATD14-N441,ACME\mrivera,Routine identity analytic,low,sess-normal-441
2026-10-04T16:22:29Z,ATD14-N442,ACME\knguyen,Routine identity analytic,low,sess-normal-442
2026-10-04T16:23:30Z,ATD14-N443,ACME\knguyen,Routine identity analytic,low,sess-normal-443
2026-10-04T16:24:31Z,ATD14-N444,ACME\knguyen,Routine identity analytic,low,sess-normal-444
2026-10-04T16:25:32Z,ATD14-N445,ACME\mrivera,Routine identity analytic,low,sess-normal-445
2026-10-04T16:26:33Z,ATD14-N446,ACME\rlee,Routine identity analytic,low,sess-normal-446
2026-10-04T16:27:34Z,ATD14-N447,ACME\knguyen,Routine identity analytic,low,sess-normal-447
2026-10-04T16:28:35Z,ATD14-N448,ACME\knguyen,Routine identity analytic,low,sess-normal-448
2026-10-04T16:29:36Z,ATD14-N449,ACME\mrivera,Routine identity analytic,low,sess-normal-449
2026-10-04T16:30:37Z,ATD14-N450,ACME\mrivera,Routine identity analytic,low,sess-normal-450
2026-10-04T16:31:38Z,ATD14-N451,ACME\mrivera,Routine identity analytic,low,sess-normal-451
2026-10-04T16:32:39Z,ATD14-N452,ACME\rlee,Routine identity analytic,low,sess-normal-452
2026-10-04T16:33:40Z,ATD14-N453,ACME\rlee,Routine identity analytic,low,sess-normal-453
2026-10-04T16:34:41Z,ATD14-N454,ACME\rlee,Routine identity analytic,low,sess-normal-454
2026-10-04T16:35:42Z,ATD14-N455,ACME\lchen,Routine identity analytic,low,sess-normal-455
2026-10-04T16:36:43Z,ATD14-N456,ACME\mrivera,Routine identity analytic,low,sess-normal-456
2026-10-04T16:37:44Z,ATD14-N457,ACME\knguyen,Routine identity analytic,low,sess-normal-457
2026-10-04T16:38:45Z,ATD14-N458,ACME\rlee,Routine identity analytic,low,sess-normal-458
2026-10-04T16:39:46Z,ATD14-N459,ACME\mrivera,Routine identity analytic,low,sess-normal-459
2026-10-04T16:40:47Z,ATD14-N460,ACME\rlee,Routine identity analytic,low,sess-normal-460
2026-10-04T16:41:48Z,ATD14-N461,ACME\lchen,Routine identity analytic,low,sess-normal-461
2026-10-04T16:42:49Z,ATD14-N462,ACME\rlee,Routine identity analytic,low,sess-normal-462
2026-10-04T16:43:50Z,ATD14-N463,ACME\mrivera,Routine identity analytic,low,sess-normal-463
2026-10-04T16:44:51Z,ATD14-N464,ACME\rlee,Routine identity analytic,low,sess-normal-464
2026-10-04T16:45:52Z,ATD14-N465,ACME\rlee,Routine identity analytic,low,sess-normal-465
2026-10-04T16:46:53Z,ATD14-N466,ACME\lchen,Routine identity analytic,low,sess-normal-466
2026-10-04T16:47:54Z,ATD14-N467,ACME\mrivera,Routine identity analytic,low,sess-normal-467
2026-10-04T16:48:55Z,ATD14-N468,ACME\lchen,Routine identity analytic,low,sess-normal-468
2026-10-04T16:49:56Z,ATD14-N469,ACME\knguyen,Routine identity analytic,low,sess-normal-469
2026-10-04T16:50:57Z,ATD14-N470,ACME\rlee,Routine identity analytic,low,sess-normal-470
2026-10-04T16:51:58Z,ATD14-N471,ACME\rlee,Routine identity analytic,low,sess-normal-471
2026-10-04T16:52:00Z,ATD14-N472,ACME\knguyen,Routine identity analytic,low,sess-normal-472
2026-10-04T16:53:01Z,ATD14-N473,ACME\rlee,Routine identity analytic,low,sess-normal-473
2026-10-04T16:54:02Z,ATD14-N474,ACME\rlee,Routine identity analytic,low,sess-normal-474
2026-10-04T16:55:03Z,ATD14-N475,ACME\mrivera,Routine identity analytic,low,sess-normal-475
2026-10-04T16:56:04Z,ATD14-N476,ACME\knguyen,Routine identity analytic,low,sess-normal-476
2026-10-04T16:57:05Z,ATD14-N477,ACME\rlee,Routine identity analytic,low,sess-normal-477
2026-10-04T16:58:06Z,ATD14-N478,ACME\rlee,Routine identity analytic,low,sess-normal-478
2026-10-04T16:59:07Z,ATD14-N479,ACME\lchen,Routine identity analytic,low,sess-normal-479
2026-10-04T13:00:08Z,ATD14-N480,ACME\knguyen,Routine identity analytic,low,sess-normal-480
2026-10-04T13:01:09Z,ATD14-N481,ACME\mrivera,Routine identity analytic,low,sess-normal-481
2026-10-04T13:02:10Z,ATD14-N482,ACME\mrivera,Routine identity analytic,low,sess-normal-482
2026-10-04T13:03:11Z,ATD14-N483,ACME\lchen,Routine identity analytic,low,sess-normal-483
2026-10-04T13:04:12Z,ATD14-N484,ACME\knguyen,Routine identity analytic,low,sess-normal-484
2026-10-04T13:05:13Z,ATD14-N485,ACME\mrivera,Routine identity analytic,low,sess-normal-485
2026-10-04T13:06:14Z,ATD14-N486,ACME\knguyen,Routine identity analytic,low,sess-normal-486
2026-10-04T13:07:15Z,ATD14-N487,ACME\mrivera,Routine identity analytic,low,sess-normal-487
2026-10-04T13:08:16Z,ATD14-N488,ACME\rlee,Routine identity analytic,low,sess-normal-488
2026-10-04T13:09:17Z,ATD14-N489,ACME\lchen,Routine identity analytic,low,sess-normal-489
2026-10-04T13:10:18Z,ATD14-N490,ACME\rlee,Routine identity analytic,low,sess-normal-490
2026-10-04T13:11:19Z,ATD14-N491,ACME\rlee,Routine identity analytic,low,sess-normal-491
2026-10-04T13:12:20Z,ATD14-N492,ACME\rlee,Routine identity analytic,low,sess-normal-492
2026-10-04T13:13:21Z,ATD14-N493,ACME\knguyen,Routine identity analytic,low,sess-normal-493
2026-10-04T13:14:22Z,ATD14-N494,ACME\lchen,Routine identity analytic,low,sess-normal-494
2026-10-04T13:15:23Z,ATD14-N495,ACME\mrivera,Routine identity analytic,low,sess-normal-495
2026-10-04T13:16:24Z,ATD14-N496,ACME\knguyen,Routine identity analytic,low,sess-normal-496
2026-10-04T13:17:25Z,ATD14-N497,ACME\rlee,Routine identity analytic,low,sess-normal-497
2026-10-04T13:18:26Z,ATD14-N498,ACME\lchen,Routine identity analytic,low,sess-normal-498
2026-10-04T13:19:27Z,ATD14-N499,ACME\rlee,Routine identity analytic,low,sess-normal-499
