_time,user,device_name,managed,compliant,platform,last_seen
2026-10-04T13:00:00Z,ACME\knguyen,FIN-WS-09,true,true,Windows,2026-10-04T13:00:00Z
2026-10-04T13:01:01Z,ACME\rlee,FIN-WS-09,true,true,Windows,2026-10-04T13:01:00Z
2026-10-04T13:02:02Z,ACME\rlee,DEV-WS-12,true,true,Windows,2026-10-04T13:02:00Z
2026-10-04T13:03:03Z,ACME\rlee,DEV-WS-12,true,true,Windows,2026-10-04T13:03:00Z
2026-10-04T13:04:04Z,ACME\rlee,SALES-WS-18,true,true,Windows,2026-10-04T13:04:00Z
2026-10-04T13:05:05Z,ACME\lchen,DEV-WS-12,true,true,Windows,2026-10-04T13:05:00Z
2026-10-04T13:06:06Z,ACME\mrivera,SALES-WS-18,true,true,Windows,2026-10-04T13:06:00Z
2026-10-04T13:07:07Z,ACME\rlee,DEV-WS-12,true,true,Windows,2026-10-04T13:07:00Z
2026-10-04T13:08:08Z,ACME\rlee,SALES-WS-18,true,true,Windows,2026-10-04T13:08:00Z
2026-10-04T13:09:09Z,ACME\lchen,FIN-WS-09,true,true,Windows,2026-10-04T13:09:00Z
2026-10-04T13:10:10Z,ACME\lchen,FIN-WS-09,true,true,Windows,2026-10-04T13:10:00Z
2026-10-04T13:11:11Z,ACME\lchen,SALES-WS-18,true,true,Windows,2026-10-04T13:11:00Z
2026-10-04T13:12:12Z,ACME\lchen,FIN-WS-09,true,true,Windows,2026-10-04T13:12:00Z
2026-10-04T13:13:13Z,ACME\rlee,FIN-WS-09,true,true,Windows,2026-10-04T13:13:00Z
2026-10-04T13:14:14Z,ACME\rlee,SALES-WS-18,true,true,Windows,2026-10-04T13:14:00Z
2026-10-04T13:15:15Z,ACME\mrivera,SALES-WS-18,true,true,Windows,2026-10-04T13:15:00Z
2026-10-04T13:16:16Z,ACME\knguyen,SALES-WS-18,true,true,Windows,2026-10-04T13:16:00Z
2026-10-04T13:17:17Z,ACME\knguyen,DEV-WS-12,true,true,Windows,2026-10-04T13:17:00Z
2026-10-04T13:18:18Z,ACME\knguyen,SALES-WS-18,true,true,Windows,2026-10-04T13:18:00Z
2026-10-04T13:19:19Z,ACME\lchen,SALES-WS-18,true,true,Windows,2026-10-04T13:19:00Z
2026-10-04T13:20:20Z,ACME\mrivera,DEV-WS-12,true,true,Windows,2026-10-04T13:20:00Z
2026-10-04T13:21:21Z,ACME\knguyen,FIN-WS-09,true,true,Windows,2026-10-04T13:21:00Z
2026-10-04T13:22:22Z,ACME\knguyen,DEV-WS-12,true,true,Windows,2026-10-04T13:22:00Z
2026-10-04T13:23:23Z,ACME\rlee,DEV-WS-12,true,true,Windows,2026-10-04T13:23:00Z
2026-10-04T13:24:24Z,ACME\lchen,DEV-WS-12,true,true,Windows,2026-10-04T13:24:00Z
2026-10-04T13:25:25Z,ACME\knguyen,FIN-WS-09,true,true,Windows,2026-10-04T13:25:00Z
2026-10-04T13:26:26Z,ACME\rlee,FIN-WS-09,true,true,Windows,2026-10-04T13:26:00Z
2026-10-04T13:27:27Z,ACME\lchen,FIN-WS-09,true,true,Windows,2026-10-04T13:27:00Z
2026-10-04T13:28:28Z,ACME\rlee,DEV-WS-12,true,true,Windows,2026-10-04T13:28:00Z
2026-10-04T13:29:29Z,ACME\knguyen,SALES-WS-18,true,true,Windows,2026-10-04T13:29:00Z
2026-10-04T13:30:30Z,ACME\rlee,FIN-WS-09,true,true,Windows,2026-10-04T13:30:00Z
2026-10-04T13:31:31Z,ACME\lchen,FIN-WS-09,true,true,Windows,2026-10-04T13:31:00Z
2026-10-04T13:32:32Z,ACME\rlee,SALES-WS-18,true,true,Windows,2026-10-04T13:32:00Z
2026-10-04T13:33:33Z,ACME\mrivera,FIN-WS-09,true,true,Windows,2026-10-04T13:33:00Z
2026-10-04T13:34:34Z,ACME\lchen,DEV-WS-12,true,true,Windows,2026-10-04T13:34:00Z
2026-10-04T13:35:35Z,ACME\lchen,FIN-WS-09,true,true,Windows,2026-10-04T13:35:00Z
2026-10-04T13:36:36Z,ACME\lchen,SALES-WS-18,true,true,Windows,2026-10-04T13:36:00Z
2026-10-04T13:37:37Z,ACME\lchen,SALES-WS-18,true,true,Windows,2026-10-04T13:37:00Z
2026-10-04T13:38:38Z,ACME\mrivera,DEV-WS-12,true,true,Windows,2026-10-04T13:38:00Z
2026-10-04T13:39:39Z,ACME\knguyen,DEV-WS-12,true,true,Windows,2026-10-04T13:39:00Z
2026-10-04T13:40:40Z,ACME\mrivera,SALES-WS-18,true,true,Windows,2026-10-04T13:40:00Z
2026-10-04T13:41:00Z,ACME\rlee,SALES-WS-18,true,true,Windows,2026-10-04T13:41:00Z
2026-10-04T13:42:01Z,ACME\rlee,FIN-WS-09,true,true,Windows,2026-10-04T13:42:00Z
2026-10-04T13:43:02Z,ACME\lchen,SALES-WS-18,true,true,Windows,2026-10-04T13:43:00Z
2026-10-04T13:44:03Z,ACME\rlee,FIN-WS-09,true,true,Windows,2026-10-04T13:44:00Z
2026-10-04T13:45:04Z,ACME\lchen,DEV-WS-12,true,true,Windows,2026-10-04T13:45:00Z
2026-10-04T13:46:05Z,ACME\lchen,SALES-WS-18,true,true,Windows,2026-10-04T13:46:00Z
2026-10-04T13:47:06Z,ACME\knguyen,DEV-WS-12,true,true,Windows,2026-10-04T13:47:00Z
2026-10-04T13:48:07Z,ACME\rlee,SALES-WS-18,true,true,Windows,2026-10-04T13:48:00Z
2026-10-04T13:49:08Z,ACME\mrivera,DEV-WS-12,true,true,Windows,2026-10-04T13:49:00Z
2026-10-04T13:50:09Z,ACME\mrivera,FIN-WS-09,true,true,Windows,2026-10-04T13:50:00Z
2026-10-04T13:51:10Z,ACME\knguyen,DEV-WS-12,true,true,Windows,2026-10-04T13:51:00Z
2026-10-04T13:52:11Z,ACME\mrivera,SALES-WS-18,true,true,Windows,2026-10-04T13:52:00Z
2026-10-04T13:53:12Z,ACME\mrivera,DEV-WS-12,true,true,Windows,2026-10-04T13:53:00Z
2026-10-04T13:54:13Z,ACME\lchen,DEV-WS-12,true,true,Windows,2026-10-04T13:54:00Z
2026-10-04T13:55:14Z,ACME\rlee,DEV-WS-12,true,true,Windows,2026-10-04T13:55:00Z
2026-10-04T13:56:15Z,ACME\mrivera,FIN-WS-09,true,true,Windows,2026-10-04T13:56:00Z
2026-10-04T13:57:16Z,ACME\lchen,SALES-WS-18,true,true,Windows,2026-10-04T13:57:00Z
2026-10-04T13:58:17Z,ACME\lchen,FIN-WS-09,true,true,Windows,2026-10-04T13:58:00Z
2026-10-04T13:59:18Z,ACME\mrivera,FIN-WS-09,true,true,Windows,2026-10-04T13:59:00Z
2026-10-04T14:00:19Z,ACME\knguyen,DEV-WS-12,true,true,Windows,2026-10-04T14:00:00Z
2026-10-04T14:01:20Z,ACME\rlee,SALES-WS-18,true,true,Windows,2026-10-04T14:01:00Z
2026-10-04T14:02:21Z,ACME\lchen,DEV-WS-12,true,true,Windows,2026-10-04T14:02:00Z
2026-10-04T14:03:22Z,ACME\lchen,FIN-WS-09,true,true,Windows,2026-10-04T14:03:00Z
2026-10-04T14:04:23Z,ACME\lchen,DEV-WS-12,true,true,Windows,2026-10-04T14:04:00Z
2026-10-04T14:05:24Z,ACME\lchen,FIN-WS-09,true,true,Windows,2026-10-04T14:05:00Z
2026-10-04T14:06:25Z,ACME\rlee,FIN-WS-09,true,true,Windows,2026-10-04T14:06:00Z
2026-10-04T14:07:26Z,ACME\mrivera,SALES-WS-18,true,true,Windows,2026-10-04T14:07:00Z
2026-10-04T14:08:27Z,ACME\mrivera,DEV-WS-12,true,true,Windows,2026-10-04T14:08:00Z
2026-10-04T14:09:28Z,ACME\rlee,DEV-WS-12,true,true,Windows,2026-10-04T14:09:00Z
2026-10-04T14:10:29Z,ACME\knguyen,FIN-WS-09,true,true,Windows,2026-10-04T14:10:00Z
2026-10-04T14:11:30Z,ACME\mrivera,FIN-WS-09,true,true,Windows,2026-10-04T14:11:00Z
2026-10-04T14:12:31Z,ACME\knguyen,DEV-WS-12,true,true,Windows,2026-10-04T14:12:00Z
2026-10-04T14:13:32Z,ACME\mrivera,FIN-WS-09,true,true,Windows,2026-10-04T14:13:00Z
2026-10-04T14:14:33Z,ACME\lchen,FIN-WS-09,true,true,Windows,2026-10-04T14:14:00Z
2026-10-04T14:15:34Z,ACME\rlee,SALES-WS-18,true,true,Windows,2026-10-04T14:15:00Z
2026-10-04T14:16:35Z,ACME\lchen,SALES-WS-18,true,true,Windows,2026-10-04T14:16:00Z
2026-10-04T14:17:36Z,ACME\rlee,FIN-WS-09,true,true,Windows,2026-10-04T14:17:00Z
2026-10-04T14:18:37Z,ACME\knguyen,FIN-WS-09,true,true,Windows,2026-10-04T14:18:00Z
2026-10-04T14:19:38Z,ACME\lchen,SALES-WS-18,true,true,Windows,2026-10-04T14:19:00Z
2026-10-04T14:20:39Z,ACME\knguyen,SALES-WS-18,true,true,Windows,2026-10-04T14:20:00Z
2026-10-04T14:21:40Z,ACME\rlee,SALES-WS-18,true,true,Windows,2026-10-04T14:21:00Z
2026-10-04T14:22:00Z,ACME\rlee,FIN-WS-09,true,true,Windows,2026-10-04T14:22:00Z
2026-10-04T14:23:01Z,ACME\rlee,SALES-WS-18,true,true,Windows,2026-10-04T14:23:00Z
2026-10-04T14:24:02Z,ACME\mrivera,DEV-WS-12,true,true,Windows,2026-10-04T14:24:00Z
2026-10-04T14:25:03Z,ACME\lchen,DEV-WS-12,true,true,Windows,2026-10-04T14:25:00Z
2026-10-04T14:26:04Z,ACME\lchen,DEV-WS-12,true,true,Windows,2026-10-04T14:26:00Z
2026-10-04T14:27:05Z,ACME\lchen,DEV-WS-12,true,true,Windows,2026-10-04T14:27:00Z
2026-10-04T14:28:06Z,ACME\lchen,FIN-WS-09,true,true,Windows,2026-10-04T14:28:00Z
2026-10-04T14:29:07Z,ACME\lchen,SALES-WS-18,true,true,Windows,2026-10-04T14:29:00Z
2026-10-04T14:30:08Z,ACME\lchen,DEV-WS-12,true,true,Windows,2026-10-04T14:30:00Z
2026-10-04T14:31:09Z,ACME\mrivera,SALES-WS-18,true,true,Windows,2026-10-04T14:31:00Z
2026-10-04T14:32:10Z,ACME\lchen,FIN-WS-09,true,true,Windows,2026-10-04T14:32:00Z
2026-10-04T14:33:11Z,ACME\knguyen,SALES-WS-18,true,true,Windows,2026-10-04T14:33:00Z
2026-10-04T14:34:12Z,ACME\lchen,SALES-WS-18,true,true,Windows,2026-10-04T14:34:00Z
2026-10-04T14:35:13Z,ACME\lchen,SALES-WS-18,true,true,Windows,2026-10-04T14:35:00Z
2026-10-04T14:36:14Z,ACME\lchen,DEV-WS-12,true,true,Windows,2026-10-04T14:36:00Z
2026-10-04T14:37:15Z,ACME\lchen,FIN-WS-09,true,true,Windows,2026-10-04T14:37:00Z
2026-10-04T14:38:16Z,ACME\mrivera,FIN-WS-09,true,true,Windows,2026-10-04T14:38:00Z
2026-10-04T14:39:17Z,ACME\rlee,DEV-WS-12,true,true,Windows,2026-10-04T14:39:00Z
2026-10-04T14:40:18Z,ACME\lchen,FIN-WS-09,true,true,Windows,2026-10-04T14:40:00Z
2026-10-04T14:41:19Z,ACME\rlee,SALES-WS-18,true,true,Windows,2026-10-04T14:41:00Z
2026-10-04T14:42:20Z,ACME\rlee,DEV-WS-12,true,true,Windows,2026-10-04T14:42:00Z
2026-10-04T14:43:21Z,ACME\lchen,DEV-WS-12,true,true,Windows,2026-10-04T14:43:00Z
2026-10-04T14:44:22Z,ACME\rlee,SALES-WS-18,true,true,Windows,2026-10-04T14:44:00Z
2026-10-04T14:45:23Z,ACME\lchen,DEV-WS-12,true,true,Windows,2026-10-04T14:45:00Z
2026-10-04T14:46:24Z,ACME\mrivera,DEV-WS-12,true,true,Windows,2026-10-04T14:46:00Z
2026-10-04T14:47:25Z,ACME\lchen,DEV-WS-12,true,true,Windows,2026-10-04T14:47:00Z
2026-10-04T14:48:26Z,ACME\knguyen,SALES-WS-18,true,true,Windows,2026-10-04T14:48:00Z
2026-10-04T14:49:27Z,ACME\lchen,FIN-WS-09,true,true,Windows,2026-10-04T14:49:00Z
2026-10-04T14:50:28Z,ACME\rlee,SALES-WS-18,true,true,Windows,2026-10-04T14:50:00Z
2026-10-04T14:51:29Z,ACME\lchen,DEV-WS-12,true,true,Windows,2026-10-04T14:51:00Z
2026-10-04T14:52:30Z,ACME\lchen,FIN-WS-09,true,true,Windows,2026-10-04T14:52:00Z
2026-10-04T14:53:31Z,ACME\mrivera,DEV-WS-12,true,true,Windows,2026-10-04T14:53:00Z
2026-10-04T14:54:32Z,ACME\mrivera,DEV-WS-12,true,true,Windows,2026-10-04T14:54:00Z
2026-10-04T14:55:33Z,ACME\rlee,DEV-WS-12,true,true,Windows,2026-10-04T14:55:00Z
2026-10-04T14:56:34Z,ACME\lchen,SALES-WS-18,true,true,Windows,2026-10-04T14:56:00Z
2026-10-04T14:57:35Z,ACME\rlee,FIN-WS-09,true,true,Windows,2026-10-04T14:57:00Z
2026-10-04T14:58:36Z,ACME\knguyen,SALES-WS-18,true,true,Windows,2026-10-04T14:58:00Z
2026-10-04T14:59:37Z,ACME\lchen,SALES-WS-18,true,true,Windows,2026-10-04T14:59:00Z
2026-10-04T15:00:38Z,ACME\lchen,SALES-WS-18,true,true,Windows,2026-10-04T15:00:00Z
2026-10-04T15:01:39Z,ACME\rlee,SALES-WS-18,true,true,Windows,2026-10-04T15:01:00Z
2026-10-04T15:02:40Z,ACME\knguyen,FIN-WS-09,true,true,Windows,2026-10-04T15:02:00Z
2026-10-04T15:03:00Z,ACME\knguyen,SALES-WS-18,true,true,Windows,2026-10-04T15:03:00Z
2026-10-04T15:04:01Z,ACME\mrivera,SALES-WS-18,true,true,Windows,2026-10-04T15:04:00Z
2026-10-04T15:05:02Z,ACME\knguyen,FIN-WS-09,true,true,Windows,2026-10-04T15:05:00Z
2026-10-04T15:06:03Z,ACME\knguyen,DEV-WS-12,true,true,Windows,2026-10-04T15:06:00Z
2026-10-04T15:07:04Z,ACME\rlee,FIN-WS-09,true,true,Windows,2026-10-04T15:07:00Z
2026-10-04T15:08:05Z,ACME\knguyen,FIN-WS-09,true,true,Windows,2026-10-04T15:08:00Z
2026-10-04T15:09:06Z,ACME\rlee,DEV-WS-12,true,true,Windows,2026-10-04T15:09:00Z
2026-10-04T15:10:07Z,ACME\mrivera,DEV-WS-12,true,true,Windows,2026-10-04T15:10:00Z
2026-10-04T15:11:08Z,ACME\knguyen,FIN-WS-09,true,true,Windows,2026-10-04T15:11:00Z
2026-10-04T15:12:09Z,ACME\mrivera,SALES-WS-18,true,true,Windows,2026-10-04T15:12:00Z
2026-10-04T15:13:10Z,ACME\lchen,SALES-WS-18,true,true,Windows,2026-10-04T15:13:00Z
2026-10-04T15:14:11Z,ACME\lchen,FIN-WS-09,true,true,Windows,2026-10-04T15:14:00Z
2026-10-04T15:15:12Z,ACME\lchen,DEV-WS-12,true,true,Windows,2026-10-04T15:15:00Z
2026-10-04T15:16:13Z,ACME\rlee,SALES-WS-18,true,true,Windows,2026-10-04T15:16:00Z
2026-10-04T15:17:14Z,ACME\lchen,DEV-WS-12,true,true,Windows,2026-10-04T15:17:00Z
2026-10-04T15:18:15Z,ACME\lchen,DEV-WS-12,true,true,Windows,2026-10-04T15:18:00Z
2026-10-04T15:19:16Z,ACME\knguyen,DEV-WS-12,true,true,Windows,2026-10-04T15:19:00Z
2026-10-04T15:20:17Z,ACME\knguyen,FIN-WS-09,true,true,Windows,2026-10-04T15:20:00Z
2026-10-04T15:21:18Z,ACME\mrivera,DEV-WS-12,true,true,Windows,2026-10-04T15:21:00Z
2026-10-04T15:22:19Z,ACME\mrivera,FIN-WS-09,true,true,Windows,2026-10-04T15:22:00Z
2026-10-04T15:23:20Z,ACME\mrivera,SALES-WS-18,true,true,Windows,2026-10-04T15:23:00Z
2026-10-04T15:24:21Z,ACME\lchen,DEV-WS-12,true,true,Windows,2026-10-04T15:24:00Z
2026-10-04T15:25:22Z,ACME\mrivera,SALES-WS-18,true,true,Windows,2026-10-04T15:25:00Z
2026-10-04T15:26:23Z,ACME\knguyen,DEV-WS-12,true,true,Windows,2026-10-04T15:26:00Z
2026-10-04T15:27:24Z,ACME\knguyen,SALES-WS-18,true,true,Windows,2026-10-04T15:27:00Z
2026-10-04T15:28:25Z,ACME\rlee,DEV-WS-12,true,true,Windows,2026-10-04T15:28:00Z
2026-10-04T15:29:26Z,ACME\lchen,SALES-WS-18,true,true,Windows,2026-10-04T15:29:00Z
2026-10-04T15:30:27Z,ACME\knguyen,SALES-WS-18,true,true,Windows,2026-10-04T15:30:00Z
2026-10-04T15:31:28Z,ACME\knguyen,FIN-WS-09,true,true,Windows,2026-10-04T15:31:00Z
2026-10-04T15:32:29Z,ACME\mrivera,DEV-WS-12,true,true,Windows,2026-10-04T15:32:00Z
2026-10-04T15:33:30Z,ACME\mrivera,DEV-WS-12,true,true,Windows,2026-10-04T15:33:00Z
2026-10-04T15:34:31Z,ACME\rlee,DEV-WS-12,true,true,Windows,2026-10-04T15:34:00Z
2026-10-04T15:35:32Z,ACME\lchen,DEV-WS-12,true,true,Windows,2026-10-04T15:35:00Z
2026-10-04T15:36:33Z,ACME\lchen,DEV-WS-12,true,true,Windows,2026-10-04T15:36:00Z
2026-10-04T15:37:34Z,ACME\mrivera,SALES-WS-18,true,true,Windows,2026-10-04T15:37:00Z
2026-10-04T15:38:35Z,ACME\rlee,FIN-WS-09,true,true,Windows,2026-10-04T15:38:00Z
2026-10-04T15:39:36Z,ACME\rlee,SALES-WS-18,true,true,Windows,2026-10-04T15:39:00Z
2026-10-04T15:40:37Z,ACME\rlee,FIN-WS-09,true,true,Windows,2026-10-04T15:40:00Z
2026-10-04T15:41:38Z,ACME\knguyen,DEV-WS-12,true,true,Windows,2026-10-04T15:41:00Z
2026-10-04T15:42:39Z,ACME\rlee,DEV-WS-12,true,true,Windows,2026-10-04T15:42:00Z
2026-10-04T15:43:40Z,ACME\rlee,DEV-WS-12,true,true,Windows,2026-10-04T15:43:00Z
2026-10-04T15:44:00Z,ACME\rlee,DEV-WS-12,true,true,Windows,2026-10-04T15:44:00Z
2026-10-04T15:45:01Z,ACME\mrivera,FIN-WS-09,true,true,Windows,2026-10-04T15:45:00Z
2026-10-04T15:46:02Z,ACME\rlee,SALES-WS-18,true,true,Windows,2026-10-04T15:46:00Z
2026-10-04T15:47:03Z,ACME\knguyen,SALES-WS-18,true,true,Windows,2026-10-04T15:47:00Z
2026-10-04T15:48:04Z,ACME\knguyen,DEV-WS-12,true,true,Windows,2026-10-04T15:48:00Z
2026-10-04T15:49:05Z,ACME\knguyen,FIN-WS-09,true,true,Windows,2026-10-04T15:49:00Z
2026-10-04T15:50:06Z,ACME\knguyen,DEV-WS-12,true,true,Windows,2026-10-04T15:50:00Z
2026-10-04T15:51:07Z,ACME\knguyen,FIN-WS-09,true,true,Windows,2026-10-04T15:51:00Z
2026-10-04T15:52:08Z,ACME\lchen,DEV-WS-12,true,true,Windows,2026-10-04T15:52:00Z
2026-10-04T15:53:09Z,ACME\lchen,SALES-WS-18,true,true,Windows,2026-10-04T15:53:00Z
2026-10-04T15:54:10Z,ACME\mrivera,FIN-WS-09,true,true,Windows,2026-10-04T15:54:00Z
2026-10-04T15:55:11Z,ACME\lchen,DEV-WS-12,true,true,Windows,2026-10-04T15:55:00Z
2026-10-04T15:56:12Z,ACME\mrivera,SALES-WS-18,true,true,Windows,2026-10-04T15:56:00Z
2026-10-04T15:57:13Z,ACME\lchen,FIN-WS-09,true,true,Windows,2026-10-04T15:57:00Z
2026-10-04T15:58:14Z,ACME\mrivera,DEV-WS-12,true,true,Windows,2026-10-04T15:58:00Z
2026-10-04T15:59:15Z,ACME\knguyen,DEV-WS-12,true,true,Windows,2026-10-04T15:59:00Z
2026-10-04T16:00:16Z,ACME\mrivera,DEV-WS-12,true,true,Windows,2026-10-04T16:00:00Z
2026-10-04T16:01:17Z,ACME\knguyen,FIN-WS-09,true,true,Windows,2026-10-04T16:01:00Z
2026-10-04T16:02:18Z,ACME\lchen,FIN-WS-09,true,true,Windows,2026-10-04T16:02:00Z
2026-10-04T16:03:19Z,ACME\lchen,FIN-WS-09,true,true,Windows,2026-10-04T16:03:00Z
2026-10-04T16:04:20Z,ACME\mrivera,FIN-WS-09,true,true,Windows,2026-10-04T16:04:00Z
2026-10-04T16:05:21Z,ACME\lchen,SALES-WS-18,true,true,Windows,2026-10-04T16:05:00Z
2026-10-04T16:06:22Z,ACME\knguyen,FIN-WS-09,true,true,Windows,2026-10-04T16:06:00Z
2026-10-04T16:07:23Z,ACME\knguyen,DEV-WS-12,true,true,Windows,2026-10-04T16:07:00Z
2026-10-04T16:08:24Z,ACME\mrivera,FIN-WS-09,true,true,Windows,2026-10-04T16:08:00Z
2026-10-04T16:09:25Z,ACME\lchen,SALES-WS-18,true,true,Windows,2026-10-04T16:09:00Z
2026-10-04T16:10:26Z,ACME\knguyen,FIN-WS-09,true,true,Windows,2026-10-04T16:10:00Z
2026-10-04T16:11:27Z,ACME\mrivera,FIN-WS-09,true,true,Windows,2026-10-04T16:11:00Z
2026-10-04T16:12:28Z,ACME\rlee,DEV-WS-12,true,true,Windows,2026-10-04T16:12:00Z
2026-10-04T16:13:29Z,ACME\mrivera,SALES-WS-18,true,true,Windows,2026-10-04T16:13:00Z
2026-10-04T16:14:30Z,ACME\knguyen,SALES-WS-18,true,true,Windows,2026-10-04T16:14:00Z
2026-10-04T16:15:31Z,ACME\mrivera,DEV-WS-12,true,true,Windows,2026-10-04T16:15:00Z
2026-10-04T16:16:32Z,ACME\lchen,SALES-WS-18,true,true,Windows,2026-10-04T16:16:00Z
2026-10-04T16:17:33Z,ACME\lchen,SALES-WS-18,true,true,Windows,2026-10-04T16:17:00Z
2026-10-04T16:18:34Z,ACME\mrivera,FIN-WS-09,true,true,Windows,2026-10-04T16:18:00Z
2026-10-04T16:19:35Z,ACME\mrivera,DEV-WS-12,true,true,Windows,2026-10-04T16:19:00Z
2026-10-04T16:20:36Z,ACME\knguyen,SALES-WS-18,true,true,Windows,2026-10-04T16:20:00Z
2026-10-04T16:21:37Z,ACME\knguyen,SALES-WS-18,true,true,Windows,2026-10-04T16:21:00Z
2026-10-04T16:22:38Z,ACME\lchen,SALES-WS-18,true,true,Windows,2026-10-04T16:22:00Z
2026-10-04T16:23:39Z,ACME\knguyen,SALES-WS-18,true,true,Windows,2026-10-04T16:23:00Z
2026-10-04T16:24:40Z,ACME\rlee,SALES-WS-18,true,true,Windows,2026-10-04T16:24:00Z
2026-10-04T16:25:00Z,ACME\rlee,FIN-WS-09,true,true,Windows,2026-10-04T16:25:00Z
2026-10-04T16:26:01Z,ACME\rlee,FIN-WS-09,true,true,Windows,2026-10-04T16:26:00Z
2026-10-04T16:27:02Z,ACME\lchen,FIN-WS-09,true,true,Windows,2026-10-04T16:27:00Z
2026-10-04T16:28:03Z,ACME\knguyen,DEV-WS-12,true,true,Windows,2026-10-04T16:28:00Z
2026-10-04T16:29:04Z,ACME\lchen,SALES-WS-18,true,true,Windows,2026-10-04T16:29:00Z
2026-10-04T16:30:05Z,ACME\mrivera,SALES-WS-18,true,true,Windows,2026-10-04T16:30:00Z
2026-10-04T16:31:06Z,ACME\knguyen,DEV-WS-12,true,true,Windows,2026-10-04T16:31:00Z
2026-10-04T16:32:07Z,ACME\rlee,DEV-WS-12,true,true,Windows,2026-10-04T16:32:00Z
2026-10-04T16:33:08Z,ACME\knguyen,FIN-WS-09,true,true,Windows,2026-10-04T16:33:00Z
2026-10-04T16:34:09Z,ACME\rlee,SALES-WS-18,true,true,Windows,2026-10-04T16:34:00Z
2026-10-04T16:35:10Z,ACME\lchen,FIN-WS-09,true,true,Windows,2026-10-04T16:35:00Z
2026-10-04T16:36:11Z,ACME\rlee,FIN-WS-09,true,true,Windows,2026-10-04T16:36:00Z
2026-10-04T16:37:12Z,ACME\lchen,FIN-WS-09,true,true,Windows,2026-10-04T16:37:00Z
2026-10-04T16:38:13Z,ACME\mrivera,SALES-WS-18,true,true,Windows,2026-10-04T16:38:00Z
2026-10-04T16:39:14Z,ACME\mrivera,DEV-WS-12,true,true,Windows,2026-10-04T16:39:00Z
2026-10-04T16:40:15Z,ACME\rlee,SALES-WS-18,true,true,Windows,2026-10-04T16:40:00Z
2026-10-04T16:41:16Z,ACME\rlee,DEV-WS-12,true,true,Windows,2026-10-04T16:41:00Z
2026-10-04T16:42:17Z,ACME\lchen,DEV-WS-12,true,true,Windows,2026-10-04T16:42:00Z
2026-10-04T16:43:18Z,ACME\mrivera,SALES-WS-18,true,true,Windows,2026-10-04T16:43:00Z
2026-10-04T16:44:19Z,ACME\mrivera,SALES-WS-18,true,true,Windows,2026-10-04T16:44:00Z
2026-10-04T16:45:20Z,ACME\lchen,DEV-WS-12,true,true,Windows,2026-10-04T16:45:00Z
2026-10-04T16:46:21Z,ACME\lchen,FIN-WS-09,true,true,Windows,2026-10-04T16:46:00Z
2026-10-04T16:47:22Z,ACME\lchen,DEV-WS-12,true,true,Windows,2026-10-04T16:47:00Z
2026-10-04T16:48:23Z,ACME\lchen,FIN-WS-09,true,true,Windows,2026-10-04T16:48:00Z
2026-10-04T16:49:24Z,ACME\lchen,SALES-WS-18,true,true,Windows,2026-10-04T16:49:00Z
2026-10-04T16:50:25Z,ACME\lchen,FIN-WS-09,true,true,Windows,2026-10-04T16:50:00Z
2026-10-04T16:51:26Z,ACME\mrivera,DEV-WS-12,true,true,Windows,2026-10-04T16:51:00Z
2026-10-04T16:52:27Z,ACME\rlee,DEV-WS-12,true,true,Windows,2026-10-04T16:52:00Z
2026-10-04T16:53:28Z,ACME\knguyen,SALES-WS-18,true,true,Windows,2026-10-04T16:53:00Z
2026-10-04T16:54:29Z,ACME\rlee,FIN-WS-09,true,true,Windows,2026-10-04T16:54:00Z
2026-10-04T16:55:30Z,ACME\lchen,FIN-WS-09,true,true,Windows,2026-10-04T16:55:00Z
2026-10-04T16:56:31Z,ACME\lchen,SALES-WS-18,true,true,Windows,2026-10-04T16:56:00Z
2026-10-04T16:57:32Z,ACME\lchen,SALES-WS-18,true,true,Windows,2026-10-04T16:57:00Z
2026-10-04T16:58:33Z,ACME\mrivera,FIN-WS-09,true,true,Windows,2026-10-04T16:58:00Z
2026-10-04T16:59:34Z,ACME\knguyen,SALES-WS-18,true,true,Windows,2026-10-04T16:59:00Z
2026-10-04T13:00:35Z,ACME\knguyen,DEV-WS-12,true,true,Windows,2026-10-04T13:00:00Z
2026-10-04T13:01:36Z,ACME\knguyen,DEV-WS-12,true,true,Windows,2026-10-04T13:01:00Z
2026-10-04T13:02:37Z,ACME\lchen,DEV-WS-12,true,true,Windows,2026-10-04T13:02:00Z
2026-10-04T13:03:38Z,ACME\rlee,FIN-WS-09,true,true,Windows,2026-10-04T13:03:00Z
2026-10-04T13:04:39Z,ACME\lchen,DEV-WS-12,true,true,Windows,2026-10-04T13:04:00Z
2026-10-04T13:05:40Z,ACME\knguyen,SALES-WS-18,true,true,Windows,2026-10-04T13:05:00Z
2026-10-04T13:06:00Z,ACME\rlee,SALES-WS-18,true,true,Windows,2026-10-04T13:06:00Z
2026-10-04T13:07:01Z,ACME\knguyen,DEV-WS-12,true,true,Windows,2026-10-04T13:07:00Z
2026-10-04T13:08:02Z,ACME\knguyen,DEV-WS-12,true,true,Windows,2026-10-04T13:08:00Z
2026-10-04T13:09:03Z,ACME\mrivera,DEV-WS-12,true,true,Windows,2026-10-04T13:09:00Z
2026-10-04T13:10:04Z,ACME\mrivera,FIN-WS-09,true,true,Windows,2026-10-04T13:10:00Z
2026-10-04T13:11:05Z,ACME\knguyen,SALES-WS-18,true,true,Windows,2026-10-04T13:11:00Z
2026-10-04T13:12:06Z,ACME\mrivera,FIN-WS-09,true,true,Windows,2026-10-04T13:12:00Z
2026-10-04T13:13:07Z,ACME\mrivera,SALES-WS-18,true,true,Windows,2026-10-04T13:13:00Z
2026-10-04T13:14:08Z,ACME\knguyen,FIN-WS-09,true,true,Windows,2026-10-04T13:14:00Z
2026-10-04T13:15:09Z,ACME\mrivera,SALES-WS-18,true,true,Windows,2026-10-04T13:15:00Z
2026-10-04T13:16:10Z,ACME\lchen,FIN-WS-09,true,true,Windows,2026-10-04T13:16:00Z
2026-10-04T13:17:11Z,ACME\knguyen,SALES-WS-18,true,true,Windows,2026-10-04T13:17:00Z
2026-10-04T13:18:12Z,ACME\mrivera,SALES-WS-18,true,true,Windows,2026-10-04T13:18:00Z
2026-10-04T13:19:13Z,ACME\mrivera,FIN-WS-09,true,true,Windows,2026-10-04T13:19:00Z
2026-10-04T15:47:00Z,ACME\knguyen,SALES-WS-18,true,true,Windows,2026-10-04T15:48:00Z
2026-10-04T13:21:15Z,ACME\lchen,FIN-WS-09,true,true,Windows,2026-10-04T13:21:00Z
2026-10-04T13:22:16Z,ACME\rlee,DEV-WS-12,true,true,Windows,2026-10-04T13:22:00Z
2026-10-04T13:23:17Z,ACME\rlee,SALES-WS-18,true,true,Windows,2026-10-04T13:23:00Z
2026-10-04T13:24:18Z,ACME\lchen,FIN-WS-09,true,true,Windows,2026-10-04T13:24:00Z
2026-10-04T13:25:19Z,ACME\knguyen,DEV-WS-12,true,true,Windows,2026-10-04T13:25:00Z
2026-10-04T13:26:20Z,ACME\lchen,DEV-WS-12,true,true,Windows,2026-10-04T13:26:00Z
2026-10-04T13:27:21Z,ACME\rlee,FIN-WS-09,true,true,Windows,2026-10-04T13:27:00Z
2026-10-04T13:28:22Z,ACME\lchen,FIN-WS-09,true,true,Windows,2026-10-04T13:28:00Z
2026-10-04T13:29:23Z,ACME\mrivera,FIN-WS-09,true,true,Windows,2026-10-04T13:29:00Z
2026-10-04T13:30:24Z,ACME\mrivera,DEV-WS-12,true,true,Windows,2026-10-04T13:30:00Z
2026-10-04T13:31:25Z,ACME\lchen,FIN-WS-09,true,true,Windows,2026-10-04T13:31:00Z
2026-10-04T13:32:26Z,ACME\rlee,FIN-WS-09,true,true,Windows,2026-10-04T13:32:00Z
2026-10-04T13:33:27Z,ACME\rlee,DEV-WS-12,true,true,Windows,2026-10-04T13:33:00Z
2026-10-04T13:34:28Z,ACME\lchen,SALES-WS-18,true,true,Windows,2026-10-04T13:34:00Z
2026-10-04T13:35:29Z,ACME\knguyen,SALES-WS-18,true,true,Windows,2026-10-04T13:35:00Z
2026-10-04T13:36:30Z,ACME\rlee,FIN-WS-09,true,true,Windows,2026-10-04T13:36:00Z
2026-10-04T13:37:31Z,ACME\mrivera,DEV-WS-12,true,true,Windows,2026-10-04T13:37:00Z
2026-10-04T13:38:32Z,ACME\lchen,SALES-WS-18,true,true,Windows,2026-10-04T13:38:00Z
2026-10-04T13:39:33Z,ACME\lchen,DEV-WS-12,true,true,Windows,2026-10-04T13:39:00Z
2026-10-04T13:40:34Z,ACME\knguyen,DEV-WS-12,true,true,Windows,2026-10-04T13:40:00Z
2026-10-04T13:41:35Z,ACME\lchen,DEV-WS-12,true,true,Windows,2026-10-04T13:41:00Z
2026-10-04T13:42:36Z,ACME\mrivera,DEV-WS-12,true,true,Windows,2026-10-04T13:42:00Z
2026-10-04T13:43:37Z,ACME\lchen,FIN-WS-09,true,true,Windows,2026-10-04T13:43:00Z
2026-10-04T13:44:38Z,ACME\mrivera,FIN-WS-09,true,true,Windows,2026-10-04T13:44:00Z
2026-10-04T13:45:39Z,ACME\rlee,SALES-WS-18,true,true,Windows,2026-10-04T13:45:00Z
2026-10-04T13:46:40Z,ACME\lchen,FIN-WS-09,true,true,Windows,2026-10-04T13:46:00Z
2026-10-04T13:47:00Z,ACME\rlee,DEV-WS-12,true,true,Windows,2026-10-04T13:47:00Z
2026-10-04T13:48:01Z,ACME\rlee,SALES-WS-18,true,true,Windows,2026-10-04T13:48:00Z
2026-10-04T13:49:02Z,ACME\rlee,SALES-WS-18,true,true,Windows,2026-10-04T13:49:00Z
2026-10-04T13:50:03Z,ACME\knguyen,DEV-WS-12,true,true,Windows,2026-10-04T13:50:00Z
2026-10-04T13:51:04Z,ACME\knguyen,DEV-WS-12,true,true,Windows,2026-10-04T13:51:00Z
2026-10-04T13:52:05Z,ACME\mrivera,SALES-WS-18,true,true,Windows,2026-10-04T13:52:00Z
2026-10-04T13:53:06Z,ACME\lchen,DEV-WS-12,true,true,Windows,2026-10-04T13:53:00Z
2026-10-04T13:54:07Z,ACME\rlee,FIN-WS-09,true,true,Windows,2026-10-04T13:54:00Z
2026-10-04T13:55:08Z,ACME\mrivera,SALES-WS-18,true,true,Windows,2026-10-04T13:55:00Z
2026-10-04T13:56:09Z,ACME\mrivera,FIN-WS-09,true,true,Windows,2026-10-04T13:56:00Z
2026-10-04T13:57:10Z,ACME\rlee,FIN-WS-09,true,true,Windows,2026-10-04T13:57:00Z
2026-10-04T13:58:11Z,ACME\rlee,SALES-WS-18,true,true,Windows,2026-10-04T13:58:00Z
2026-10-04T13:59:12Z,ACME\rlee,DEV-WS-12,true,true,Windows,2026-10-04T13:59:00Z
2026-10-04T14:00:13Z,ACME\rlee,SALES-WS-18,true,true,Windows,2026-10-04T14:00:00Z
2026-10-04T14:01:14Z,ACME\knguyen,SALES-WS-18,true,true,Windows,2026-10-04T14:01:00Z
2026-10-04T14:02:15Z,ACME\rlee,DEV-WS-12,true,true,Windows,2026-10-04T14:02:00Z
2026-10-04T14:03:16Z,ACME\rlee,FIN-WS-09,true,true,Windows,2026-10-04T14:03:00Z
2026-10-04T14:04:17Z,ACME\rlee,SALES-WS-18,true,true,Windows,2026-10-04T14:04:00Z
2026-10-04T14:05:18Z,ACME\rlee,FIN-WS-09,true,true,Windows,2026-10-04T14:05:00Z
2026-10-04T14:06:19Z,ACME\lchen,SALES-WS-18,true,true,Windows,2026-10-04T14:06:00Z
2026-10-04T14:07:20Z,ACME\rlee,DEV-WS-12,true,true,Windows,2026-10-04T14:07:00Z
2026-10-04T14:08:21Z,ACME\rlee,FIN-WS-09,true,true,Windows,2026-10-04T14:08:00Z
2026-10-04T14:09:22Z,ACME\rlee,DEV-WS-12,true,true,Windows,2026-10-04T14:09:00Z
2026-10-04T14:10:23Z,ACME\lchen,DEV-WS-12,true,true,Windows,2026-10-04T14:10:00Z
2026-10-04T14:11:24Z,ACME\knguyen,DEV-WS-12,true,true,Windows,2026-10-04T14:11:00Z
2026-10-04T14:12:25Z,ACME\knguyen,DEV-WS-12,true,true,Windows,2026-10-04T14:12:00Z
2026-10-04T14:13:26Z,ACME\rlee,FIN-WS-09,true,true,Windows,2026-10-04T14:13:00Z
2026-10-04T14:14:27Z,ACME\mrivera,DEV-WS-12,true,true,Windows,2026-10-04T14:14:00Z
2026-10-04T14:15:28Z,ACME\knguyen,DEV-WS-12,true,true,Windows,2026-10-04T14:15:00Z
2026-10-04T14:16:29Z,ACME\knguyen,SALES-WS-18,true,true,Windows,2026-10-04T14:16:00Z
2026-10-04T14:17:30Z,ACME\lchen,DEV-WS-12,true,true,Windows,2026-10-04T14:17:00Z
2026-10-04T14:18:31Z,ACME\mrivera,DEV-WS-12,true,true,Windows,2026-10-04T14:18:00Z
2026-10-04T14:19:32Z,ACME\lchen,FIN-WS-09,true,true,Windows,2026-10-04T14:19:00Z
2026-10-04T14:20:33Z,ACME\mrivera,DEV-WS-12,true,true,Windows,2026-10-04T14:20:00Z
2026-10-04T14:21:34Z,ACME\lchen,FIN-WS-09,true,true,Windows,2026-10-04T14:21:00Z
2026-10-04T14:22:35Z,ACME\rlee,FIN-WS-09,true,true,Windows,2026-10-04T14:22:00Z
2026-10-04T14:23:36Z,ACME\mrivera,FIN-WS-09,true,true,Windows,2026-10-04T14:23:00Z
2026-10-04T14:24:37Z,ACME\mrivera,SALES-WS-18,true,true,Windows,2026-10-04T14:24:00Z
2026-10-04T14:25:38Z,ACME\mrivera,FIN-WS-09,true,true,Windows,2026-10-04T14:25:00Z
2026-10-04T14:26:39Z,ACME\knguyen,FIN-WS-09,true,true,Windows,2026-10-04T14:26:00Z
2026-10-04T14:27:40Z,ACME\lchen,FIN-WS-09,true,true,Windows,2026-10-04T14:27:00Z
2026-10-04T14:28:00Z,ACME\lchen,FIN-WS-09,true,true,Windows,2026-10-04T14:28:00Z
2026-10-04T14:29:01Z,ACME\knguyen,DEV-WS-12,true,true,Windows,2026-10-04T14:29:00Z
2026-10-04T14:30:02Z,ACME\lchen,FIN-WS-09,true,true,Windows,2026-10-04T14:30:00Z
2026-10-04T14:31:03Z,ACME\mrivera,SALES-WS-18,true,true,Windows,2026-10-04T14:31:00Z
2026-10-04T14:32:04Z,ACME\mrivera,DEV-WS-12,true,true,Windows,2026-10-04T14:32:00Z
2026-10-04T14:33:05Z,ACME\mrivera,FIN-WS-09,true,true,Windows,2026-10-04T14:33:00Z
2026-10-04T14:34:06Z,ACME\mrivera,FIN-WS-09,true,true,Windows,2026-10-04T14:34:00Z
2026-10-04T14:35:07Z,ACME\rlee,FIN-WS-09,true,true,Windows,2026-10-04T14:35:00Z
2026-10-04T14:36:08Z,ACME\mrivera,DEV-WS-12,true,true,Windows,2026-10-04T14:36:00Z
2026-10-04T14:37:09Z,ACME\mrivera,FIN-WS-09,true,true,Windows,2026-10-04T14:37:00Z
2026-10-04T14:38:10Z,ACME\rlee,DEV-WS-12,true,true,Windows,2026-10-04T14:38:00Z
2026-10-04T14:39:11Z,ACME\knguyen,SALES-WS-18,true,true,Windows,2026-10-04T14:39:00Z
2026-10-04T14:40:12Z,ACME\lchen,FIN-WS-09,true,true,Windows,2026-10-04T14:40:00Z
2026-10-04T14:41:13Z,ACME\mrivera,SALES-WS-18,true,true,Windows,2026-10-04T14:41:00Z
2026-10-04T14:42:14Z,ACME\knguyen,SALES-WS-18,true,true,Windows,2026-10-04T14:42:00Z
2026-10-04T14:43:15Z,ACME\knguyen,DEV-WS-12,true,true,Windows,2026-10-04T14:43:00Z
2026-10-04T14:44:16Z,ACME\lchen,SALES-WS-18,true,true,Windows,2026-10-04T14:44:00Z
2026-10-04T14:45:17Z,ACME\lchen,FIN-WS-09,true,true,Windows,2026-10-04T14:45:00Z
2026-10-04T14:46:18Z,ACME\mrivera,DEV-WS-12,true,true,Windows,2026-10-04T14:46:00Z
2026-10-04T14:47:19Z,ACME\knguyen,FIN-WS-09,true,true,Windows,2026-10-04T14:47:00Z
2026-10-04T14:48:20Z,ACME\lchen,SALES-WS-18,true,true,Windows,2026-10-04T14:48:00Z
2026-10-04T14:49:21Z,ACME\rlee,FIN-WS-09,true,true,Windows,2026-10-04T14:49:00Z
2026-10-04T14:50:22Z,ACME\rlee,SALES-WS-18,true,true,Windows,2026-10-04T14:50:00Z
2026-10-04T14:51:23Z,ACME\mrivera,DEV-WS-12,true,true,Windows,2026-10-04T14:51:00Z
2026-10-04T14:52:24Z,ACME\rlee,FIN-WS-09,true,true,Windows,2026-10-04T14:52:00Z
2026-10-04T14:53:25Z,ACME\mrivera,DEV-WS-12,true,true,Windows,2026-10-04T14:53:00Z
2026-10-04T14:54:26Z,ACME\lchen,SALES-WS-18,true,true,Windows,2026-10-04T14:54:00Z
2026-10-04T14:55:27Z,ACME\knguyen,SALES-WS-18,true,true,Windows,2026-10-04T14:55:00Z
2026-10-04T14:56:28Z,ACME\lchen,FIN-WS-09,true,true,Windows,2026-10-04T14:56:00Z
2026-10-04T14:57:29Z,ACME\knguyen,FIN-WS-09,true,true,Windows,2026-10-04T14:57:00Z
2026-10-04T14:58:30Z,ACME\lchen,DEV-WS-12,true,true,Windows,2026-10-04T14:58:00Z
2026-10-04T14:59:31Z,ACME\lchen,FIN-WS-09,true,true,Windows,2026-10-04T14:59:00Z
2026-10-04T15:00:32Z,ACME\rlee,FIN-WS-09,true,true,Windows,2026-10-04T15:00:00Z
2026-10-04T15:01:33Z,ACME\rlee,SALES-WS-18,true,true,Windows,2026-10-04T15:01:00Z
2026-10-04T15:02:34Z,ACME\mrivera,SALES-WS-18,true,true,Windows,2026-10-04T15:02:00Z
2026-10-04T15:03:35Z,ACME\knguyen,DEV-WS-12,true,true,Windows,2026-10-04T15:03:00Z
2026-10-04T15:04:36Z,ACME\lchen,SALES-WS-18,true,true,Windows,2026-10-04T15:04:00Z
2026-10-04T15:05:37Z,ACME\knguyen,FIN-WS-09,true,true,Windows,2026-10-04T15:05:00Z
2026-10-04T15:06:38Z,ACME\rlee,SALES-WS-18,true,true,Windows,2026-10-04T15:06:00Z
2026-10-04T15:07:39Z,ACME\rlee,SALES-WS-18,true,true,Windows,2026-10-04T15:07:00Z
2026-10-04T15:08:40Z,ACME\lchen,FIN-WS-09,true,true,Windows,2026-10-04T15:08:00Z
2026-10-04T15:09:00Z,ACME\rlee,DEV-WS-12,true,true,Windows,2026-10-04T15:09:00Z
2026-10-04T15:10:01Z,ACME\lchen,DEV-WS-12,true,true,Windows,2026-10-04T15:10:00Z
2026-10-04T15:11:02Z,ACME\lchen,FIN-WS-09,true,true,Windows,2026-10-04T15:11:00Z
2026-10-04T15:12:03Z,ACME\mrivera,FIN-WS-09,true,true,Windows,2026-10-04T15:12:00Z
2026-10-04T15:13:04Z,ACME\knguyen,SALES-WS-18,true,true,Windows,2026-10-04T15:13:00Z
2026-10-04T15:14:05Z,ACME\lchen,DEV-WS-12,true,true,Windows,2026-10-04T15:14:00Z
2026-10-04T15:15:06Z,ACME\mrivera,FIN-WS-09,true,true,Windows,2026-10-04T15:15:00Z
2026-10-04T15:16:07Z,ACME\lchen,SALES-WS-18,true,true,Windows,2026-10-04T15:16:00Z
2026-10-04T15:17:08Z,ACME\mrivera,FIN-WS-09,true,true,Windows,2026-10-04T15:17:00Z
2026-10-04T15:18:09Z,ACME\lchen,DEV-WS-12,true,true,Windows,2026-10-04T15:18:00Z
2026-10-04T15:19:10Z,ACME\mrivera,SALES-WS-18,true,true,Windows,2026-10-04T15:19:00Z
2026-10-04T15:20:11Z,ACME\knguyen,FIN-WS-09,true,true,Windows,2026-10-04T15:20:00Z
2026-10-04T15:21:12Z,ACME\mrivera,FIN-WS-09,true,true,Windows,2026-10-04T15:21:00Z
2026-10-04T15:22:13Z,ACME\lchen,SALES-WS-18,true,true,Windows,2026-10-04T15:22:00Z
2026-10-04T15:23:14Z,ACME\rlee,FIN-WS-09,true,true,Windows,2026-10-04T15:23:00Z
2026-10-04T15:24:15Z,ACME\lchen,SALES-WS-18,true,true,Windows,2026-10-04T15:24:00Z
2026-10-04T15:25:16Z,ACME\knguyen,SALES-WS-18,true,true,Windows,2026-10-04T15:25:00Z
2026-10-04T15:26:17Z,ACME\lchen,DEV-WS-12,true,true,Windows,2026-10-04T15:26:00Z
2026-10-04T15:27:18Z,ACME\rlee,FIN-WS-09,true,true,Windows,2026-10-04T15:27:00Z
2026-10-04T15:28:19Z,ACME\rlee,SALES-WS-18,true,true,Windows,2026-10-04T15:28:00Z
2026-10-04T15:29:20Z,ACME\knguyen,SALES-WS-18,true,true,Windows,2026-10-04T15:29:00Z
2026-10-04T15:30:21Z,ACME\mrivera,SALES-WS-18,true,true,Windows,2026-10-04T15:30:00Z
2026-10-04T15:31:22Z,ACME\lchen,SALES-WS-18,true,true,Windows,2026-10-04T15:31:00Z
2026-10-04T15:32:23Z,ACME\mrivera,DEV-WS-12,true,true,Windows,2026-10-04T15:32:00Z
2026-10-04T15:33:24Z,ACME\mrivera,DEV-WS-12,true,true,Windows,2026-10-04T15:33:00Z
2026-10-04T15:34:25Z,ACME\mrivera,FIN-WS-09,true,true,Windows,2026-10-04T15:34:00Z
2026-10-04T15:35:26Z,ACME\mrivera,FIN-WS-09,true,true,Windows,2026-10-04T15:35:00Z
2026-10-04T15:36:27Z,ACME\knguyen,SALES-WS-18,true,true,Windows,2026-10-04T15:36:00Z
2026-10-04T15:37:28Z,ACME\knguyen,FIN-WS-09,true,true,Windows,2026-10-04T15:37:00Z
2026-10-04T15:38:29Z,ACME\mrivera,SALES-WS-18,true,true,Windows,2026-10-04T15:38:00Z
2026-10-04T15:39:30Z,ACME\knguyen,SALES-WS-18,true,true,Windows,2026-10-04T15:39:00Z
2026-10-04T15:40:31Z,ACME\knguyen,DEV-WS-12,true,true,Windows,2026-10-04T15:40:00Z
2026-10-04T15:41:32Z,ACME\mrivera,DEV-WS-12,true,true,Windows,2026-10-04T15:41:00Z
2026-10-04T15:42:33Z,ACME\knguyen,DEV-WS-12,true,true,Windows,2026-10-04T15:42:00Z
2026-10-04T15:43:34Z,ACME\rlee,SALES-WS-18,true,true,Windows,2026-10-04T15:43:00Z
2026-10-04T15:44:35Z,ACME\rlee,DEV-WS-12,true,true,Windows,2026-10-04T15:44:00Z
2026-10-04T15:45:36Z,ACME\lchen,DEV-WS-12,true,true,Windows,2026-10-04T15:45:00Z
2026-10-04T15:46:37Z,ACME\mrivera,SALES-WS-18,true,true,Windows,2026-10-04T15:46:00Z
2026-10-04T15:47:38Z,ACME\rlee,FIN-WS-09,true,true,Windows,2026-10-04T15:47:00Z
2026-10-04T15:48:39Z,ACME\lchen,DEV-WS-12,true,true,Windows,2026-10-04T15:48:00Z
2026-10-04T15:49:40Z,ACME\mrivera,DEV-WS-12,true,true,Windows,2026-10-04T15:49:00Z
2026-10-04T15:50:00Z,ACME\mrivera,SALES-WS-18,true,true,Windows,2026-10-04T15:50:00Z
2026-10-04T15:51:01Z,ACME\rlee,FIN-WS-09,true,true,Windows,2026-10-04T15:51:00Z
2026-10-04T15:52:02Z,ACME\lchen,FIN-WS-09,true,true,Windows,2026-10-04T15:52:00Z
2026-10-04T15:53:03Z,ACME\rlee,FIN-WS-09,true,true,Windows,2026-10-04T15:53:00Z
2026-10-04T15:54:04Z,ACME\rlee,FIN-WS-09,true,true,Windows,2026-10-04T15:54:00Z
2026-10-04T15:55:05Z,ACME\rlee,FIN-WS-09,true,true,Windows,2026-10-04T15:55:00Z
2026-10-04T15:56:06Z,ACME\rlee,SALES-WS-18,true,true,Windows,2026-10-04T15:56:00Z
2026-10-04T15:57:07Z,ACME\lchen,FIN-WS-09,true,true,Windows,2026-10-04T15:57:00Z
2026-10-04T15:58:08Z,ACME\lchen,DEV-WS-12,true,true,Windows,2026-10-04T15:58:00Z
2026-10-04T15:59:09Z,ACME\knguyen,DEV-WS-12,true,true,Windows,2026-10-04T15:59:00Z
2026-10-04T16:00:10Z,ACME\mrivera,DEV-WS-12,true,true,Windows,2026-10-04T16:00:00Z
2026-10-04T16:01:11Z,ACME\lchen,FIN-WS-09,true,true,Windows,2026-10-04T16:01:00Z
2026-10-04T16:02:12Z,ACME\knguyen,DEV-WS-12,true,true,Windows,2026-10-04T16:02:00Z
2026-10-04T16:03:13Z,ACME\lchen,FIN-WS-09,true,true,Windows,2026-10-04T16:03:00Z
2026-10-04T16:04:14Z,ACME\lchen,DEV-WS-12,true,true,Windows,2026-10-04T16:04:00Z
2026-10-04T16:05:15Z,ACME\knguyen,FIN-WS-09,true,true,Windows,2026-10-04T16:05:00Z
2026-10-04T16:06:16Z,ACME\lchen,DEV-WS-12,true,true,Windows,2026-10-04T16:06:00Z
2026-10-04T16:07:17Z,ACME\mrivera,SALES-WS-18,true,true,Windows,2026-10-04T16:07:00Z
2026-10-04T16:08:18Z,ACME\rlee,DEV-WS-12,true,true,Windows,2026-10-04T16:08:00Z
2026-10-04T16:09:19Z,ACME\knguyen,DEV-WS-12,true,true,Windows,2026-10-04T16:09:00Z
2026-10-04T16:10:20Z,ACME\rlee,DEV-WS-12,true,true,Windows,2026-10-04T16:10:00Z
2026-10-04T16:11:21Z,ACME\mrivera,FIN-WS-09,true,true,Windows,2026-10-04T16:11:00Z
2026-10-04T16:12:22Z,ACME\mrivera,DEV-WS-12,true,true,Windows,2026-10-04T16:12:00Z
2026-10-04T16:13:23Z,ACME\knguyen,FIN-WS-09,true,true,Windows,2026-10-04T16:13:00Z
2026-10-04T16:14:24Z,ACME\knguyen,FIN-WS-09,true,true,Windows,2026-10-04T16:14:00Z
2026-10-04T16:15:25Z,ACME\mrivera,SALES-WS-18,true,true,Windows,2026-10-04T16:15:00Z
2026-10-04T16:16:26Z,ACME\mrivera,SALES-WS-18,true,true,Windows,2026-10-04T16:16:00Z
2026-10-04T16:17:27Z,ACME\lchen,FIN-WS-09,true,true,Windows,2026-10-04T16:17:00Z
2026-10-04T16:18:28Z,ACME\lchen,DEV-WS-12,true,true,Windows,2026-10-04T16:18:00Z
2026-10-04T16:19:29Z,ACME\rlee,FIN-WS-09,true,true,Windows,2026-10-04T16:19:00Z
2026-10-04T16:20:30Z,ACME\rlee,SALES-WS-18,true,true,Windows,2026-10-04T16:20:00Z
2026-10-04T16:21:31Z,ACME\knguyen,SALES-WS-18,true,true,Windows,2026-10-04T16:21:00Z
2026-10-04T16:22:32Z,ACME\lchen,SALES-WS-18,true,true,Windows,2026-10-04T16:22:00Z
2026-10-04T16:23:33Z,ACME\knguyen,DEV-WS-12,true,true,Windows,2026-10-04T16:23:00Z
2026-10-04T16:24:34Z,ACME\mrivera,FIN-WS-09,true,true,Windows,2026-10-04T16:24:00Z
2026-10-04T16:25:35Z,ACME\lchen,SALES-WS-18,true,true,Windows,2026-10-04T16:25:00Z
2026-10-04T16:26:36Z,ACME\rlee,FIN-WS-09,true,true,Windows,2026-10-04T16:26:00Z
2026-10-04T16:27:37Z,ACME\lchen,DEV-WS-12,true,true,Windows,2026-10-04T16:27:00Z
2026-10-04T16:28:38Z,ACME\rlee,SALES-WS-18,true,true,Windows,2026-10-04T16:28:00Z
2026-10-04T16:29:39Z,ACME\knguyen,DEV-WS-12,true,true,Windows,2026-10-04T16:29:00Z
2026-10-04T16:30:40Z,ACME\mrivera,FIN-WS-09,true,true,Windows,2026-10-04T16:30:00Z
2026-10-04T16:31:00Z,ACME\lchen,SALES-WS-18,true,true,Windows,2026-10-04T16:31:00Z
2026-10-04T16:32:01Z,ACME\rlee,SALES-WS-18,true,true,Windows,2026-10-04T16:32:00Z
2026-10-04T16:33:02Z,ACME\knguyen,FIN-WS-09,true,true,Windows,2026-10-04T16:33:00Z
2026-10-04T16:34:03Z,ACME\mrivera,DEV-WS-12,true,true,Windows,2026-10-04T16:34:00Z
2026-10-04T16:35:04Z,ACME\lchen,SALES-WS-18,true,true,Windows,2026-10-04T16:35:00Z
2026-10-04T16:36:05Z,ACME\mrivera,FIN-WS-09,true,true,Windows,2026-10-04T16:36:00Z
2026-10-04T16:37:06Z,ACME\knguyen,SALES-WS-18,true,true,Windows,2026-10-04T16:37:00Z
2026-10-04T16:38:07Z,ACME\lchen,SALES-WS-18,true,true,Windows,2026-10-04T16:38:00Z
2026-10-04T16:39:08Z,ACME\knguyen,SALES-WS-18,true,true,Windows,2026-10-04T16:39:00Z
2026-10-04T16:40:09Z,ACME\rlee,DEV-WS-12,true,true,Windows,2026-10-04T16:40:00Z
2026-10-04T16:41:10Z,ACME\knguyen,SALES-WS-18,true,true,Windows,2026-10-04T16:41:00Z
2026-10-04T16:42:11Z,ACME\lchen,DEV-WS-12,true,true,Windows,2026-10-04T16:42:00Z
2026-10-04T16:43:12Z,ACME\knguyen,DEV-WS-12,true,true,Windows,2026-10-04T16:43:00Z
2026-10-04T16:44:13Z,ACME\knguyen,SALES-WS-18,true,true,Windows,2026-10-04T16:44:00Z
2026-10-04T16:45:14Z,ACME\mrivera,FIN-WS-09,true,true,Windows,2026-10-04T16:45:00Z
2026-10-04T16:46:15Z,ACME\knguyen,SALES-WS-18,true,true,Windows,2026-10-04T16:46:00Z
2026-10-04T16:47:16Z,ACME\rlee,DEV-WS-12,true,true,Windows,2026-10-04T16:47:00Z
2026-10-04T16:48:17Z,ACME\lchen,SALES-WS-18,true,true,Windows,2026-10-04T16:48:00Z
2026-10-04T16:49:18Z,ACME\lchen,SALES-WS-18,true,true,Windows,2026-10-04T16:49:00Z
2026-10-04T16:50:19Z,ACME\lchen,FIN-WS-09,true,true,Windows,2026-10-04T16:50:00Z
2026-10-04T16:51:20Z,ACME\knguyen,FIN-WS-09,true,true,Windows,2026-10-04T16:51:00Z
2026-10-04T16:52:21Z,ACME\rlee,SALES-WS-18,true,true,Windows,2026-10-04T16:52:00Z
2026-10-04T16:53:22Z,ACME\knguyen,SALES-WS-18,true,true,Windows,2026-10-04T16:53:00Z
2026-10-04T16:54:23Z,ACME\knguyen,DEV-WS-12,true,true,Windows,2026-10-04T16:54:00Z
2026-10-04T16:55:24Z,ACME\knguyen,FIN-WS-09,true,true,Windows,2026-10-04T16:55:00Z
2026-10-04T16:56:25Z,ACME\lchen,FIN-WS-09,true,true,Windows,2026-10-04T16:56:00Z
2026-10-04T16:57:26Z,ACME\mrivera,SALES-WS-18,true,true,Windows,2026-10-04T16:57:00Z
2026-10-04T16:58:27Z,ACME\knguyen,DEV-WS-12,true,true,Windows,2026-10-04T16:58:00Z
2026-10-04T16:59:28Z,ACME\lchen,DEV-WS-12,true,true,Windows,2026-10-04T16:59:00Z
2026-10-04T13:00:29Z,ACME\mrivera,FIN-WS-09,true,true,Windows,2026-10-04T13:00:00Z
2026-10-04T13:01:30Z,ACME\knguyen,FIN-WS-09,true,true,Windows,2026-10-04T13:01:00Z
2026-10-04T13:02:31Z,ACME\mrivera,SALES-WS-18,true,true,Windows,2026-10-04T13:02:00Z
2026-10-04T13:03:32Z,ACME\knguyen,SALES-WS-18,true,true,Windows,2026-10-04T13:03:00Z
2026-10-04T13:04:33Z,ACME\mrivera,SALES-WS-18,true,true,Windows,2026-10-04T13:04:00Z
2026-10-04T13:05:34Z,ACME\mrivera,SALES-WS-18,true,true,Windows,2026-10-04T13:05:00Z
2026-10-04T13:06:35Z,ACME\mrivera,FIN-WS-09,true,true,Windows,2026-10-04T13:06:00Z
2026-10-04T13:07:36Z,ACME\knguyen,DEV-WS-12,true,true,Windows,2026-10-04T13:07:00Z
2026-10-04T13:08:37Z,ACME\knguyen,FIN-WS-09,true,true,Windows,2026-10-04T13:08:00Z
2026-10-04T13:09:38Z,ACME\knguyen,FIN-WS-09,true,true,Windows,2026-10-04T13:09:00Z
2026-10-04T13:10:39Z,ACME\rlee,SALES-WS-18,true,true,Windows,2026-10-04T13:10:00Z
2026-10-04T13:11:40Z,ACME\knguyen,DEV-WS-12,true,true,Windows,2026-10-04T13:11:00Z
2026-10-04T13:12:00Z,ACME\rlee,FIN-WS-09,true,true,Windows,2026-10-04T13:12:00Z
2026-10-04T13:13:01Z,ACME\lchen,DEV-WS-12,true,true,Windows,2026-10-04T13:13:00Z
2026-10-04T13:14:02Z,ACME\rlee,FIN-WS-09,true,true,Windows,2026-10-04T13:14:00Z
2026-10-04T13:15:03Z,ACME\lchen,SALES-WS-18,true,true,Windows,2026-10-04T13:15:00Z
2026-10-04T13:16:04Z,ACME\rlee,DEV-WS-12,true,true,Windows,2026-10-04T13:16:00Z
2026-10-04T13:17:05Z,ACME\knguyen,FIN-WS-09,true,true,Windows,2026-10-04T13:17:00Z
2026-10-04T13:18:06Z,ACME\knguyen,DEV-WS-12,true,true,Windows,2026-10-04T13:18:00Z
2026-10-04T13:19:07Z,ACME\lchen,FIN-WS-09,true,true,Windows,2026-10-04T13:19:00Z
