_time,ticket,user,technician,action,approved,source
2026-10-04T13:00:00Z,HD-4000,ACME\knguyen,ACME\helpdesk,device_enrollment,true,HELPDESK-01
2026-10-04T13:01:01Z,HD-4001,ACME\lchen,ACME\helpdesk,password_reset,true,HELPDESK-01
2026-10-04T13:02:02Z,HD-4002,ACME\lchen,ACME\helpdesk,device_enrollment,true,HELPDESK-01
2026-10-04T13:03:03Z,HD-4003,ACME\lchen,ACME\helpdesk,mfa_support,true,HELPDESK-01
2026-10-04T13:04:04Z,HD-4004,ACME\rlee,ACME\helpdesk,mfa_support,true,HELPDESK-01
2026-10-04T13:05:05Z,HD-4005,ACME\lchen,ACME\helpdesk,password_reset,true,HELPDESK-01
2026-10-04T13:06:06Z,HD-4006,ACME\mrivera,ACME\helpdesk,password_reset,true,HELPDESK-01
2026-10-04T13:07:07Z,HD-4007,ACME\mrivera,ACME\helpdesk,device_enrollment,true,HELPDESK-01
2026-10-04T13:08:08Z,HD-4008,ACME\mrivera,ACME\helpdesk,mfa_support,true,HELPDESK-01
2026-10-04T13:09:09Z,HD-4009,ACME\rlee,ACME\helpdesk,mfa_support,true,HELPDESK-01
2026-10-04T13:10:10Z,HD-4010,ACME\lchen,ACME\helpdesk,password_reset,true,HELPDESK-01
2026-10-04T13:11:11Z,HD-4011,ACME\mrivera,ACME\helpdesk,mfa_support,true,HELPDESK-01
2026-10-04T13:12:12Z,HD-4012,ACME\mrivera,ACME\helpdesk,password_reset,true,HELPDESK-01
2026-10-04T13:13:13Z,HD-4013,ACME\lchen,ACME\helpdesk,mfa_support,true,HELPDESK-01
2026-10-04T13:14:14Z,HD-4014,ACME\lchen,ACME\helpdesk,mfa_support,true,HELPDESK-01
2026-10-04T13:15:15Z,HD-4015,ACME\mrivera,ACME\helpdesk,mfa_support,true,HELPDESK-01
2026-10-04T13:16:16Z,HD-4016,ACME\knguyen,ACME\helpdesk,device_enrollment,true,HELPDESK-01
2026-10-04T13:17:17Z,HD-4017,ACME\rlee,ACME\helpdesk,mfa_support,true,HELPDESK-01
2026-10-04T13:18:18Z,HD-4018,ACME\lchen,ACME\helpdesk,device_enrollment,true,HELPDESK-01
2026-10-04T13:19:19Z,HD-4019,ACME\mrivera,ACME\helpdesk,password_reset,true,HELPDESK-01
2026-10-04T13:20:20Z,HD-4020,ACME\lchen,ACME\helpdesk,mfa_support,true,HELPDESK-01
2026-10-04T13:21:21Z,HD-4021,ACME\mrivera,ACME\helpdesk,password_reset,true,HELPDESK-01
2026-10-04T13:22:22Z,HD-4022,ACME\lchen,ACME\helpdesk,mfa_support,true,HELPDESK-01
2026-10-04T13:23:23Z,HD-4023,ACME\mrivera,ACME\helpdesk,device_enrollment,true,HELPDESK-01
2026-10-04T13:24:24Z,HD-4024,ACME\rlee,ACME\helpdesk,device_enrollment,true,HELPDESK-01
2026-10-04T13:25:25Z,HD-4025,ACME\knguyen,ACME\helpdesk,device_enrollment,true,HELPDESK-01
2026-10-04T13:26:26Z,HD-4026,ACME\lchen,ACME\helpdesk,password_reset,true,HELPDESK-01
2026-10-04T13:27:27Z,HD-4027,ACME\knguyen,ACME\helpdesk,device_enrollment,true,HELPDESK-01
2026-10-04T13:28:28Z,HD-4028,ACME\mrivera,ACME\helpdesk,mfa_support,true,HELPDESK-01
2026-10-04T13:29:29Z,HD-4029,ACME\lchen,ACME\helpdesk,device_enrollment,true,HELPDESK-01
2026-10-04T13:30:30Z,HD-4030,ACME\mrivera,ACME\helpdesk,mfa_support,true,HELPDESK-01
2026-10-04T13:31:00Z,HD-4031,ACME\rlee,ACME\helpdesk,mfa_support,true,HELPDESK-01
2026-10-04T13:32:01Z,HD-4032,ACME\lchen,ACME\helpdesk,password_reset,true,HELPDESK-01
2026-10-04T13:33:02Z,HD-4033,ACME\mrivera,ACME\helpdesk,password_reset,true,HELPDESK-01
2026-10-04T13:34:03Z,HD-4034,ACME\rlee,ACME\helpdesk,password_reset,true,HELPDESK-01
2026-10-04T13:35:04Z,HD-4035,ACME\lchen,ACME\helpdesk,password_reset,true,HELPDESK-01
2026-10-04T13:36:05Z,HD-4036,ACME\rlee,ACME\helpdesk,password_reset,true,HELPDESK-01
2026-10-04T13:37:06Z,HD-4037,ACME\knguyen,ACME\helpdesk,mfa_support,true,HELPDESK-01
2026-10-04T13:38:07Z,HD-4038,ACME\rlee,ACME\helpdesk,password_reset,true,HELPDESK-01
2026-10-04T13:39:08Z,HD-4039,ACME\knguyen,ACME\helpdesk,mfa_support,true,HELPDESK-01
2026-10-04T13:40:09Z,HD-4040,ACME\rlee,ACME\helpdesk,password_reset,true,HELPDESK-01
2026-10-04T13:41:10Z,HD-4041,ACME\rlee,ACME\helpdesk,password_reset,true,HELPDESK-01
2026-10-04T13:42:11Z,HD-4042,ACME\rlee,ACME\helpdesk,password_reset,true,HELPDESK-01
2026-10-04T13:43:12Z,HD-4043,ACME\lchen,ACME\helpdesk,mfa_support,true,HELPDESK-01
2026-10-04T13:44:13Z,HD-4044,ACME\mrivera,ACME\helpdesk,mfa_support,true,HELPDESK-01
2026-10-04T13:45:14Z,HD-4045,ACME\mrivera,ACME\helpdesk,password_reset,true,HELPDESK-01
2026-10-04T13:46:15Z,HD-4046,ACME\mrivera,ACME\helpdesk,password_reset,true,HELPDESK-01
2026-10-04T13:47:16Z,HD-4047,ACME\knguyen,ACME\helpdesk,password_reset,true,HELPDESK-01
2026-10-04T13:48:17Z,HD-4048,ACME\mrivera,ACME\helpdesk,password_reset,true,HELPDESK-01
2026-10-04T13:49:18Z,HD-4049,ACME\knguyen,ACME\helpdesk,device_enrollment,true,HELPDESK-01
2026-10-04T13:50:19Z,HD-4050,ACME\rlee,ACME\helpdesk,password_reset,true,HELPDESK-01
2026-10-04T13:51:20Z,HD-4051,ACME\knguyen,ACME\helpdesk,mfa_support,true,HELPDESK-01
2026-10-04T13:52:21Z,HD-4052,ACME\mrivera,ACME\helpdesk,device_enrollment,true,HELPDESK-01
2026-10-04T13:53:22Z,HD-4053,ACME\mrivera,ACME\helpdesk,device_enrollment,true,HELPDESK-01
2026-10-04T13:54:23Z,HD-4054,ACME\mrivera,ACME\helpdesk,mfa_support,true,HELPDESK-01
2026-10-04T13:55:24Z,HD-4055,ACME\rlee,ACME\helpdesk,mfa_support,true,HELPDESK-01
2026-10-04T13:56:25Z,HD-4056,ACME\lchen,ACME\helpdesk,mfa_support,true,HELPDESK-01
2026-10-04T13:57:26Z,HD-4057,ACME\lchen,ACME\helpdesk,password_reset,true,HELPDESK-01
2026-10-04T13:58:27Z,HD-4058,ACME\lchen,ACME\helpdesk,password_reset,true,HELPDESK-01
2026-10-04T13:59:28Z,HD-4059,ACME\mrivera,ACME\helpdesk,device_enrollment,true,HELPDESK-01
2026-10-04T14:00:29Z,HD-4060,ACME\lchen,ACME\helpdesk,mfa_support,true,HELPDESK-01
2026-10-04T14:01:30Z,HD-4061,ACME\knguyen,ACME\helpdesk,password_reset,true,HELPDESK-01
2026-10-04T14:02:00Z,HD-4062,ACME\knguyen,ACME\helpdesk,device_enrollment,true,HELPDESK-01
2026-10-04T14:03:01Z,HD-4063,ACME\rlee,ACME\helpdesk,password_reset,true,HELPDESK-01
2026-10-04T14:04:02Z,HD-4064,ACME\knguyen,ACME\helpdesk,mfa_support,true,HELPDESK-01
2026-10-04T14:05:03Z,HD-4065,ACME\rlee,ACME\helpdesk,password_reset,true,HELPDESK-01
2026-10-04T14:06:04Z,HD-4066,ACME\knguyen,ACME\helpdesk,mfa_support,true,HELPDESK-01
2026-10-04T14:07:05Z,HD-4067,ACME\mrivera,ACME\helpdesk,password_reset,true,HELPDESK-01
2026-10-04T14:08:06Z,HD-4068,ACME\lchen,ACME\helpdesk,mfa_support,true,HELPDESK-01
2026-10-04T14:09:07Z,HD-4069,ACME\mrivera,ACME\helpdesk,device_enrollment,true,HELPDESK-01
2026-10-04T14:10:08Z,HD-4070,ACME\lchen,ACME\helpdesk,mfa_support,true,HELPDESK-01
2026-10-04T14:11:09Z,HD-4071,ACME\mrivera,ACME\helpdesk,password_reset,true,HELPDESK-01
2026-10-04T14:12:10Z,HD-4072,ACME\knguyen,ACME\helpdesk,mfa_support,true,HELPDESK-01
2026-10-04T14:13:11Z,HD-4073,ACME\lchen,ACME\helpdesk,device_enrollment,true,HELPDESK-01
2026-10-04T14:14:12Z,HD-4074,ACME\lchen,ACME\helpdesk,password_reset,true,HELPDESK-01
2026-10-04T14:15:13Z,HD-4075,ACME\rlee,ACME\helpdesk,mfa_support,true,HELPDESK-01
2026-10-04T14:16:14Z,HD-4076,ACME\lchen,ACME\helpdesk,password_reset,true,HELPDESK-01
2026-10-04T14:17:15Z,HD-4077,ACME\lchen,ACME\helpdesk,password_reset,true,HELPDESK-01
2026-10-04T14:18:16Z,HD-4078,ACME\rlee,ACME\helpdesk,password_reset,true,HELPDESK-01
2026-10-04T14:19:17Z,HD-4079,ACME\rlee,ACME\helpdesk,mfa_support,true,HELPDESK-01
2026-10-04T14:20:18Z,HD-4080,ACME\knguyen,ACME\helpdesk,password_reset,true,HELPDESK-01
2026-10-04T14:21:19Z,HD-4081,ACME\rlee,ACME\helpdesk,mfa_support,true,HELPDESK-01
2026-10-04T14:22:20Z,HD-4082,ACME\knguyen,ACME\helpdesk,mfa_support,true,HELPDESK-01
2026-10-04T14:23:21Z,HD-4083,ACME\mrivera,ACME\helpdesk,device_enrollment,true,HELPDESK-01
2026-10-04T14:24:22Z,HD-4084,ACME\mrivera,ACME\helpdesk,password_reset,true,HELPDESK-01
2026-10-04T14:25:23Z,HD-4085,ACME\rlee,ACME\helpdesk,password_reset,true,HELPDESK-01
2026-10-04T14:26:24Z,HD-4086,ACME\mrivera,ACME\helpdesk,mfa_support,true,HELPDESK-01
2026-10-04T14:27:25Z,HD-4087,ACME\rlee,ACME\helpdesk,mfa_support,true,HELPDESK-01
2026-10-04T14:28:26Z,HD-4088,ACME\rlee,ACME\helpdesk,mfa_support,true,HELPDESK-01
2026-10-04T14:29:27Z,HD-4089,ACME\lchen,ACME\helpdesk,mfa_support,true,HELPDESK-01
2026-10-04T14:30:28Z,HD-4090,ACME\mrivera,ACME\helpdesk,device_enrollment,true,HELPDESK-01
2026-10-04T14:31:29Z,HD-4091,ACME\mrivera,ACME\helpdesk,mfa_support,true,HELPDESK-01
2026-10-04T14:32:30Z,HD-4092,ACME\knguyen,ACME\helpdesk,mfa_support,true,HELPDESK-01
2026-10-04T14:33:00Z,HD-4093,ACME\lchen,ACME\helpdesk,device_enrollment,true,HELPDESK-01
2026-10-04T14:34:01Z,HD-4094,ACME\lchen,ACME\helpdesk,device_enrollment,true,HELPDESK-01
2026-10-04T14:35:02Z,HD-4095,ACME\knguyen,ACME\helpdesk,mfa_support,true,HELPDESK-01
2026-10-04T14:36:03Z,HD-4096,ACME\knguyen,ACME\helpdesk,password_reset,true,HELPDESK-01
2026-10-04T14:37:04Z,HD-4097,ACME\lchen,ACME\helpdesk,mfa_support,true,HELPDESK-01
2026-10-04T14:38:05Z,HD-4098,ACME\knguyen,ACME\helpdesk,password_reset,true,HELPDESK-01
2026-10-04T14:39:06Z,HD-4099,ACME\knguyen,ACME\helpdesk,password_reset,true,HELPDESK-01
2026-10-04T14:40:07Z,HD-4100,ACME\rlee,ACME\helpdesk,device_enrollment,true,HELPDESK-01
2026-10-04T14:41:08Z,HD-4101,ACME\lchen,ACME\helpdesk,password_reset,true,HELPDESK-01
2026-10-04T14:42:09Z,HD-4102,ACME\lchen,ACME\helpdesk,password_reset,true,HELPDESK-01
2026-10-04T14:43:10Z,HD-4103,ACME\lchen,ACME\helpdesk,device_enrollment,true,HELPDESK-01
2026-10-04T14:44:11Z,HD-4104,ACME\rlee,ACME\helpdesk,mfa_support,true,HELPDESK-01
2026-10-04T14:45:12Z,HD-4105,ACME\lchen,ACME\helpdesk,mfa_support,true,HELPDESK-01
2026-10-04T14:46:13Z,HD-4106,ACME\lchen,ACME\helpdesk,device_enrollment,true,HELPDESK-01
2026-10-04T14:47:14Z,HD-4107,ACME\knguyen,ACME\helpdesk,device_enrollment,true,HELPDESK-01
2026-10-04T14:48:15Z,HD-4108,ACME\knguyen,ACME\helpdesk,mfa_support,true,HELPDESK-01
2026-10-04T14:49:16Z,HD-4109,ACME\rlee,ACME\helpdesk,mfa_support,true,HELPDESK-01
2026-10-04T14:50:17Z,HD-4110,ACME\rlee,ACME\helpdesk,device_enrollment,true,HELPDESK-01
2026-10-04T14:51:18Z,HD-4111,ACME\lchen,ACME\helpdesk,device_enrollment,true,HELPDESK-01
2026-10-04T14:52:19Z,HD-4112,ACME\lchen,ACME\helpdesk,device_enrollment,true,HELPDESK-01
2026-10-04T14:53:20Z,HD-4113,ACME\knguyen,ACME\helpdesk,device_enrollment,true,HELPDESK-01
2026-10-04T14:54:21Z,HD-4114,ACME\rlee,ACME\helpdesk,password_reset,true,HELPDESK-01
2026-10-04T14:55:22Z,HD-4115,ACME\rlee,ACME\helpdesk,mfa_support,true,HELPDESK-01
2026-10-04T14:56:23Z,HD-4116,ACME\rlee,ACME\helpdesk,password_reset,true,HELPDESK-01
2026-10-04T14:57:24Z,HD-4117,ACME\mrivera,ACME\helpdesk,password_reset,true,HELPDESK-01
2026-10-04T14:58:25Z,HD-4118,ACME\knguyen,ACME\helpdesk,device_enrollment,true,HELPDESK-01
2026-10-04T14:59:26Z,HD-4119,ACME\rlee,ACME\helpdesk,mfa_support,true,HELPDESK-01
2026-10-04T15:00:27Z,HD-4120,ACME\mrivera,ACME\helpdesk,mfa_support,true,HELPDESK-01
2026-10-04T15:01:28Z,HD-4121,ACME\knguyen,ACME\helpdesk,password_reset,true,HELPDESK-01
2026-10-04T15:02:29Z,HD-4122,ACME\knguyen,ACME\helpdesk,mfa_support,true,HELPDESK-01
2026-10-04T15:03:30Z,HD-4123,ACME\lchen,ACME\helpdesk,password_reset,true,HELPDESK-01
2026-10-04T15:04:00Z,HD-4124,ACME\mrivera,ACME\helpdesk,password_reset,true,HELPDESK-01
2026-10-04T15:05:01Z,HD-4125,ACME\knguyen,ACME\helpdesk,device_enrollment,true,HELPDESK-01
2026-10-04T15:06:02Z,HD-4126,ACME\knguyen,ACME\helpdesk,password_reset,true,HELPDESK-01
2026-10-04T15:07:03Z,HD-4127,ACME\mrivera,ACME\helpdesk,device_enrollment,true,HELPDESK-01
2026-10-04T15:08:04Z,HD-4128,ACME\knguyen,ACME\helpdesk,password_reset,true,HELPDESK-01
2026-10-04T15:09:05Z,HD-4129,ACME\rlee,ACME\helpdesk,password_reset,true,HELPDESK-01
2026-10-04T15:10:06Z,HD-4130,ACME\mrivera,ACME\helpdesk,password_reset,true,HELPDESK-01
2026-10-04T15:11:07Z,HD-4131,ACME\knguyen,ACME\helpdesk,password_reset,true,HELPDESK-01
2026-10-04T15:12:08Z,HD-4132,ACME\rlee,ACME\helpdesk,mfa_support,true,HELPDESK-01
2026-10-04T15:13:09Z,HD-4133,ACME\knguyen,ACME\helpdesk,password_reset,true,HELPDESK-01
2026-10-04T15:14:10Z,HD-4134,ACME\mrivera,ACME\helpdesk,password_reset,true,HELPDESK-01
2026-10-04T15:15:11Z,HD-4135,ACME\rlee,ACME\helpdesk,password_reset,true,HELPDESK-01
2026-10-04T15:16:12Z,HD-4136,ACME\rlee,ACME\helpdesk,password_reset,true,HELPDESK-01
2026-10-04T15:17:13Z,HD-4137,ACME\knguyen,ACME\helpdesk,password_reset,true,HELPDESK-01
2026-10-04T15:18:14Z,HD-4138,ACME\knguyen,ACME\helpdesk,mfa_support,true,HELPDESK-01
2026-10-04T15:19:15Z,HD-4139,ACME\lchen,ACME\helpdesk,device_enrollment,true,HELPDESK-01
2026-10-04T15:20:16Z,HD-4140,ACME\rlee,ACME\helpdesk,device_enrollment,true,HELPDESK-01
2026-10-04T15:21:17Z,HD-4141,ACME\mrivera,ACME\helpdesk,mfa_support,true,HELPDESK-01
2026-10-04T15:22:18Z,HD-4142,ACME\lchen,ACME\helpdesk,device_enrollment,true,HELPDESK-01
2026-10-04T15:23:19Z,HD-4143,ACME\mrivera,ACME\helpdesk,mfa_support,true,HELPDESK-01
2026-10-04T15:24:20Z,HD-4144,ACME\knguyen,ACME\helpdesk,mfa_support,true,HELPDESK-01
2026-10-04T15:25:21Z,HD-4145,ACME\mrivera,ACME\helpdesk,device_enrollment,true,HELPDESK-01
2026-10-04T15:26:22Z,HD-4146,ACME\rlee,ACME\helpdesk,device_enrollment,true,HELPDESK-01
2026-10-04T15:27:23Z,HD-4147,ACME\lchen,ACME\helpdesk,password_reset,true,HELPDESK-01
2026-10-04T15:28:24Z,HD-4148,ACME\rlee,ACME\helpdesk,password_reset,true,HELPDESK-01
2026-10-04T15:29:25Z,HD-4149,ACME\rlee,ACME\helpdesk,mfa_support,true,HELPDESK-01
2026-10-04T15:30:26Z,HD-4150,ACME\lchen,ACME\helpdesk,password_reset,true,HELPDESK-01
2026-10-04T15:31:27Z,HD-4151,ACME\rlee,ACME\helpdesk,password_reset,true,HELPDESK-01
2026-10-04T15:32:28Z,HD-4152,ACME\mrivera,ACME\helpdesk,password_reset,true,HELPDESK-01
2026-10-04T15:33:29Z,HD-4153,ACME\lchen,ACME\helpdesk,mfa_support,true,HELPDESK-01
2026-10-04T15:34:30Z,HD-4154,ACME\rlee,ACME\helpdesk,device_enrollment,true,HELPDESK-01
2026-10-04T15:35:00Z,HD-4155,ACME\lchen,ACME\helpdesk,mfa_support,true,HELPDESK-01
2026-10-04T15:36:01Z,HD-4156,ACME\knguyen,ACME\helpdesk,mfa_support,true,HELPDESK-01
2026-10-04T15:37:02Z,HD-4157,ACME\lchen,ACME\helpdesk,mfa_support,true,HELPDESK-01
2026-10-04T15:38:03Z,HD-4158,ACME\lchen,ACME\helpdesk,mfa_support,true,HELPDESK-01
2026-10-04T15:39:04Z,HD-4159,ACME\rlee,ACME\helpdesk,device_enrollment,true,HELPDESK-01
2026-10-04T15:40:05Z,HD-4160,ACME\lchen,ACME\helpdesk,password_reset,true,HELPDESK-01
2026-10-04T15:41:06Z,HD-4161,ACME\rlee,ACME\helpdesk,device_enrollment,true,HELPDESK-01
2026-10-04T15:42:07Z,HD-4162,ACME\mrivera,ACME\helpdesk,mfa_support,true,HELPDESK-01
2026-10-04T15:43:08Z,HD-4163,ACME\knguyen,ACME\helpdesk,device_enrollment,true,HELPDESK-01
2026-10-04T15:44:09Z,HD-4164,ACME\lchen,ACME\helpdesk,device_enrollment,true,HELPDESK-01
2026-10-04T15:45:10Z,HD-4165,ACME\lchen,ACME\helpdesk,mfa_support,true,HELPDESK-01
2026-10-04T15:46:11Z,HD-4166,ACME\knguyen,ACME\helpdesk,password_reset,true,HELPDESK-01
2026-10-04T15:47:12Z,HD-4167,ACME\knguyen,ACME\helpdesk,password_reset,true,HELPDESK-01
2026-10-04T15:48:13Z,HD-4168,ACME\rlee,ACME\helpdesk,device_enrollment,true,HELPDESK-01
2026-10-04T15:49:14Z,HD-4169,ACME\mrivera,ACME\helpdesk,mfa_support,true,HELPDESK-01
2026-10-04T15:50:15Z,HD-4170,ACME\rlee,ACME\helpdesk,password_reset,true,HELPDESK-01
2026-10-04T15:51:16Z,HD-4171,ACME\knguyen,ACME\helpdesk,password_reset,true,HELPDESK-01
2026-10-04T15:52:17Z,HD-4172,ACME\knguyen,ACME\helpdesk,device_enrollment,true,HELPDESK-01
2026-10-04T15:53:18Z,HD-4173,ACME\knguyen,ACME\helpdesk,device_enrollment,true,HELPDESK-01
2026-10-04T15:54:19Z,HD-4174,ACME\mrivera,ACME\helpdesk,mfa_support,true,HELPDESK-01
2026-10-04T15:55:20Z,HD-4175,ACME\knguyen,ACME\helpdesk,password_reset,true,HELPDESK-01
2026-10-04T15:56:21Z,HD-4176,ACME\knguyen,ACME\helpdesk,password_reset,true,HELPDESK-01
2026-10-04T15:57:22Z,HD-4177,ACME\knguyen,ACME\helpdesk,mfa_support,true,HELPDESK-01
2026-10-04T15:58:23Z,HD-4178,ACME\rlee,ACME\helpdesk,mfa_support,true,HELPDESK-01
2026-10-04T15:59:24Z,HD-4179,ACME\knguyen,ACME\helpdesk,mfa_support,true,HELPDESK-01
2026-10-04T16:00:25Z,HD-4180,ACME\mrivera,ACME\helpdesk,mfa_support,true,HELPDESK-01
2026-10-04T16:01:26Z,HD-4181,ACME\mrivera,ACME\helpdesk,password_reset,true,HELPDESK-01
2026-10-04T16:02:27Z,HD-4182,ACME\mrivera,ACME\helpdesk,mfa_support,true,HELPDESK-01
2026-10-04T16:03:28Z,HD-4183,ACME\rlee,ACME\helpdesk,mfa_support,true,HELPDESK-01
2026-10-04T16:04:29Z,HD-4184,ACME\mrivera,ACME\helpdesk,device_enrollment,true,HELPDESK-01
2026-10-04T16:05:30Z,HD-4185,ACME\knguyen,ACME\helpdesk,mfa_support,true,HELPDESK-01
2026-10-04T16:06:00Z,HD-4186,ACME\knguyen,ACME\helpdesk,device_enrollment,true,HELPDESK-01
2026-10-04T16:07:01Z,HD-4187,ACME\knguyen,ACME\helpdesk,device_enrollment,true,HELPDESK-01
2026-10-04T16:08:02Z,HD-4188,ACME\knguyen,ACME\helpdesk,password_reset,true,HELPDESK-01
2026-10-04T16:09:03Z,HD-4189,ACME\lchen,ACME\helpdesk,mfa_support,true,HELPDESK-01
2026-10-04T16:10:04Z,HD-4190,ACME\lchen,ACME\helpdesk,device_enrollment,true,HELPDESK-01
2026-10-04T16:11:05Z,HD-4191,ACME\mrivera,ACME\helpdesk,mfa_support,true,HELPDESK-01
2026-10-04T16:12:06Z,HD-4192,ACME\mrivera,ACME\helpdesk,mfa_support,true,HELPDESK-01
2026-10-04T16:13:07Z,HD-4193,ACME\lchen,ACME\helpdesk,mfa_support,true,HELPDESK-01
2026-10-04T16:14:08Z,HD-4194,ACME\rlee,ACME\helpdesk,password_reset,true,HELPDESK-01
2026-10-04T16:15:09Z,HD-4195,ACME\lchen,ACME\helpdesk,password_reset,true,HELPDESK-01
2026-10-04T16:16:10Z,HD-4196,ACME\rlee,ACME\helpdesk,mfa_support,true,HELPDESK-01
2026-10-04T16:17:11Z,HD-4197,ACME\knguyen,ACME\helpdesk,device_enrollment,true,HELPDESK-01
2026-10-04T16:18:12Z,HD-4198,ACME\knguyen,ACME\helpdesk,password_reset,true,HELPDESK-01
2026-10-04T16:19:13Z,HD-4199,ACME\rlee,ACME\helpdesk,device_enrollment,true,HELPDESK-01
2026-10-04T16:20:14Z,HD-4200,ACME\mrivera,ACME\helpdesk,device_enrollment,true,HELPDESK-01
2026-10-04T16:21:15Z,HD-4201,ACME\knguyen,ACME\helpdesk,mfa_support,true,HELPDESK-01
2026-10-04T16:22:16Z,HD-4202,ACME\rlee,ACME\helpdesk,device_enrollment,true,HELPDESK-01
2026-10-04T16:23:17Z,HD-4203,ACME\mrivera,ACME\helpdesk,device_enrollment,true,HELPDESK-01
2026-10-04T16:24:18Z,HD-4204,ACME\lchen,ACME\helpdesk,password_reset,true,HELPDESK-01
2026-10-04T16:25:19Z,HD-4205,ACME\mrivera,ACME\helpdesk,device_enrollment,true,HELPDESK-01
2026-10-04T16:26:20Z,HD-4206,ACME\rlee,ACME\helpdesk,password_reset,true,HELPDESK-01
2026-10-04T16:27:21Z,HD-4207,ACME\lchen,ACME\helpdesk,device_enrollment,true,HELPDESK-01
2026-10-04T16:28:22Z,HD-4208,ACME\rlee,ACME\helpdesk,device_enrollment,true,HELPDESK-01
2026-10-04T16:29:23Z,HD-4209,ACME\knguyen,ACME\helpdesk,mfa_support,true,HELPDESK-01
2026-10-04T16:30:24Z,HD-4210,ACME\knguyen,ACME\helpdesk,password_reset,true,HELPDESK-01
2026-10-04T16:31:25Z,HD-4211,ACME\mrivera,ACME\helpdesk,password_reset,true,HELPDESK-01
2026-10-04T16:32:26Z,HD-4212,ACME\rlee,ACME\helpdesk,mfa_support,true,HELPDESK-01
2026-10-04T16:33:27Z,HD-4213,ACME\rlee,ACME\helpdesk,device_enrollment,true,HELPDESK-01
2026-10-04T16:34:28Z,HD-4214,ACME\mrivera,ACME\helpdesk,password_reset,true,HELPDESK-01
2026-10-04T16:35:29Z,HD-4215,ACME\rlee,ACME\helpdesk,mfa_support,true,HELPDESK-01
2026-10-04T16:36:30Z,HD-4216,ACME\rlee,ACME\helpdesk,mfa_support,true,HELPDESK-01
2026-10-04T16:37:00Z,HD-4217,ACME\lchen,ACME\helpdesk,password_reset,true,HELPDESK-01
2026-10-04T16:38:01Z,HD-4218,ACME\knguyen,ACME\helpdesk,device_enrollment,true,HELPDESK-01
2026-10-04T16:39:02Z,HD-4219,ACME\lchen,ACME\helpdesk,device_enrollment,true,HELPDESK-01
2026-10-04T16:40:03Z,HD-4220,ACME\knguyen,ACME\helpdesk,mfa_support,true,HELPDESK-01
2026-10-04T16:41:04Z,HD-4221,ACME\rlee,ACME\helpdesk,device_enrollment,true,HELPDESK-01
2026-10-04T16:42:05Z,HD-4222,ACME\rlee,ACME\helpdesk,device_enrollment,true,HELPDESK-01
2026-10-04T16:43:06Z,HD-4223,ACME\mrivera,ACME\helpdesk,device_enrollment,true,HELPDESK-01
2026-10-04T16:44:07Z,HD-4224,ACME\knguyen,ACME\helpdesk,device_enrollment,true,HELPDESK-01
2026-10-04T16:45:08Z,HD-4225,ACME\lchen,ACME\helpdesk,password_reset,true,HELPDESK-01
2026-10-04T16:46:09Z,HD-4226,ACME\rlee,ACME\helpdesk,password_reset,true,HELPDESK-01
2026-10-04T16:47:10Z,HD-4227,ACME\lchen,ACME\helpdesk,mfa_support,true,HELPDESK-01
2026-10-04T16:48:11Z,HD-4228,ACME\knguyen,ACME\helpdesk,device_enrollment,true,HELPDESK-01
2026-10-04T16:49:12Z,HD-4229,ACME\mrivera,ACME\helpdesk,device_enrollment,true,HELPDESK-01
2026-10-04T16:50:13Z,HD-4230,ACME\mrivera,ACME\helpdesk,password_reset,true,HELPDESK-01
2026-10-04T16:51:14Z,HD-4231,ACME\mrivera,ACME\helpdesk,device_enrollment,true,HELPDESK-01
2026-10-04T16:52:15Z,HD-4232,ACME\rlee,ACME\helpdesk,password_reset,true,HELPDESK-01
2026-10-04T16:53:16Z,HD-4233,ACME\rlee,ACME\helpdesk,password_reset,true,HELPDESK-01
2026-10-04T16:54:17Z,HD-4234,ACME\mrivera,ACME\helpdesk,mfa_support,true,HELPDESK-01
2026-10-04T16:55:18Z,HD-4235,ACME\lchen,ACME\helpdesk,device_enrollment,true,HELPDESK-01
2026-10-04T16:56:19Z,HD-4236,ACME\mrivera,ACME\helpdesk,password_reset,true,HELPDESK-01
2026-10-04T16:57:20Z,HD-4237,ACME\knguyen,ACME\helpdesk,device_enrollment,true,HELPDESK-01
2026-10-04T16:58:21Z,HD-4238,ACME\rlee,ACME\helpdesk,password_reset,true,HELPDESK-01
2026-10-04T16:59:22Z,HD-4239,ACME\mrivera,ACME\helpdesk,mfa_support,true,HELPDESK-01
2026-10-04T13:00:23Z,HD-4240,ACME\rlee,ACME\helpdesk,device_enrollment,true,HELPDESK-01
2026-10-04T13:01:24Z,HD-4241,ACME\mrivera,ACME\helpdesk,mfa_support,true,HELPDESK-01
2026-10-04T13:02:25Z,HD-4242,ACME\lchen,ACME\helpdesk,password_reset,true,HELPDESK-01
2026-10-04T13:03:26Z,HD-4243,ACME\lchen,ACME\helpdesk,device_enrollment,true,HELPDESK-01
2026-10-04T13:04:27Z,HD-4244,ACME\lchen,ACME\helpdesk,mfa_support,true,HELPDESK-01
2026-10-04T13:05:28Z,HD-4245,ACME\knguyen,ACME\helpdesk,mfa_support,true,HELPDESK-01
2026-10-04T13:06:29Z,HD-4246,ACME\rlee,ACME\helpdesk,mfa_support,true,HELPDESK-01
2026-10-04T13:07:30Z,HD-4247,ACME\rlee,ACME\helpdesk,password_reset,true,HELPDESK-01
2026-10-04T13:08:00Z,HD-4248,ACME\mrivera,ACME\helpdesk,password_reset,true,HELPDESK-01
2026-10-04T13:09:01Z,HD-4249,ACME\rlee,ACME\helpdesk,mfa_support,true,HELPDESK-01
2026-10-04T13:10:02Z,HD-4250,ACME\rlee,ACME\helpdesk,mfa_support,true,HELPDESK-01
2026-10-04T13:11:03Z,HD-4251,ACME\rlee,ACME\helpdesk,password_reset,true,HELPDESK-01
2026-10-04T13:12:04Z,HD-4252,ACME\rlee,ACME\helpdesk,mfa_support,true,HELPDESK-01
2026-10-04T13:13:05Z,HD-4253,ACME\mrivera,ACME\helpdesk,mfa_support,true,HELPDESK-01
2026-10-04T13:14:06Z,HD-4254,ACME\knguyen,ACME\helpdesk,password_reset,true,HELPDESK-01
2026-10-04T13:15:07Z,HD-4255,ACME\lchen,ACME\helpdesk,password_reset,true,HELPDESK-01
2026-10-04T13:16:08Z,HD-4256,ACME\mrivera,ACME\helpdesk,password_reset,true,HELPDESK-01
2026-10-04T13:17:09Z,HD-4257,ACME\lchen,ACME\helpdesk,password_reset,true,HELPDESK-01
2026-10-04T13:18:10Z,HD-4258,ACME\rlee,ACME\helpdesk,mfa_support,true,HELPDESK-01
2026-10-04T13:19:11Z,HD-4259,ACME\lchen,ACME\helpdesk,mfa_support,true,HELPDESK-01
2026-10-04T13:20:12Z,HD-4260,ACME\lchen,ACME\helpdesk,mfa_support,true,HELPDESK-01
2026-10-04T13:21:13Z,HD-4261,ACME\mrivera,ACME\helpdesk,password_reset,true,HELPDESK-01
2026-10-04T13:22:14Z,HD-4262,ACME\lchen,ACME\helpdesk,device_enrollment,true,HELPDESK-01
2026-10-04T13:23:15Z,HD-4263,ACME\lchen,ACME\helpdesk,password_reset,true,HELPDESK-01
2026-10-04T13:24:16Z,HD-4264,ACME\lchen,ACME\helpdesk,mfa_support,true,HELPDESK-01
2026-10-04T13:25:17Z,HD-4265,ACME\rlee,ACME\helpdesk,device_enrollment,true,HELPDESK-01
2026-10-04T13:26:18Z,HD-4266,ACME\knguyen,ACME\helpdesk,password_reset,true,HELPDESK-01
2026-10-04T13:27:19Z,HD-4267,ACME\knguyen,ACME\helpdesk,device_enrollment,true,HELPDESK-01
2026-10-04T13:28:20Z,HD-4268,ACME\lchen,ACME\helpdesk,device_enrollment,true,HELPDESK-01
2026-10-04T13:29:21Z,HD-4269,ACME\lchen,ACME\helpdesk,password_reset,true,HELPDESK-01
2026-10-04T13:30:22Z,HD-4270,ACME\knguyen,ACME\helpdesk,mfa_support,true,HELPDESK-01
2026-10-04T13:31:23Z,HD-4271,ACME\mrivera,ACME\helpdesk,mfa_support,true,HELPDESK-01
2026-10-04T13:32:24Z,HD-4272,ACME\mrivera,ACME\helpdesk,mfa_support,true,HELPDESK-01
2026-10-04T13:33:25Z,HD-4273,ACME\mrivera,ACME\helpdesk,device_enrollment,true,HELPDESK-01
2026-10-04T13:34:26Z,HD-4274,ACME\knguyen,ACME\helpdesk,password_reset,true,HELPDESK-01
2026-10-04T13:35:27Z,HD-4275,ACME\rlee,ACME\helpdesk,mfa_support,true,HELPDESK-01
2026-10-04T13:36:28Z,HD-4276,ACME\mrivera,ACME\helpdesk,mfa_support,true,HELPDESK-01
2026-10-04T13:37:29Z,HD-4277,ACME\lchen,ACME\helpdesk,device_enrollment,true,HELPDESK-01
2026-10-04T13:38:30Z,HD-4278,ACME\mrivera,ACME\helpdesk,mfa_support,true,HELPDESK-01
2026-10-04T13:39:00Z,HD-4279,ACME\mrivera,ACME\helpdesk,mfa_support,true,HELPDESK-01
2026-10-04T16:08:00Z,HD-4481,ACME\mrivera,ACME\helpdesk,password_reset,true,HELPDESK-01
2026-10-04T13:41:02Z,HD-4281,ACME\mrivera,ACME\helpdesk,password_reset,true,HELPDESK-01
2026-10-04T13:42:03Z,HD-4282,ACME\mrivera,ACME\helpdesk,mfa_support,true,HELPDESK-01
2026-10-04T13:43:04Z,HD-4283,ACME\rlee,ACME\helpdesk,mfa_support,true,HELPDESK-01
2026-10-04T13:44:05Z,HD-4284,ACME\knguyen,ACME\helpdesk,password_reset,true,HELPDESK-01
2026-10-04T13:45:06Z,HD-4285,ACME\knguyen,ACME\helpdesk,mfa_support,true,HELPDESK-01
2026-10-04T13:46:07Z,HD-4286,ACME\knguyen,ACME\helpdesk,password_reset,true,HELPDESK-01
2026-10-04T13:47:08Z,HD-4287,ACME\mrivera,ACME\helpdesk,mfa_support,true,HELPDESK-01
2026-10-04T13:48:09Z,HD-4288,ACME\rlee,ACME\helpdesk,password_reset,true,HELPDESK-01
2026-10-04T13:49:10Z,HD-4289,ACME\rlee,ACME\helpdesk,mfa_support,true,HELPDESK-01
2026-10-04T13:50:11Z,HD-4290,ACME\mrivera,ACME\helpdesk,mfa_support,true,HELPDESK-01
2026-10-04T13:51:12Z,HD-4291,ACME\knguyen,ACME\helpdesk,mfa_support,true,HELPDESK-01
2026-10-04T13:52:13Z,HD-4292,ACME\knguyen,ACME\helpdesk,mfa_support,true,HELPDESK-01
2026-10-04T13:53:14Z,HD-4293,ACME\rlee,ACME\helpdesk,device_enrollment,true,HELPDESK-01
2026-10-04T13:54:15Z,HD-4294,ACME\knguyen,ACME\helpdesk,device_enrollment,true,HELPDESK-01
2026-10-04T13:55:16Z,HD-4295,ACME\rlee,ACME\helpdesk,mfa_support,true,HELPDESK-01
2026-10-04T13:56:17Z,HD-4296,ACME\lchen,ACME\helpdesk,password_reset,true,HELPDESK-01
2026-10-04T13:57:18Z,HD-4297,ACME\mrivera,ACME\helpdesk,password_reset,true,HELPDESK-01
2026-10-04T13:58:19Z,HD-4298,ACME\knguyen,ACME\helpdesk,mfa_support,true,HELPDESK-01
2026-10-04T13:59:20Z,HD-4299,ACME\lchen,ACME\helpdesk,mfa_support,true,HELPDESK-01
2026-10-04T14:00:21Z,HD-4300,ACME\rlee,ACME\helpdesk,mfa_support,true,HELPDESK-01
2026-10-04T14:01:22Z,HD-4301,ACME\lchen,ACME\helpdesk,password_reset,true,HELPDESK-01
2026-10-04T14:02:23Z,HD-4302,ACME\rlee,ACME\helpdesk,device_enrollment,true,HELPDESK-01
2026-10-04T14:03:24Z,HD-4303,ACME\mrivera,ACME\helpdesk,mfa_support,true,HELPDESK-01
2026-10-04T14:04:25Z,HD-4304,ACME\mrivera,ACME\helpdesk,device_enrollment,true,HELPDESK-01
2026-10-04T14:05:26Z,HD-4305,ACME\lchen,ACME\helpdesk,device_enrollment,true,HELPDESK-01
2026-10-04T14:06:27Z,HD-4306,ACME\lchen,ACME\helpdesk,mfa_support,true,HELPDESK-01
2026-10-04T14:07:28Z,HD-4307,ACME\mrivera,ACME\helpdesk,device_enrollment,true,HELPDESK-01
2026-10-04T14:08:29Z,HD-4308,ACME\mrivera,ACME\helpdesk,device_enrollment,true,HELPDESK-01
2026-10-04T14:09:30Z,HD-4309,ACME\knguyen,ACME\helpdesk,device_enrollment,true,HELPDESK-01
2026-10-04T14:10:00Z,HD-4310,ACME\lchen,ACME\helpdesk,password_reset,true,HELPDESK-01
2026-10-04T14:11:01Z,HD-4311,ACME\rlee,ACME\helpdesk,password_reset,true,HELPDESK-01
2026-10-04T14:12:02Z,HD-4312,ACME\rlee,ACME\helpdesk,password_reset,true,HELPDESK-01
2026-10-04T14:13:03Z,HD-4313,ACME\mrivera,ACME\helpdesk,password_reset,true,HELPDESK-01
2026-10-04T14:14:04Z,HD-4314,ACME\mrivera,ACME\helpdesk,device_enrollment,true,HELPDESK-01
2026-10-04T14:15:05Z,HD-4315,ACME\knguyen,ACME\helpdesk,mfa_support,true,HELPDESK-01
2026-10-04T14:16:06Z,HD-4316,ACME\rlee,ACME\helpdesk,device_enrollment,true,HELPDESK-01
2026-10-04T14:17:07Z,HD-4317,ACME\lchen,ACME\helpdesk,device_enrollment,true,HELPDESK-01
2026-10-04T14:18:08Z,HD-4318,ACME\mrivera,ACME\helpdesk,device_enrollment,true,HELPDESK-01
2026-10-04T14:19:09Z,HD-4319,ACME\lchen,ACME\helpdesk,device_enrollment,true,HELPDESK-01
2026-10-04T14:20:10Z,HD-4320,ACME\knguyen,ACME\helpdesk,device_enrollment,true,HELPDESK-01
2026-10-04T14:21:11Z,HD-4321,ACME\knguyen,ACME\helpdesk,mfa_support,true,HELPDESK-01
2026-10-04T14:22:12Z,HD-4322,ACME\rlee,ACME\helpdesk,device_enrollment,true,HELPDESK-01
2026-10-04T14:23:13Z,HD-4323,ACME\rlee,ACME\helpdesk,device_enrollment,true,HELPDESK-01
2026-10-04T14:24:14Z,HD-4324,ACME\lchen,ACME\helpdesk,device_enrollment,true,HELPDESK-01
2026-10-04T14:25:15Z,HD-4325,ACME\rlee,ACME\helpdesk,device_enrollment,true,HELPDESK-01
2026-10-04T14:26:16Z,HD-4326,ACME\knguyen,ACME\helpdesk,device_enrollment,true,HELPDESK-01
2026-10-04T14:27:17Z,HD-4327,ACME\lchen,ACME\helpdesk,password_reset,true,HELPDESK-01
2026-10-04T14:28:18Z,HD-4328,ACME\rlee,ACME\helpdesk,password_reset,true,HELPDESK-01
2026-10-04T14:29:19Z,HD-4329,ACME\mrivera,ACME\helpdesk,password_reset,true,HELPDESK-01
2026-10-04T14:30:20Z,HD-4330,ACME\lchen,ACME\helpdesk,password_reset,true,HELPDESK-01
2026-10-04T14:31:21Z,HD-4331,ACME\lchen,ACME\helpdesk,device_enrollment,true,HELPDESK-01
2026-10-04T14:32:22Z,HD-4332,ACME\rlee,ACME\helpdesk,device_enrollment,true,HELPDESK-01
2026-10-04T14:33:23Z,HD-4333,ACME\knguyen,ACME\helpdesk,device_enrollment,true,HELPDESK-01
2026-10-04T14:34:24Z,HD-4334,ACME\lchen,ACME\helpdesk,mfa_support,true,HELPDESK-01
2026-10-04T14:35:25Z,HD-4335,ACME\mrivera,ACME\helpdesk,mfa_support,true,HELPDESK-01
2026-10-04T14:36:26Z,HD-4336,ACME\rlee,ACME\helpdesk,mfa_support,true,HELPDESK-01
2026-10-04T14:37:27Z,HD-4337,ACME\mrivera,ACME\helpdesk,device_enrollment,true,HELPDESK-01
2026-10-04T14:38:28Z,HD-4338,ACME\lchen,ACME\helpdesk,mfa_support,true,HELPDESK-01
2026-10-04T14:39:29Z,HD-4339,ACME\knguyen,ACME\helpdesk,password_reset,true,HELPDESK-01
2026-10-04T14:40:30Z,HD-4340,ACME\knguyen,ACME\helpdesk,device_enrollment,true,HELPDESK-01
2026-10-04T14:41:00Z,HD-4341,ACME\knguyen,ACME\helpdesk,device_enrollment,true,HELPDESK-01
2026-10-04T14:42:01Z,HD-4342,ACME\rlee,ACME\helpdesk,device_enrollment,true,HELPDESK-01
2026-10-04T14:43:02Z,HD-4343,ACME\knguyen,ACME\helpdesk,device_enrollment,true,HELPDESK-01
2026-10-04T14:44:03Z,HD-4344,ACME\knguyen,ACME\helpdesk,password_reset,true,HELPDESK-01
2026-10-04T14:45:04Z,HD-4345,ACME\mrivera,ACME\helpdesk,device_enrollment,true,HELPDESK-01
2026-10-04T14:46:05Z,HD-4346,ACME\lchen,ACME\helpdesk,password_reset,true,HELPDESK-01
2026-10-04T14:47:06Z,HD-4347,ACME\lchen,ACME\helpdesk,password_reset,true,HELPDESK-01
2026-10-04T14:48:07Z,HD-4348,ACME\lchen,ACME\helpdesk,password_reset,true,HELPDESK-01
2026-10-04T14:49:08Z,HD-4349,ACME\lchen,ACME\helpdesk,mfa_support,true,HELPDESK-01
2026-10-04T14:50:09Z,HD-4350,ACME\mrivera,ACME\helpdesk,mfa_support,true,HELPDESK-01
2026-10-04T14:51:10Z,HD-4351,ACME\mrivera,ACME\helpdesk,password_reset,true,HELPDESK-01
2026-10-04T14:52:11Z,HD-4352,ACME\mrivera,ACME\helpdesk,device_enrollment,true,HELPDESK-01
2026-10-04T14:53:12Z,HD-4353,ACME\lchen,ACME\helpdesk,device_enrollment,true,HELPDESK-01
2026-10-04T14:54:13Z,HD-4354,ACME\rlee,ACME\helpdesk,mfa_support,true,HELPDESK-01
2026-10-04T14:55:14Z,HD-4355,ACME\rlee,ACME\helpdesk,device_enrollment,true,HELPDESK-01
2026-10-04T14:56:15Z,HD-4356,ACME\rlee,ACME\helpdesk,password_reset,true,HELPDESK-01
2026-10-04T14:57:16Z,HD-4357,ACME\mrivera,ACME\helpdesk,password_reset,true,HELPDESK-01
2026-10-04T14:58:17Z,HD-4358,ACME\mrivera,ACME\helpdesk,device_enrollment,true,HELPDESK-01
2026-10-04T14:59:18Z,HD-4359,ACME\knguyen,ACME\helpdesk,mfa_support,true,HELPDESK-01
2026-10-04T15:00:19Z,HD-4360,ACME\knguyen,ACME\helpdesk,device_enrollment,true,HELPDESK-01
2026-10-04T15:01:20Z,HD-4361,ACME\rlee,ACME\helpdesk,device_enrollment,true,HELPDESK-01
2026-10-04T15:02:21Z,HD-4362,ACME\mrivera,ACME\helpdesk,password_reset,true,HELPDESK-01
2026-10-04T15:03:22Z,HD-4363,ACME\rlee,ACME\helpdesk,password_reset,true,HELPDESK-01
2026-10-04T15:04:23Z,HD-4364,ACME\rlee,ACME\helpdesk,device_enrollment,true,HELPDESK-01
2026-10-04T15:05:24Z,HD-4365,ACME\lchen,ACME\helpdesk,password_reset,true,HELPDESK-01
2026-10-04T15:06:25Z,HD-4366,ACME\lchen,ACME\helpdesk,device_enrollment,true,HELPDESK-01
2026-10-04T15:07:26Z,HD-4367,ACME\rlee,ACME\helpdesk,mfa_support,true,HELPDESK-01
2026-10-04T15:08:27Z,HD-4368,ACME\mrivera,ACME\helpdesk,password_reset,true,HELPDESK-01
2026-10-04T15:09:28Z,HD-4369,ACME\lchen,ACME\helpdesk,mfa_support,true,HELPDESK-01
2026-10-04T15:10:29Z,HD-4370,ACME\knguyen,ACME\helpdesk,password_reset,true,HELPDESK-01
2026-10-04T15:11:30Z,HD-4371,ACME\knguyen,ACME\helpdesk,password_reset,true,HELPDESK-01
2026-10-04T15:12:00Z,HD-4372,ACME\mrivera,ACME\helpdesk,device_enrollment,true,HELPDESK-01
2026-10-04T15:13:01Z,HD-4373,ACME\knguyen,ACME\helpdesk,password_reset,true,HELPDESK-01
2026-10-04T15:14:02Z,HD-4374,ACME\lchen,ACME\helpdesk,mfa_support,true,HELPDESK-01
2026-10-04T15:15:03Z,HD-4375,ACME\knguyen,ACME\helpdesk,device_enrollment,true,HELPDESK-01
2026-10-04T15:16:04Z,HD-4376,ACME\lchen,ACME\helpdesk,password_reset,true,HELPDESK-01
2026-10-04T15:17:05Z,HD-4377,ACME\rlee,ACME\helpdesk,mfa_support,true,HELPDESK-01
2026-10-04T15:18:06Z,HD-4378,ACME\rlee,ACME\helpdesk,mfa_support,true,HELPDESK-01
2026-10-04T15:19:07Z,HD-4379,ACME\mrivera,ACME\helpdesk,device_enrollment,true,HELPDESK-01
2026-10-04T15:20:08Z,HD-4380,ACME\rlee,ACME\helpdesk,password_reset,true,HELPDESK-01
2026-10-04T15:21:09Z,HD-4381,ACME\lchen,ACME\helpdesk,password_reset,true,HELPDESK-01
2026-10-04T15:22:10Z,HD-4382,ACME\lchen,ACME\helpdesk,password_reset,true,HELPDESK-01
2026-10-04T15:23:11Z,HD-4383,ACME\mrivera,ACME\helpdesk,password_reset,true,HELPDESK-01
2026-10-04T15:24:12Z,HD-4384,ACME\rlee,ACME\helpdesk,mfa_support,true,HELPDESK-01
2026-10-04T15:25:13Z,HD-4385,ACME\rlee,ACME\helpdesk,device_enrollment,true,HELPDESK-01
2026-10-04T15:26:14Z,HD-4386,ACME\rlee,ACME\helpdesk,mfa_support,true,HELPDESK-01
2026-10-04T15:27:15Z,HD-4387,ACME\rlee,ACME\helpdesk,mfa_support,true,HELPDESK-01
2026-10-04T15:28:16Z,HD-4388,ACME\knguyen,ACME\helpdesk,device_enrollment,true,HELPDESK-01
2026-10-04T15:29:17Z,HD-4389,ACME\rlee,ACME\helpdesk,device_enrollment,true,HELPDESK-01
2026-10-04T15:30:18Z,HD-4390,ACME\knguyen,ACME\helpdesk,mfa_support,true,HELPDESK-01
2026-10-04T15:31:19Z,HD-4391,ACME\lchen,ACME\helpdesk,password_reset,true,HELPDESK-01
2026-10-04T15:32:20Z,HD-4392,ACME\mrivera,ACME\helpdesk,device_enrollment,true,HELPDESK-01
2026-10-04T15:33:21Z,HD-4393,ACME\rlee,ACME\helpdesk,mfa_support,true,HELPDESK-01
2026-10-04T15:34:22Z,HD-4394,ACME\mrivera,ACME\helpdesk,mfa_support,true,HELPDESK-01
2026-10-04T15:35:23Z,HD-4395,ACME\mrivera,ACME\helpdesk,password_reset,true,HELPDESK-01
2026-10-04T15:36:24Z,HD-4396,ACME\knguyen,ACME\helpdesk,mfa_support,true,HELPDESK-01
2026-10-04T15:37:25Z,HD-4397,ACME\rlee,ACME\helpdesk,password_reset,true,HELPDESK-01
2026-10-04T15:38:26Z,HD-4398,ACME\knguyen,ACME\helpdesk,device_enrollment,true,HELPDESK-01
2026-10-04T15:39:27Z,HD-4399,ACME\mrivera,ACME\helpdesk,password_reset,true,HELPDESK-01
2026-10-04T15:40:28Z,HD-4400,ACME\lchen,ACME\helpdesk,password_reset,true,HELPDESK-01
2026-10-04T15:41:29Z,HD-4401,ACME\knguyen,ACME\helpdesk,device_enrollment,true,HELPDESK-01
2026-10-04T15:42:30Z,HD-4402,ACME\rlee,ACME\helpdesk,mfa_support,true,HELPDESK-01
2026-10-04T15:43:00Z,HD-4403,ACME\lchen,ACME\helpdesk,mfa_support,true,HELPDESK-01
2026-10-04T15:44:01Z,HD-4404,ACME\lchen,ACME\helpdesk,device_enrollment,true,HELPDESK-01
2026-10-04T15:45:02Z,HD-4405,ACME\rlee,ACME\helpdesk,password_reset,true,HELPDESK-01
2026-10-04T15:46:03Z,HD-4406,ACME\mrivera,ACME\helpdesk,password_reset,true,HELPDESK-01
2026-10-04T15:47:04Z,HD-4407,ACME\rlee,ACME\helpdesk,mfa_support,true,HELPDESK-01
2026-10-04T15:48:05Z,HD-4408,ACME\lchen,ACME\helpdesk,mfa_support,true,HELPDESK-01
2026-10-04T15:49:06Z,HD-4409,ACME\rlee,ACME\helpdesk,mfa_support,true,HELPDESK-01
2026-10-04T15:50:07Z,HD-4410,ACME\rlee,ACME\helpdesk,mfa_support,true,HELPDESK-01
2026-10-04T15:51:08Z,HD-4411,ACME\lchen,ACME\helpdesk,device_enrollment,true,HELPDESK-01
2026-10-04T15:52:09Z,HD-4412,ACME\mrivera,ACME\helpdesk,device_enrollment,true,HELPDESK-01
2026-10-04T15:53:10Z,HD-4413,ACME\rlee,ACME\helpdesk,password_reset,true,HELPDESK-01
2026-10-04T15:54:11Z,HD-4414,ACME\mrivera,ACME\helpdesk,mfa_support,true,HELPDESK-01
2026-10-04T15:55:12Z,HD-4415,ACME\mrivera,ACME\helpdesk,device_enrollment,true,HELPDESK-01
2026-10-04T15:56:13Z,HD-4416,ACME\mrivera,ACME\helpdesk,device_enrollment,true,HELPDESK-01
2026-10-04T15:57:14Z,HD-4417,ACME\knguyen,ACME\helpdesk,mfa_support,true,HELPDESK-01
2026-10-04T15:58:15Z,HD-4418,ACME\rlee,ACME\helpdesk,password_reset,true,HELPDESK-01
2026-10-04T15:59:16Z,HD-4419,ACME\knguyen,ACME\helpdesk,device_enrollment,true,HELPDESK-01
2026-10-04T16:00:17Z,HD-4420,ACME\mrivera,ACME\helpdesk,password_reset,true,HELPDESK-01
2026-10-04T16:01:18Z,HD-4421,ACME\mrivera,ACME\helpdesk,device_enrollment,true,HELPDESK-01
2026-10-04T16:02:19Z,HD-4422,ACME\rlee,ACME\helpdesk,mfa_support,true,HELPDESK-01
2026-10-04T16:03:20Z,HD-4423,ACME\rlee,ACME\helpdesk,device_enrollment,true,HELPDESK-01
2026-10-04T16:04:21Z,HD-4424,ACME\lchen,ACME\helpdesk,device_enrollment,true,HELPDESK-01
2026-10-04T16:05:22Z,HD-4425,ACME\knguyen,ACME\helpdesk,mfa_support,true,HELPDESK-01
2026-10-04T16:06:23Z,HD-4426,ACME\knguyen,ACME\helpdesk,device_enrollment,true,HELPDESK-01
2026-10-04T16:07:24Z,HD-4427,ACME\knguyen,ACME\helpdesk,mfa_support,true,HELPDESK-01
2026-10-04T16:08:25Z,HD-4428,ACME\knguyen,ACME\helpdesk,device_enrollment,true,HELPDESK-01
2026-10-04T16:09:26Z,HD-4429,ACME\rlee,ACME\helpdesk,password_reset,true,HELPDESK-01
2026-10-04T16:10:27Z,HD-4430,ACME\knguyen,ACME\helpdesk,device_enrollment,true,HELPDESK-01
2026-10-04T16:11:28Z,HD-4431,ACME\knguyen,ACME\helpdesk,password_reset,true,HELPDESK-01
2026-10-04T16:12:29Z,HD-4432,ACME\knguyen,ACME\helpdesk,device_enrollment,true,HELPDESK-01
2026-10-04T16:13:30Z,HD-4433,ACME\mrivera,ACME\helpdesk,mfa_support,true,HELPDESK-01
2026-10-04T16:14:00Z,HD-4434,ACME\knguyen,ACME\helpdesk,password_reset,true,HELPDESK-01
2026-10-04T16:15:01Z,HD-4435,ACME\mrivera,ACME\helpdesk,mfa_support,true,HELPDESK-01
2026-10-04T16:16:02Z,HD-4436,ACME\rlee,ACME\helpdesk,password_reset,true,HELPDESK-01
2026-10-04T16:17:03Z,HD-4437,ACME\lchen,ACME\helpdesk,device_enrollment,true,HELPDESK-01
2026-10-04T16:18:04Z,HD-4438,ACME\lchen,ACME\helpdesk,device_enrollment,true,HELPDESK-01
2026-10-04T16:19:05Z,HD-4439,ACME\lchen,ACME\helpdesk,password_reset,true,HELPDESK-01
2026-10-04T16:20:06Z,HD-4440,ACME\mrivera,ACME\helpdesk,device_enrollment,true,HELPDESK-01
2026-10-04T16:21:07Z,HD-4441,ACME\mrivera,ACME\helpdesk,mfa_support,true,HELPDESK-01
2026-10-04T16:22:08Z,HD-4442,ACME\knguyen,ACME\helpdesk,mfa_support,true,HELPDESK-01
2026-10-04T16:23:09Z,HD-4443,ACME\lchen,ACME\helpdesk,password_reset,true,HELPDESK-01
2026-10-04T16:24:10Z,HD-4444,ACME\lchen,ACME\helpdesk,device_enrollment,true,HELPDESK-01
2026-10-04T16:25:11Z,HD-4445,ACME\knguyen,ACME\helpdesk,password_reset,true,HELPDESK-01
2026-10-04T16:26:12Z,HD-4446,ACME\rlee,ACME\helpdesk,device_enrollment,true,HELPDESK-01
2026-10-04T16:27:13Z,HD-4447,ACME\mrivera,ACME\helpdesk,mfa_support,true,HELPDESK-01
2026-10-04T16:28:14Z,HD-4448,ACME\mrivera,ACME\helpdesk,password_reset,true,HELPDESK-01
2026-10-04T16:29:15Z,HD-4449,ACME\rlee,ACME\helpdesk,password_reset,true,HELPDESK-01
2026-10-04T16:30:16Z,HD-4450,ACME\rlee,ACME\helpdesk,mfa_support,true,HELPDESK-01
2026-10-04T16:31:17Z,HD-4451,ACME\lchen,ACME\helpdesk,device_enrollment,true,HELPDESK-01
2026-10-04T16:32:18Z,HD-4452,ACME\mrivera,ACME\helpdesk,device_enrollment,true,HELPDESK-01
2026-10-04T16:33:19Z,HD-4453,ACME\lchen,ACME\helpdesk,device_enrollment,true,HELPDESK-01
2026-10-04T16:34:20Z,HD-4454,ACME\rlee,ACME\helpdesk,mfa_support,true,HELPDESK-01
2026-10-04T16:35:21Z,HD-4455,ACME\rlee,ACME\helpdesk,mfa_support,true,HELPDESK-01
2026-10-04T16:36:22Z,HD-4456,ACME\rlee,ACME\helpdesk,device_enrollment,true,HELPDESK-01
2026-10-04T16:37:23Z,HD-4457,ACME\lchen,ACME\helpdesk,mfa_support,true,HELPDESK-01
2026-10-04T16:38:24Z,HD-4458,ACME\rlee,ACME\helpdesk,password_reset,true,HELPDESK-01
2026-10-04T16:39:25Z,HD-4459,ACME\lchen,ACME\helpdesk,mfa_support,true,HELPDESK-01
2026-10-04T16:40:26Z,HD-4460,ACME\rlee,ACME\helpdesk,device_enrollment,true,HELPDESK-01
2026-10-04T16:41:27Z,HD-4461,ACME\rlee,ACME\helpdesk,mfa_support,true,HELPDESK-01
2026-10-04T16:42:28Z,HD-4462,ACME\knguyen,ACME\helpdesk,password_reset,true,HELPDESK-01
2026-10-04T16:43:29Z,HD-4463,ACME\lchen,ACME\helpdesk,password_reset,true,HELPDESK-01
2026-10-04T16:44:30Z,HD-4464,ACME\lchen,ACME\helpdesk,device_enrollment,true,HELPDESK-01
2026-10-04T16:45:00Z,HD-4465,ACME\mrivera,ACME\helpdesk,mfa_support,true,HELPDESK-01
2026-10-04T16:46:01Z,HD-4466,ACME\lchen,ACME\helpdesk,password_reset,true,HELPDESK-01
2026-10-04T16:47:02Z,HD-4467,ACME\knguyen,ACME\helpdesk,device_enrollment,true,HELPDESK-01
2026-10-04T16:48:03Z,HD-4468,ACME\mrivera,ACME\helpdesk,password_reset,true,HELPDESK-01
2026-10-04T16:49:04Z,HD-4469,ACME\lchen,ACME\helpdesk,device_enrollment,true,HELPDESK-01
2026-10-04T16:50:05Z,HD-4470,ACME\knguyen,ACME\helpdesk,device_enrollment,true,HELPDESK-01
2026-10-04T16:51:06Z,HD-4471,ACME\lchen,ACME\helpdesk,device_enrollment,true,HELPDESK-01
2026-10-04T16:52:07Z,HD-4472,ACME\rlee,ACME\helpdesk,mfa_support,true,HELPDESK-01
2026-10-04T16:53:08Z,HD-4473,ACME\rlee,ACME\helpdesk,device_enrollment,true,HELPDESK-01
2026-10-04T16:54:09Z,HD-4474,ACME\lchen,ACME\helpdesk,mfa_support,true,HELPDESK-01
2026-10-04T16:55:10Z,HD-4475,ACME\knguyen,ACME\helpdesk,mfa_support,true,HELPDESK-01
2026-10-04T16:56:11Z,HD-4476,ACME\mrivera,ACME\helpdesk,device_enrollment,true,HELPDESK-01
2026-10-04T16:57:12Z,HD-4477,ACME\mrivera,ACME\helpdesk,password_reset,true,HELPDESK-01
2026-10-04T16:58:13Z,HD-4478,ACME\mrivera,ACME\helpdesk,password_reset,true,HELPDESK-01
2026-10-04T16:59:14Z,HD-4479,ACME\mrivera,ACME\helpdesk,mfa_support,true,HELPDESK-01
2026-10-04T13:00:15Z,HD-4480,ACME\rlee,ACME\helpdesk,mfa_support,true,HELPDESK-01
2026-10-04T13:01:16Z,HD-4481,ACME\rlee,ACME\helpdesk,device_enrollment,true,HELPDESK-01
2026-10-04T13:02:17Z,HD-4482,ACME\knguyen,ACME\helpdesk,device_enrollment,true,HELPDESK-01
2026-10-04T13:03:18Z,HD-4483,ACME\lchen,ACME\helpdesk,password_reset,true,HELPDESK-01
2026-10-04T13:04:19Z,HD-4484,ACME\mrivera,ACME\helpdesk,mfa_support,true,HELPDESK-01
2026-10-04T13:05:20Z,HD-4485,ACME\mrivera,ACME\helpdesk,mfa_support,true,HELPDESK-01
2026-10-04T13:06:21Z,HD-4486,ACME\lchen,ACME\helpdesk,mfa_support,true,HELPDESK-01
2026-10-04T13:07:22Z,HD-4487,ACME\mrivera,ACME\helpdesk,device_enrollment,true,HELPDESK-01
2026-10-04T13:08:23Z,HD-4488,ACME\lchen,ACME\helpdesk,device_enrollment,true,HELPDESK-01
2026-10-04T13:09:24Z,HD-4489,ACME\knguyen,ACME\helpdesk,device_enrollment,true,HELPDESK-01
2026-10-04T13:10:25Z,HD-4490,ACME\rlee,ACME\helpdesk,password_reset,true,HELPDESK-01
2026-10-04T13:11:26Z,HD-4491,ACME\mrivera,ACME\helpdesk,mfa_support,true,HELPDESK-01
2026-10-04T13:12:27Z,HD-4492,ACME\knguyen,ACME\helpdesk,password_reset,true,HELPDESK-01
2026-10-04T13:13:28Z,HD-4493,ACME\lchen,ACME\helpdesk,device_enrollment,true,HELPDESK-01
2026-10-04T13:14:29Z,HD-4494,ACME\lchen,ACME\helpdesk,mfa_support,true,HELPDESK-01
2026-10-04T13:15:30Z,HD-4495,ACME\lchen,ACME\helpdesk,device_enrollment,true,HELPDESK-01
2026-10-04T13:16:00Z,HD-4496,ACME\knguyen,ACME\helpdesk,device_enrollment,true,HELPDESK-01
2026-10-04T13:17:01Z,HD-4497,ACME\mrivera,ACME\helpdesk,mfa_support,true,HELPDESK-01
2026-10-04T13:18:02Z,HD-4498,ACME\lchen,ACME\helpdesk,password_reset,true,HELPDESK-01
2026-10-04T13:19:03Z,HD-4499,ACME\knguyen,ACME\helpdesk,device_enrollment,true,HELPDESK-01
