event_id,_time,host,user,policy_name,source,approved,classification
POL-0186,2026-09-14T12:03:31Z,DC-01,SYSTEM,Drive Mapping,central policy,yes,benign
POL-0554,2026-09-14T12:06:36Z,ENG-WS-17,ACME\\lchen,Drive Mapping,central policy,yes,benign
POL-0176,2026-09-14T12:13:34Z,HR-WS-04,SYSTEM,Browser Settings,central policy,yes,benign
POL-0305,2026-09-14T12:15:10Z,FIN-WS-09,ACME\\mgarcia,Desktop Baseline,central policy,yes,benign
POL-0465,2026-09-14T12:19:17Z,HR-WS-04,SYSTEM,Browser Settings,central policy,yes,benign
POL-0447,2026-09-14T12:27:50Z,JUMP-01,ACME\\mgarcia,Drive Mapping,central policy,yes,benign
POL-0549,2026-09-14T12:33:46Z,HR-WS-04,ACME\\jsmith,Desktop Baseline,central policy,yes,benign
POL-0580,2026-09-14T12:35:35Z,HR-WS-04,ACME\\lchen,Drive Mapping,central policy,yes,benign
POL-0210,2026-09-14T13:04:42Z,HR-WS-04,ACME\\lchen,Browser Settings,central policy,yes,benign
POL-0241,2026-09-14T13:21:21Z,DC-01,ACME\\mgarcia,Desktop Baseline,central policy,yes,benign
POL-0283,2026-09-14T13:26:24Z,HR-WS-04,ACME\\lchen,Browser Settings,central policy,yes,benign
POL-0452,2026-09-14T13:35:03Z,FIN-WS-09,ACME\\jsmith,Drive Mapping,central policy,yes,benign
POL-0523,2026-09-14T13:48:40Z,MGMT-01,SYSTEM,Desktop Baseline,central policy,yes,benign
POL-0168,2026-09-14T13:49:10Z,FIN-WS-09,SYSTEM,Drive Mapping,central policy,yes,benign
POL-0586,2026-09-14T13:51:00Z,ENG-WS-17,ACME\\mgarcia,Desktop Baseline,central policy,yes,benign
POL-0362,2026-09-14T14:03:08Z,JUMP-01,SYSTEM,Drive Mapping,central policy,yes,benign
POL-0546,2026-09-14T14:29:33Z,JUMP-01,ACME\\mgarcia,Desktop Baseline,central policy,yes,benign
POL-BEN-001,2026-09-14T14:29:40Z,FIN-WS-09,ACME\\lchen,User Drive Mapping,central policy,yes,benign
POL-0574,2026-09-14T14:32:06Z,FIN-WS-09,ACME\\lchen,Browser Settings,central policy,yes,benign
POL-0441,2026-09-14T14:32:50Z,JUMP-01,SYSTEM,Drive Mapping,central policy,yes,benign
POL-GAP-001,2026-09-14T14:36:00Z,FIN-WS-09,ACME\\lchen,No matching enterprise policy,OneDriveHealth is local user configuration,no,investigate
POL-SCOPE-001,2026-09-14T14:40:00Z,FIN-WS-09,ACME\\jsmith,Scope decision,no evidence of enterprise policy modification,n/a,decision
POL-0442,2026-09-14T14:41:51Z,DC-01,SYSTEM,Drive Mapping,central policy,yes,benign
POL-0231,2026-09-14T14:42:43Z,MGMT-01,SYSTEM,Browser Settings,central policy,yes,benign
POL-0347,2026-09-14T14:49:54Z,DC-01,ACME\\lchen,Drive Mapping,central policy,yes,benign
POL-0592,2026-09-14T14:50:21Z,DC-01,ACME\\mgarcia,Drive Mapping,central policy,yes,benign
POL-0371,2026-09-14T14:54:43Z,ENG-WS-17,SYSTEM,Drive Mapping,central policy,yes,benign
POL-0141,2026-09-14T14:56:00Z,HR-WS-04,ACME\\jsmith,Desktop Baseline,central policy,yes,benign
POL-0284,2026-09-14T15:19:33Z,MGMT-01,SYSTEM,Browser Settings,central policy,yes,benign
POL-0316,2026-09-14T15:21:09Z,JUMP-01,SYSTEM,Drive Mapping,central policy,yes,benign
POL-0404,2026-09-14T15:33:59Z,DC-01,ACME\\lchen,Drive Mapping,central policy,yes,benign
POL-0477,2026-09-14T15:56:43Z,HR-WS-04,ACME\\lchen,Drive Mapping,central policy,yes,benign
POL-0177,2026-09-14T15:58:00Z,HR-WS-04,ACME\\lchen,Drive Mapping,central policy,yes,benign
POL-0587,2026-09-14T16:40:35Z,ENG-WS-17,ACME\\jsmith,Browser Settings,central policy,yes,benign
POL-0289,2026-09-14T16:41:00Z,MGMT-01,SYSTEM,Browser Settings,central policy,yes,benign
POL-0246,2026-09-14T16:43:37Z,HR-WS-04,ACME\\lchen,Drive Mapping,central policy,yes,benign
POL-0318,2026-09-14T16:51:48Z,FIN-WS-09,SYSTEM,Browser Settings,central policy,yes,benign
POL-0448,2026-09-14T17:08:14Z,DC-01,ACME\\jsmith,Browser Settings,central policy,yes,benign
POL-0583,2026-09-14T17:25:53Z,ENG-WS-17,ACME\\jsmith,Browser Settings,central policy,yes,benign
POL-0153,2026-09-14T17:32:26Z,MGMT-01,ACME\\mgarcia,Browser Settings,central policy,yes,benign
POL-0214,2026-09-14T17:40:34Z,MGMT-01,ACME\\lchen,Drive Mapping,central policy,yes,benign
POL-0519,2026-09-14T17:54:31Z,ENG-WS-17,ACME\\lchen,Browser Settings,central policy,yes,benign
POL-0219,2026-09-14T18:04:39Z,DC-01,ACME\\mgarcia,Desktop Baseline,central policy,yes,benign
POL-0183,2026-09-14T18:05:28Z,MGMT-01,SYSTEM,Desktop Baseline,central policy,yes,benign
POL-0464,2026-09-14T18:05:29Z,JUMP-01,SYSTEM,Desktop Baseline,central policy,yes,benign
POL-0373,2026-09-14T18:07:13Z,HR-WS-04,ACME\\lchen,Desktop Baseline,central policy,yes,benign
POL-0314,2026-09-14T18:23:54Z,FIN-WS-09,ACME\\mgarcia,Drive Mapping,central policy,yes,benign
POL-0436,2026-09-14T18:39:18Z,DC-01,ACME\\mgarcia,Desktop Baseline,central policy,yes,benign
POL-0370,2026-09-14T18:48:10Z,HR-WS-04,ACME\\jsmith,Drive Mapping,central policy,yes,benign
POL-0408,2026-09-14T19:05:42Z,MGMT-01,ACME\\jsmith,Drive Mapping,central policy,yes,benign
POL-0479,2026-09-14T19:26:43Z,FIN-WS-09,ACME\\jsmith,Desktop Baseline,central policy,yes,benign
POL-0374,2026-09-14T20:22:19Z,DC-01,ACME\\mgarcia,Desktop Baseline,central policy,yes,benign
POL-0472,2026-09-14T20:40:01Z,DC-01,ACME\\mgarcia,Drive Mapping,central policy,yes,benign
POL-0588,2026-09-14T20:43:08Z,HR-WS-04,ACME\\jsmith,Drive Mapping,central policy,yes,benign
POL-0364,2026-09-14T20:51:53Z,DC-01,ACME\\jsmith,Desktop Baseline,central policy,yes,benign
POL-0372,2026-09-14T20:58:59Z,DC-01,ACME\\mgarcia,Desktop Baseline,central policy,yes,benign
POL-0434,2026-09-14T21:04:08Z,HR-WS-04,ACME\\mgarcia,Browser Settings,central policy,yes,benign
POL-0267,2026-09-14T21:10:34Z,DC-01,ACME\\jsmith,Drive Mapping,central policy,yes,benign
POL-0329,2026-09-14T21:29:11Z,DC-01,ACME\\lchen,Desktop Baseline,central policy,yes,benign
POL-0400,2026-09-14T21:44:48Z,HR-WS-04,ACME\\lchen,Browser Settings,central policy,yes,benign
POL-0196,2026-09-14T21:49:52Z,FIN-WS-09,SYSTEM,Browser Settings,central policy,yes,benign
POL-0266,2026-09-14T22:18:17Z,ENG-WS-17,ACME\\mgarcia,Desktop Baseline,central policy,yes,benign
POL-0500,2026-09-14T22:22:01Z,JUMP-01,ACME\\lchen,Drive Mapping,central policy,yes,benign
POL-0445,2026-09-14T22:35:00Z,JUMP-01,ACME\\lchen,Browser Settings,central policy,yes,benign
POL-0243,2026-09-14T22:37:02Z,DC-01,ACME\\jsmith,Browser Settings,central policy,yes,benign
POL-0232,2026-09-14T22:42:02Z,FIN-WS-09,ACME\\lchen,Drive Mapping,central policy,yes,benign
POL-0463,2026-09-14T23:07:27Z,JUMP-01,ACME\\jsmith,Drive Mapping,central policy,yes,benign
POL-0545,2026-09-14T23:24:39Z,DC-01,SYSTEM,Drive Mapping,central policy,yes,benign
POL-0552,2026-09-14T23:27:33Z,MGMT-01,SYSTEM,Browser Settings,central policy,yes,benign
POL-0123,2026-09-14T23:31:08Z,JUMP-01,ACME\\lchen,Drive Mapping,central policy,yes,benign
POL-0197,2026-09-14T23:42:24Z,MGMT-01,ACME\\lchen,Desktop Baseline,central policy,yes,benign
POL-0274,2026-09-15T00:05:22Z,DC-01,ACME\\jsmith,Browser Settings,central policy,yes,benign
POL-0457,2026-09-15T00:07:21Z,FIN-WS-09,ACME\\jsmith,Drive Mapping,central policy,yes,benign
POL-0155,2026-09-15T00:09:37Z,JUMP-01,ACME\\mgarcia,Drive Mapping,central policy,yes,benign
POL-0516,2026-09-15T00:23:26Z,HR-WS-04,ACME\\mgarcia,Browser Settings,central policy,yes,benign
POL-0302,2026-09-15T00:33:28Z,HR-WS-04,SYSTEM,Browser Settings,central policy,yes,benign
POL-0505,2026-09-15T00:33:28Z,MGMT-01,ACME\\jsmith,Drive Mapping,central policy,yes,benign
POL-0511,2026-09-15T00:35:23Z,JUMP-01,ACME\\lchen,Drive Mapping,central policy,yes,benign
POL-0181,2026-09-15T00:52:35Z,ENG-WS-17,ACME\\lchen,Drive Mapping,central policy,yes,benign
POL-0157,2026-09-15T01:02:18Z,JUMP-01,ACME\\mgarcia,Browser Settings,central policy,yes,benign
POL-0350,2026-09-15T01:10:27Z,ENG-WS-17,ACME\\lchen,Browser Settings,central policy,yes,benign
POL-0506,2026-09-15T01:31:24Z,HR-WS-04,ACME\\mgarcia,Drive Mapping,central policy,yes,benign
POL-0269,2026-09-15T01:42:15Z,ENG-WS-17,ACME\\lchen,Browser Settings,central policy,yes,benign
POL-0450,2026-09-15T02:00:04Z,FIN-WS-09,SYSTEM,Desktop Baseline,central policy,yes,benign
POL-0299,2026-09-15T02:27:22Z,HR-WS-04,ACME\\jsmith,Browser Settings,central policy,yes,benign
POL-0142,2026-09-15T02:39:04Z,DC-01,ACME\\lchen,Browser Settings,central policy,yes,benign
POL-0541,2026-09-15T02:40:43Z,DC-01,ACME\\mgarcia,Desktop Baseline,central policy,yes,benign
POL-0117,2026-09-15T02:48:27Z,HR-WS-04,SYSTEM,Drive Mapping,central policy,yes,benign
POL-0509,2026-09-15T03:05:02Z,FIN-WS-09,ACME\\lchen,Desktop Baseline,central policy,yes,benign
POL-0515,2026-09-15T03:07:01Z,FIN-WS-09,ACME\\mgarcia,Drive Mapping,central policy,yes,benign
POL-0397,2026-09-15T03:08:02Z,FIN-WS-09,ACME\\mgarcia,Drive Mapping,central policy,yes,benign
POL-0555,2026-09-15T03:17:08Z,MGMT-01,SYSTEM,Drive Mapping,central policy,yes,benign
POL-0560,2026-09-15T03:17:10Z,FIN-WS-09,ACME\\lchen,Drive Mapping,central policy,yes,benign
POL-0309,2026-09-15T03:59:13Z,FIN-WS-09,ACME\\jsmith,Browser Settings,central policy,yes,benign
POL-0229,2026-09-15T04:06:22Z,JUMP-01,ACME\\jsmith,Browser Settings,central policy,yes,benign
POL-0461,2026-09-15T04:09:22Z,JUMP-01,SYSTEM,Desktop Baseline,central policy,yes,benign
POL-0127,2026-09-15T04:24:19Z,HR-WS-04,ACME\\mgarcia,Drive Mapping,central policy,yes,benign
POL-0376,2026-09-15T04:36:51Z,MGMT-01,ACME\\mgarcia,Desktop Baseline,central policy,yes,benign
POL-0220,2026-09-15T04:45:21Z,JUMP-01,ACME\\mgarcia,Drive Mapping,central policy,yes,benign
POL-0595,2026-09-15T04:51:05Z,MGMT-01,SYSTEM,Browser Settings,central policy,yes,benign
POL-0288,2026-09-15T04:52:15Z,MGMT-01,ACME\\jsmith,Desktop Baseline,central policy,yes,benign
POL-0439,2026-09-15T04:55:34Z,DC-01,ACME\\jsmith,Desktop Baseline,central policy,yes,benign
POL-0437,2026-09-15T05:12:05Z,DC-01,ACME\\jsmith,Drive Mapping,central policy,yes,benign
POL-0159,2026-09-15T05:14:02Z,HR-WS-04,SYSTEM,Drive Mapping,central policy,yes,benign
POL-0591,2026-09-15T05:38:28Z,HR-WS-04,SYSTEM,Drive Mapping,central policy,yes,benign
POL-0107,2026-09-15T05:53:23Z,HR-WS-04,ACME\\jsmith,Desktop Baseline,central policy,yes,benign
POL-0535,2026-09-15T05:55:43Z,JUMP-01,ACME\\lchen,Desktop Baseline,central policy,yes,benign
POL-0226,2026-09-15T06:03:22Z,ENG-WS-17,SYSTEM,Desktop Baseline,central policy,yes,benign
POL-0111,2026-09-15T06:16:48Z,JUMP-01,SYSTEM,Desktop Baseline,central policy,yes,benign
POL-0355,2026-09-15T06:22:39Z,FIN-WS-09,SYSTEM,Desktop Baseline,central policy,yes,benign
POL-0296,2026-09-15T06:25:52Z,HR-WS-04,ACME\\mgarcia,Desktop Baseline,central policy,yes,benign
POL-0239,2026-09-15T06:44:53Z,DC-01,ACME\\jsmith,Browser Settings,central policy,yes,benign
POL-0418,2026-09-15T06:48:43Z,DC-01,SYSTEM,Desktop Baseline,central policy,yes,benign
POL-0160,2026-09-15T06:55:56Z,ENG-WS-17,SYSTEM,Drive Mapping,central policy,yes,benign
POL-0253,2026-09-15T07:08:31Z,ENG-WS-17,ACME\\lchen,Browser Settings,central policy,yes,benign
POL-0482,2026-09-15T07:24:15Z,MGMT-01,ACME\\mgarcia,Browser Settings,central policy,yes,benign
POL-0365,2026-09-15T07:25:08Z,FIN-WS-09,ACME\\mgarcia,Drive Mapping,central policy,yes,benign
POL-0327,2026-09-15T07:26:06Z,FIN-WS-09,SYSTEM,Desktop Baseline,central policy,yes,benign
POL-0213,2026-09-15T07:27:03Z,FIN-WS-09,ACME\\mgarcia,Desktop Baseline,central policy,yes,benign
POL-0409,2026-09-15T07:28:50Z,HR-WS-04,ACME\\mgarcia,Drive Mapping,central policy,yes,benign
POL-0325,2026-09-15T07:40:26Z,DC-01,ACME\\jsmith,Desktop Baseline,central policy,yes,benign
POL-0112,2026-09-15T08:28:17Z,JUMP-01,ACME\\jsmith,Drive Mapping,central policy,yes,benign
POL-0415,2026-09-15T08:28:59Z,DC-01,ACME\\jsmith,Desktop Baseline,central policy,yes,benign
POL-0392,2026-09-15T08:32:41Z,ENG-WS-17,ACME\\mgarcia,Desktop Baseline,central policy,yes,benign
POL-0585,2026-09-15T08:36:02Z,HR-WS-04,ACME\\lchen,Browser Settings,central policy,yes,benign
POL-0524,2026-09-15T08:38:16Z,JUMP-01,ACME\\lchen,Browser Settings,central policy,yes,benign
POL-0307,2026-09-15T08:39:10Z,FIN-WS-09,SYSTEM,Desktop Baseline,central policy,yes,benign
POL-0152,2026-09-15T08:41:58Z,FIN-WS-09,ACME\\jsmith,Desktop Baseline,central policy,yes,benign
POL-0332,2026-09-15T08:49:37Z,ENG-WS-17,ACME\\lchen,Browser Settings,central policy,yes,benign
POL-0242,2026-09-15T08:53:24Z,MGMT-01,ACME\\jsmith,Drive Mapping,central policy,yes,benign
POL-0126,2026-09-15T09:02:59Z,MGMT-01,ACME\\mgarcia,Drive Mapping,central policy,yes,benign
POL-0544,2026-09-15T09:13:21Z,HR-WS-04,ACME\\lchen,Browser Settings,central policy,yes,benign
POL-0211,2026-09-15T09:36:04Z,JUMP-01,SYSTEM,Drive Mapping,central policy,yes,benign
POL-0572,2026-09-15T09:42:27Z,FIN-WS-09,ACME\\mgarcia,Drive Mapping,central policy,yes,benign
POL-0396,2026-09-15T09:42:51Z,HR-WS-04,ACME\\jsmith,Drive Mapping,central policy,yes,benign
POL-0345,2026-09-15T09:50:09Z,ENG-WS-17,ACME\\jsmith,Browser Settings,central policy,yes,benign
POL-0172,2026-09-15T09:55:43Z,JUMP-01,ACME\\lchen,Drive Mapping,central policy,yes,benign
POL-0589,2026-09-15T10:08:39Z,HR-WS-04,ACME\\lchen,Drive Mapping,central policy,yes,benign
POL-0106,2026-09-15T10:13:29Z,JUMP-01,ACME\\lchen,Drive Mapping,central policy,yes,benign
POL-0387,2026-09-15T10:20:16Z,FIN-WS-09,SYSTEM,Drive Mapping,central policy,yes,benign
POL-0225,2026-09-15T10:41:10Z,ENG-WS-17,ACME\\lchen,Drive Mapping,central policy,yes,benign
POL-0403,2026-09-15T10:47:53Z,FIN-WS-09,ACME\\mgarcia,Browser Settings,central policy,yes,benign
POL-0566,2026-09-15T11:22:37Z,ENG-WS-17,ACME\\jsmith,Browser Settings,central policy,yes,benign
POL-0438,2026-09-15T11:22:45Z,HR-WS-04,SYSTEM,Browser Settings,central policy,yes,benign
POL-0384,2026-09-15T11:52:55Z,MGMT-01,ACME\\mgarcia,Drive Mapping,central policy,yes,benign
POL-0422,2026-09-15T11:53:54Z,HR-WS-04,SYSTEM,Desktop Baseline,central policy,yes,benign
POL-0300,2026-09-15T12:30:22Z,DC-01,ACME\\jsmith,Desktop Baseline,central policy,yes,benign
POL-0480,2026-09-15T12:32:59Z,MGMT-01,ACME\\jsmith,Drive Mapping,central policy,yes,benign
POL-0584,2026-09-15T12:54:20Z,MGMT-01,SYSTEM,Browser Settings,central policy,yes,benign
POL-0247,2026-09-15T12:56:15Z,JUMP-01,ACME\\mgarcia,Desktop Baseline,central policy,yes,benign
POL-0124,2026-09-15T12:59:02Z,JUMP-01,ACME\\lchen,Drive Mapping,central policy,yes,benign
POL-0565,2026-09-15T13:10:27Z,MGMT-01,ACME\\jsmith,Drive Mapping,central policy,yes,benign
POL-0542,2026-09-15T13:11:13Z,DC-01,ACME\\lchen,Browser Settings,central policy,yes,benign
POL-0272,2026-09-15T13:32:53Z,JUMP-01,SYSTEM,Browser Settings,central policy,yes,benign
POL-0412,2026-09-15T13:57:31Z,ENG-WS-17,ACME\\jsmith,Drive Mapping,central policy,yes,benign
POL-0158,2026-09-15T14:00:26Z,MGMT-01,ACME\\mgarcia,Desktop Baseline,central policy,yes,benign
POL-0431,2026-09-15T14:19:02Z,HR-WS-04,ACME\\mgarcia,Desktop Baseline,central policy,yes,benign
POL-0569,2026-09-15T14:39:03Z,DC-01,SYSTEM,Browser Settings,central policy,yes,benign
POL-0337,2026-09-15T14:39:38Z,FIN-WS-09,SYSTEM,Desktop Baseline,central policy,yes,benign
POL-0558,2026-09-15T14:44:36Z,HR-WS-04,ACME\\jsmith,Drive Mapping,central policy,yes,benign
POL-0143,2026-09-15T14:48:14Z,DC-01,ACME\\lchen,Desktop Baseline,central policy,yes,benign
POL-0139,2026-09-15T14:54:44Z,DC-01,ACME\\jsmith,Browser Settings,central policy,yes,benign
POL-0540,2026-09-15T15:29:21Z,MGMT-01,ACME\\mgarcia,Desktop Baseline,central policy,yes,benign
POL-0259,2026-09-15T16:14:24Z,FIN-WS-09,ACME\\jsmith,Browser Settings,central policy,yes,benign
POL-0504,2026-09-15T16:25:42Z,MGMT-01,ACME\\lchen,Browser Settings,central policy,yes,benign
POL-0208,2026-09-15T16:40:57Z,MGMT-01,SYSTEM,Desktop Baseline,central policy,yes,benign
POL-0263,2026-09-15T16:41:11Z,MGMT-01,SYSTEM,Browser Settings,central policy,yes,benign
POL-0149,2026-09-15T16:42:55Z,JUMP-01,ACME\\jsmith,Browser Settings,central policy,yes,benign
POL-0429,2026-09-15T16:50:25Z,HR-WS-04,ACME\\lchen,Desktop Baseline,central policy,yes,benign
POL-0334,2026-09-15T17:13:04Z,DC-01,ACME\\jsmith,Browser Settings,central policy,yes,benign
POL-0593,2026-09-15T17:13:51Z,HR-WS-04,ACME\\mgarcia,Drive Mapping,central policy,yes,benign
POL-0531,2026-09-15T17:26:58Z,ENG-WS-17,ACME\\mgarcia,Browser Settings,central policy,yes,benign
POL-0285,2026-09-15T17:27:14Z,HR-WS-04,ACME\\lchen,Drive Mapping,central policy,yes,benign
POL-0230,2026-09-15T17:34:26Z,DC-01,ACME\\jsmith,Browser Settings,central policy,yes,benign
POL-0192,2026-09-15T17:41:05Z,HR-WS-04,ACME\\jsmith,Browser Settings,central policy,yes,benign
POL-0238,2026-09-15T17:41:38Z,JUMP-01,ACME\\jsmith,Browser Settings,central policy,yes,benign
POL-0156,2026-09-15T17:47:34Z,DC-01,SYSTEM,Desktop Baseline,central policy,yes,benign
POL-0357,2026-09-15T18:06:45Z,FIN-WS-09,SYSTEM,Drive Mapping,central policy,yes,benign
POL-0469,2026-09-15T18:10:56Z,ENG-WS-17,ACME\\jsmith,Drive Mapping,central policy,yes,benign
POL-0349,2026-09-15T19:00:35Z,MGMT-01,ACME\\lchen,Desktop Baseline,central policy,yes,benign
POL-0414,2026-09-15T19:14:58Z,FIN-WS-09,ACME\\jsmith,Desktop Baseline,central policy,yes,benign
POL-0262,2026-09-15T19:16:19Z,MGMT-01,ACME\\mgarcia,Browser Settings,central policy,yes,benign
POL-0428,2026-09-15T19:40:58Z,FIN-WS-09,SYSTEM,Browser Settings,central policy,yes,benign
POL-0138,2026-09-15T20:32:24Z,MGMT-01,ACME\\lchen,Browser Settings,central policy,yes,benign
POL-0529,2026-09-15T20:33:50Z,ENG-WS-17,SYSTEM,Browser Settings,central policy,yes,benign
POL-0440,2026-09-15T20:35:10Z,HR-WS-04,ACME\\lchen,Desktop Baseline,central policy,yes,benign
POL-0279,2026-09-15T20:39:51Z,FIN-WS-09,ACME\\mgarcia,Desktop Baseline,central policy,yes,benign
POL-0330,2026-09-15T20:49:01Z,JUMP-01,ACME\\jsmith,Desktop Baseline,central policy,yes,benign
POL-0264,2026-09-15T21:02:19Z,DC-01,ACME\\mgarcia,Desktop Baseline,central policy,yes,benign
POL-0537,2026-09-15T21:10:18Z,MGMT-01,ACME\\lchen,Drive Mapping,central policy,yes,benign
POL-0532,2026-09-15T21:13:47Z,MGMT-01,ACME\\mgarcia,Browser Settings,central policy,yes,benign
POL-0333,2026-09-15T21:15:58Z,DC-01,ACME\\lchen,Desktop Baseline,central policy,yes,benign
POL-0462,2026-09-15T22:11:26Z,DC-01,ACME\\mgarcia,Desktop Baseline,central policy,yes,benign
POL-0265,2026-09-15T22:15:01Z,ENG-WS-17,SYSTEM,Browser Settings,central policy,yes,benign
POL-0348,2026-09-15T23:11:55Z,JUMP-01,ACME\\jsmith,Browser Settings,central policy,yes,benign
POL-0240,2026-09-15T23:14:39Z,MGMT-01,ACME\\jsmith,Browser Settings,central policy,yes,benign
POL-0512,2026-09-15T23:16:16Z,JUMP-01,ACME\\jsmith,Desktop Baseline,central policy,yes,benign
POL-0430,2026-09-15T23:30:03Z,MGMT-01,ACME\\lchen,Drive Mapping,central policy,yes,benign
POL-0282,2026-09-15T23:50:43Z,DC-01,ACME\\jsmith,Drive Mapping,central policy,yes,benign
POL-0134,2026-09-15T23:52:16Z,ENG-WS-17,ACME\\lchen,Browser Settings,central policy,yes,benign
POL-0377,2026-09-16T00:24:31Z,ENG-WS-17,SYSTEM,Drive Mapping,central policy,yes,benign
POL-0356,2026-09-16T00:25:40Z,JUMP-01,ACME\\mgarcia,Desktop Baseline,central policy,yes,benign
POL-0427,2026-09-16T00:55:01Z,DC-01,ACME\\mgarcia,Browser Settings,central policy,yes,benign
POL-0380,2026-09-16T01:05:46Z,MGMT-01,ACME\\mgarcia,Browser Settings,central policy,yes,benign
POL-0521,2026-09-16T01:06:06Z,FIN-WS-09,SYSTEM,Drive Mapping,central policy,yes,benign
POL-0144,2026-09-16T01:08:52Z,HR-WS-04,SYSTEM,Browser Settings,central policy,yes,benign
POL-0399,2026-09-16T01:34:13Z,ENG-WS-17,SYSTEM,Drive Mapping,central policy,yes,benign
POL-0388,2026-09-16T02:17:46Z,FIN-WS-09,ACME\\jsmith,Drive Mapping,central policy,yes,benign
POL-0426,2026-09-16T02:17:53Z,MGMT-01,ACME\\lchen,Drive Mapping,central policy,yes,benign
POL-0379,2026-09-16T02:23:56Z,HR-WS-04,ACME\\jsmith,Drive Mapping,central policy,yes,benign
POL-0162,2026-09-16T02:52:26Z,DC-01,SYSTEM,Desktop Baseline,central policy,yes,benign
POL-0249,2026-09-16T03:18:56Z,HR-WS-04,SYSTEM,Desktop Baseline,central policy,yes,benign
POL-0154,2026-09-16T03:20:39Z,ENG-WS-17,ACME\\jsmith,Browser Settings,central policy,yes,benign
POL-0119,2026-09-16T03:29:29Z,DC-01,ACME\\jsmith,Desktop Baseline,central policy,yes,benign
POL-0411,2026-09-16T03:39:49Z,DC-01,ACME\\lchen,Browser Settings,central policy,yes,benign
POL-0118,2026-09-16T03:43:51Z,MGMT-01,ACME\\lchen,Desktop Baseline,central policy,yes,benign
POL-0341,2026-09-16T03:58:10Z,MGMT-01,SYSTEM,Drive Mapping,central policy,yes,benign
POL-0339,2026-09-16T04:06:11Z,FIN-WS-09,ACME\\jsmith,Drive Mapping,central policy,yes,benign
POL-0312,2026-09-16T04:08:24Z,JUMP-01,SYSTEM,Browser Settings,central policy,yes,benign
POL-0256,2026-09-16T04:09:09Z,FIN-WS-09,ACME\\jsmith,Desktop Baseline,central policy,yes,benign
POL-0324,2026-09-16T04:14:37Z,FIN-WS-09,ACME\\mgarcia,Browser Settings,central policy,yes,benign
POL-0260,2026-09-16T04:15:42Z,HR-WS-04,ACME\\jsmith,Drive Mapping,central policy,yes,benign
POL-0407,2026-09-16T04:38:21Z,FIN-WS-09,ACME\\mgarcia,Drive Mapping,central policy,yes,benign
POL-0275,2026-09-16T04:38:23Z,ENG-WS-17,SYSTEM,Desktop Baseline,central policy,yes,benign
POL-0417,2026-09-16T04:44:23Z,HR-WS-04,ACME\\jsmith,Browser Settings,central policy,yes,benign
POL-0410,2026-09-16T04:55:17Z,ENG-WS-17,ACME\\lchen,Drive Mapping,central policy,yes,benign
POL-0255,2026-09-16T05:05:51Z,FIN-WS-09,ACME\\mgarcia,Drive Mapping,central policy,yes,benign
POL-0538,2026-09-16T05:10:11Z,HR-WS-04,SYSTEM,Desktop Baseline,central policy,yes,benign
POL-0578,2026-09-16T05:11:35Z,FIN-WS-09,ACME\\mgarcia,Browser Settings,central policy,yes,benign
POL-0315,2026-09-16T05:26:57Z,MGMT-01,ACME\\jsmith,Desktop Baseline,central policy,yes,benign
POL-0278,2026-09-16T05:28:35Z,FIN-WS-09,ACME\\jsmith,Browser Settings,central policy,yes,benign
POL-0277,2026-09-16T05:33:24Z,DC-01,ACME\\lchen,Browser Settings,central policy,yes,benign
POL-0494,2026-09-16T05:34:52Z,ENG-WS-17,ACME\\lchen,Drive Mapping,central policy,yes,benign
POL-0217,2026-09-16T05:55:50Z,MGMT-01,SYSTEM,Drive Mapping,central policy,yes,benign
POL-0455,2026-09-16T06:05:22Z,DC-01,SYSTEM,Desktop Baseline,central policy,yes,benign
POL-0170,2026-09-16T06:07:31Z,JUMP-01,ACME\\lchen,Desktop Baseline,central policy,yes,benign
POL-0223,2026-09-16T06:28:22Z,HR-WS-04,ACME\\mgarcia,Desktop Baseline,central policy,yes,benign
POL-0200,2026-09-16T06:47:43Z,HR-WS-04,ACME\\jsmith,Drive Mapping,central policy,yes,benign
POL-0474,2026-09-16T07:12:54Z,MGMT-01,ACME\\lchen,Desktop Baseline,central policy,yes,benign
POL-0311,2026-09-16T07:15:07Z,MGMT-01,ACME\\lchen,Browser Settings,central policy,yes,benign
POL-0567,2026-09-16T07:20:49Z,MGMT-01,ACME\\lchen,Browser Settings,central policy,yes,benign
POL-0502,2026-09-16T07:37:49Z,JUMP-01,SYSTEM,Browser Settings,central policy,yes,benign
POL-0495,2026-09-16T08:06:07Z,ENG-WS-17,ACME\\mgarcia,Browser Settings,central policy,yes,benign
POL-0459,2026-09-16T08:34:07Z,FIN-WS-09,ACME\\lchen,Desktop Baseline,central policy,yes,benign
POL-0497,2026-09-16T08:34:28Z,FIN-WS-09,ACME\\jsmith,Drive Mapping,central policy,yes,benign
POL-0313,2026-09-16T08:49:50Z,FIN-WS-09,ACME\\mgarcia,Desktop Baseline,central policy,yes,benign
POL-0435,2026-09-16T09:04:48Z,MGMT-01,ACME\\jsmith,Desktop Baseline,central policy,yes,benign
POL-0303,2026-09-16T09:08:06Z,JUMP-01,ACME\\lchen,Desktop Baseline,central policy,yes,benign
POL-0140,2026-09-16T09:24:35Z,MGMT-01,ACME\\mgarcia,Browser Settings,central policy,yes,benign
POL-0499,2026-09-16T09:42:04Z,FIN-WS-09,ACME\\jsmith,Browser Settings,central policy,yes,benign
POL-0145,2026-09-16T09:47:05Z,JUMP-01,ACME\\jsmith,Desktop Baseline,central policy,yes,benign
POL-0199,2026-09-16T09:49:46Z,DC-01,ACME\\jsmith,Desktop Baseline,central policy,yes,benign
POL-0297,2026-09-16T09:53:13Z,HR-WS-04,ACME\\lchen,Drive Mapping,central policy,yes,benign
POL-0476,2026-09-16T10:09:34Z,MGMT-01,ACME\\jsmith,Desktop Baseline,central policy,yes,benign
POL-0369,2026-09-16T10:11:45Z,MGMT-01,ACME\\lchen,Browser Settings,central policy,yes,benign
POL-0113,2026-09-16T10:16:55Z,JUMP-01,ACME\\mgarcia,Drive Mapping,central policy,yes,benign
POL-0421,2026-09-16T10:23:49Z,FIN-WS-09,SYSTEM,Drive Mapping,central policy,yes,benign
POL-0250,2026-09-16T10:26:25Z,HR-WS-04,ACME\\mgarcia,Browser Settings,central policy,yes,benign
POL-0227,2026-09-16T10:44:50Z,HR-WS-04,ACME\\jsmith,Desktop Baseline,central policy,yes,benign
POL-0320,2026-09-16T10:56:32Z,FIN-WS-09,ACME\\jsmith,Browser Settings,central policy,yes,benign
POL-0331,2026-09-16T10:58:21Z,HR-WS-04,ACME\\mgarcia,Desktop Baseline,central policy,yes,benign
POL-0401,2026-09-16T10:59:00Z,MGMT-01,SYSTEM,Drive Mapping,central policy,yes,benign
POL-0395,2026-09-16T11:05:34Z,JUMP-01,ACME\\jsmith,Drive Mapping,central policy,yes,benign
POL-0171,2026-09-16T11:13:17Z,ENG-WS-17,ACME\\mgarcia,Drive Mapping,central policy,yes,benign
POL-0115,2026-09-16T11:21:54Z,JUMP-01,ACME\\lchen,Desktop Baseline,central policy,yes,benign
POL-0233,2026-09-16T11:29:42Z,JUMP-01,ACME\\mgarcia,Desktop Baseline,central policy,yes,benign
POL-0104,2026-09-16T11:31:47Z,FIN-WS-09,ACME\\lchen,Browser Settings,central policy,yes,benign
POL-0190,2026-09-16T11:37:58Z,MGMT-01,ACME\\lchen,Desktop Baseline,central policy,yes,benign
POL-0353,2026-09-16T11:46:46Z,DC-01,ACME\\jsmith,Desktop Baseline,central policy,yes,benign
POL-0326,2026-09-16T12:26:02Z,FIN-WS-09,ACME\\mgarcia,Desktop Baseline,central policy,yes,benign
POL-0308,2026-09-16T12:48:39Z,DC-01,ACME\\mgarcia,Drive Mapping,central policy,yes,benign
POL-0276,2026-09-16T12:54:37Z,MGMT-01,ACME\\mgarcia,Desktop Baseline,central policy,yes,benign
POL-0301,2026-09-16T13:02:24Z,DC-01,ACME\\mgarcia,Drive Mapping,central policy,yes,benign
POL-0323,2026-09-16T13:04:25Z,FIN-WS-09,ACME\\lchen,Browser Settings,central policy,yes,benign
POL-0473,2026-09-16T13:05:38Z,DC-01,ACME\\mgarcia,Browser Settings,central policy,yes,benign
POL-0207,2026-09-16T13:13:16Z,DC-01,ACME\\jsmith,Browser Settings,central policy,yes,benign
POL-0391,2026-09-16T13:21:15Z,HR-WS-04,ACME\\jsmith,Drive Mapping,central policy,yes,benign
POL-0193,2026-09-16T13:27:48Z,MGMT-01,ACME\\jsmith,Browser Settings,central policy,yes,benign
POL-0131,2026-09-16T13:50:35Z,FIN-WS-09,SYSTEM,Drive Mapping,central policy,yes,benign
POL-0456,2026-09-16T13:53:22Z,FIN-WS-09,SYSTEM,Browser Settings,central policy,yes,benign
POL-0536,2026-09-16T14:09:33Z,DC-01,ACME\\lchen,Drive Mapping,central policy,yes,benign
POL-0129,2026-09-16T14:13:14Z,FIN-WS-09,ACME\\mgarcia,Drive Mapping,central policy,yes,benign
POL-0581,2026-09-16T14:17:12Z,JUMP-01,ACME\\mgarcia,Drive Mapping,central policy,yes,benign
POL-0335,2026-09-16T14:33:30Z,ENG-WS-17,SYSTEM,Browser Settings,central policy,yes,benign
POL-0360,2026-09-16T14:37:03Z,JUMP-01,ACME\\jsmith,Browser Settings,central policy,yes,benign
POL-0518,2026-09-16T14:39:57Z,HR-WS-04,ACME\\mgarcia,Browser Settings,central policy,yes,benign
POL-0120,2026-09-16T14:52:46Z,JUMP-01,SYSTEM,Browser Settings,central policy,yes,benign
POL-0526,2026-09-16T15:23:10Z,ENG-WS-17,ACME\\lchen,Browser Settings,central policy,yes,benign
POL-0163,2026-09-16T15:53:56Z,FIN-WS-09,SYSTEM,Drive Mapping,central policy,yes,benign
POL-0503,2026-09-16T16:09:14Z,JUMP-01,SYSTEM,Browser Settings,central policy,yes,benign
POL-0420,2026-09-16T16:13:34Z,HR-WS-04,ACME\\jsmith,Drive Mapping,central policy,yes,benign
POL-0167,2026-09-16T16:20:29Z,ENG-WS-17,SYSTEM,Browser Settings,central policy,yes,benign
POL-0148,2026-09-16T16:20:43Z,FIN-WS-09,ACME\\mgarcia,Drive Mapping,central policy,yes,benign
POL-0378,2026-09-16T16:44:03Z,MGMT-01,ACME\\mgarcia,Browser Settings,central policy,yes,benign
POL-0244,2026-09-16T16:52:49Z,JUMP-01,SYSTEM,Desktop Baseline,central policy,yes,benign
POL-0423,2026-09-16T16:56:25Z,HR-WS-04,ACME\\jsmith,Drive Mapping,central policy,yes,benign
POL-0470,2026-09-16T17:02:31Z,FIN-WS-09,ACME\\lchen,Drive Mapping,central policy,yes,benign
POL-0484,2026-09-16T17:28:48Z,MGMT-01,ACME\\jsmith,Browser Settings,central policy,yes,benign
POL-0273,2026-09-16T17:32:07Z,ENG-WS-17,SYSTEM,Browser Settings,central policy,yes,benign
POL-0471,2026-09-16T17:39:18Z,FIN-WS-09,ACME\\lchen,Browser Settings,central policy,yes,benign
POL-0343,2026-09-16T18:06:09Z,MGMT-01,SYSTEM,Drive Mapping,central policy,yes,benign
POL-0221,2026-09-16T18:31:34Z,JUMP-01,ACME\\lchen,Browser Settings,central policy,yes,benign
POL-0419,2026-09-16T18:37:04Z,DC-01,ACME\\lchen,Desktop Baseline,central policy,yes,benign
POL-0547,2026-09-16T18:45:28Z,FIN-WS-09,ACME\\mgarcia,Browser Settings,central policy,yes,benign
POL-0491,2026-09-16T18:54:55Z,FIN-WS-09,ACME\\mgarcia,Desktop Baseline,central policy,yes,benign
POL-0344,2026-09-16T19:01:24Z,ENG-WS-17,ACME\\mgarcia,Browser Settings,central policy,yes,benign
POL-0292,2026-09-16T19:08:44Z,JUMP-01,ACME\\lchen,Desktop Baseline,central policy,yes,benign
POL-0133,2026-09-16T19:46:14Z,DC-01,ACME\\lchen,Browser Settings,central policy,yes,benign
POL-0579,2026-09-16T19:47:14Z,FIN-WS-09,ACME\\lchen,Desktop Baseline,central policy,yes,benign
POL-0328,2026-09-16T19:54:27Z,DC-01,ACME\\jsmith,Browser Settings,central policy,yes,benign
POL-0116,2026-09-16T19:56:44Z,MGMT-01,ACME\\mgarcia,Browser Settings,central policy,yes,benign
POL-0178,2026-09-16T20:16:13Z,ENG-WS-17,SYSTEM,Browser Settings,central policy,yes,benign
POL-0520,2026-09-16T20:28:00Z,HR-WS-04,ACME\\lchen,Browser Settings,central policy,yes,benign
POL-0514,2026-09-16T20:34:44Z,DC-01,ACME\\mgarcia,Desktop Baseline,central policy,yes,benign
POL-0386,2026-09-16T20:35:44Z,ENG-WS-17,SYSTEM,Desktop Baseline,central policy,yes,benign
POL-0543,2026-09-16T20:42:41Z,JUMP-01,ACME\\jsmith,Drive Mapping,central policy,yes,benign
POL-0182,2026-09-16T20:56:26Z,MGMT-01,ACME\\mgarcia,Drive Mapping,central policy,yes,benign
POL-0416,2026-09-16T20:57:56Z,ENG-WS-17,ACME\\mgarcia,Desktop Baseline,central policy,yes,benign
POL-0402,2026-09-16T21:05:33Z,JUMP-01,SYSTEM,Desktop Baseline,central policy,yes,benign
POL-0222,2026-09-16T21:15:59Z,FIN-WS-09,SYSTEM,Browser Settings,central policy,yes,benign
POL-0212,2026-09-16T21:35:36Z,HR-WS-04,ACME\\lchen,Browser Settings,central policy,yes,benign
POL-0295,2026-09-16T22:14:03Z,FIN-WS-09,ACME\\jsmith,Browser Settings,central policy,yes,benign
POL-0559,2026-09-16T22:15:09Z,FIN-WS-09,SYSTEM,Desktop Baseline,central policy,yes,benign
POL-0501,2026-09-16T22:34:21Z,DC-01,ACME\\jsmith,Desktop Baseline,central policy,yes,benign
POL-0382,2026-09-16T22:46:51Z,DC-01,ACME\\lchen,Desktop Baseline,central policy,yes,benign
POL-0568,2026-09-16T22:58:20Z,JUMP-01,ACME\\jsmith,Drive Mapping,central policy,yes,benign
POL-0375,2026-09-16T23:21:43Z,JUMP-01,ACME\\mgarcia,Drive Mapping,central policy,yes,benign
POL-0194,2026-09-16T23:28:01Z,FIN-WS-09,ACME\\mgarcia,Browser Settings,central policy,yes,benign
POL-0114,2026-09-16T23:38:02Z,DC-01,SYSTEM,Drive Mapping,central policy,yes,benign
POL-0191,2026-09-16T23:39:39Z,HR-WS-04,ACME\\lchen,Drive Mapping,central policy,yes,benign
POL-0575,2026-09-16T23:57:32Z,ENG-WS-17,ACME\\jsmith,Drive Mapping,central policy,yes,benign
POL-0294,2026-09-16T23:59:15Z,ENG-WS-17,ACME\\jsmith,Browser Settings,central policy,yes,benign
POL-0493,2026-09-17T00:19:02Z,MGMT-01,ACME\\mgarcia,Drive Mapping,central policy,yes,benign
POL-0310,2026-09-17T00:24:24Z,MGMT-01,SYSTEM,Drive Mapping,central policy,yes,benign
POL-0150,2026-09-17T00:51:59Z,JUMP-01,ACME\\jsmith,Desktop Baseline,central policy,yes,benign
POL-0165,2026-09-17T01:01:33Z,DC-01,ACME\\jsmith,Drive Mapping,central policy,yes,benign
POL-0358,2026-09-17T01:03:33Z,DC-01,ACME\\jsmith,Browser Settings,central policy,yes,benign
POL-0454,2026-09-17T01:20:38Z,HR-WS-04,ACME\\mgarcia,Drive Mapping,central policy,yes,benign
POL-0433,2026-09-17T01:23:19Z,HR-WS-04,ACME\\mgarcia,Drive Mapping,central policy,yes,benign
POL-0216,2026-09-17T01:30:21Z,MGMT-01,ACME\\mgarcia,Drive Mapping,central policy,yes,benign
POL-0570,2026-09-17T01:31:18Z,DC-01,ACME\\lchen,Browser Settings,central policy,yes,benign
POL-0261,2026-09-17T01:31:35Z,HR-WS-04,SYSTEM,Desktop Baseline,central policy,yes,benign
POL-0130,2026-09-17T01:39:08Z,JUMP-01,SYSTEM,Desktop Baseline,central policy,yes,benign
POL-0534,2026-09-17T01:52:01Z,FIN-WS-09,SYSTEM,Desktop Baseline,central policy,yes,benign
POL-0179,2026-09-17T02:11:39Z,HR-WS-04,SYSTEM,Browser Settings,central policy,yes,benign
POL-0564,2026-09-17T02:13:55Z,FIN-WS-09,ACME\\mgarcia,Drive Mapping,central policy,yes,benign
POL-0228,2026-09-17T02:17:32Z,JUMP-01,SYSTEM,Drive Mapping,central policy,yes,benign
POL-0257,2026-09-17T02:26:34Z,ENG-WS-17,SYSTEM,Desktop Baseline,central policy,yes,benign
POL-0132,2026-09-17T02:27:01Z,JUMP-01,ACME\\jsmith,Browser Settings,central policy,yes,benign
POL-0184,2026-09-17T02:32:52Z,HR-WS-04,SYSTEM,Desktop Baseline,central policy,yes,benign
POL-0122,2026-09-17T02:33:28Z,FIN-WS-09,ACME\\mgarcia,Browser Settings,central policy,yes,benign
POL-0293,2026-09-17T02:34:19Z,HR-WS-04,ACME\\mgarcia,Browser Settings,central policy,yes,benign
POL-0180,2026-09-17T02:56:15Z,DC-01,SYSTEM,Browser Settings,central policy,yes,benign
POL-0453,2026-09-17T03:07:09Z,JUMP-01,ACME\\mgarcia,Desktop Baseline,central policy,yes,benign
POL-0594,2026-09-17T03:11:53Z,MGMT-01,ACME\\lchen,Browser Settings,central policy,yes,benign
POL-0290,2026-09-17T03:20:40Z,HR-WS-04,SYSTEM,Drive Mapping,central policy,yes,benign
POL-0338,2026-09-17T03:25:55Z,JUMP-01,ACME\\jsmith,Desktop Baseline,central policy,yes,benign
POL-0488,2026-09-17T03:56:30Z,DC-01,SYSTEM,Drive Mapping,central policy,yes,benign
POL-0478,2026-09-17T04:13:47Z,ENG-WS-17,ACME\\mgarcia,Drive Mapping,central policy,yes,benign
POL-0354,2026-09-17T04:31:44Z,HR-WS-04,ACME\\jsmith,Desktop Baseline,central policy,yes,benign
POL-0322,2026-09-17T04:34:08Z,DC-01,ACME\\jsmith,Desktop Baseline,central policy,yes,benign
POL-0577,2026-09-17T04:34:56Z,JUMP-01,ACME\\lchen,Drive Mapping,central policy,yes,benign
POL-0562,2026-09-17T04:52:43Z,FIN-WS-09,ACME\\jsmith,Browser Settings,central policy,yes,benign
POL-0317,2026-09-17T05:01:49Z,HR-WS-04,ACME\\jsmith,Drive Mapping,central policy,yes,benign
POL-0451,2026-09-17T05:07:49Z,ENG-WS-17,ACME\\jsmith,Desktop Baseline,central policy,yes,benign
POL-0487,2026-09-17T05:19:04Z,MGMT-01,ACME\\jsmith,Drive Mapping,central policy,yes,benign
POL-0551,2026-09-17T05:31:52Z,JUMP-01,SYSTEM,Browser Settings,central policy,yes,benign
POL-0432,2026-09-17T05:33:43Z,FIN-WS-09,SYSTEM,Browser Settings,central policy,yes,benign
POL-0201,2026-09-17T05:43:31Z,FIN-WS-09,ACME\\lchen,Browser Settings,central policy,yes,benign
POL-0121,2026-09-17T05:47:48Z,FIN-WS-09,ACME\\jsmith,Browser Settings,central policy,yes,benign
POL-0281,2026-09-17T05:50:02Z,FIN-WS-09,SYSTEM,Browser Settings,central policy,yes,benign
POL-0102,2026-09-17T06:19:43Z,MGMT-01,ACME\\lchen,Drive Mapping,central policy,yes,benign
POL-0185,2026-09-17T06:39:13Z,MGMT-01,SYSTEM,Browser Settings,central policy,yes,benign
POL-0449,2026-09-17T06:43:06Z,FIN-WS-09,ACME\\mgarcia,Desktop Baseline,central policy,yes,benign
POL-0513,2026-09-17T06:51:25Z,DC-01,SYSTEM,Drive Mapping,central policy,yes,benign
POL-0381,2026-09-17T07:29:40Z,JUMP-01,ACME\\mgarcia,Drive Mapping,central policy,yes,benign
POL-0136,2026-09-17T07:40:17Z,ENG-WS-17,ACME\\lchen,Browser Settings,central policy,yes,benign
POL-0234,2026-09-17T07:51:27Z,HR-WS-04,ACME\\mgarcia,Browser Settings,central policy,yes,benign
POL-0553,2026-09-17T07:51:35Z,DC-01,SYSTEM,Browser Settings,central policy,yes,benign
POL-0205,2026-09-17T07:59:26Z,HR-WS-04,ACME\\lchen,Desktop Baseline,central policy,yes,benign
POL-0385,2026-09-17T08:02:32Z,ENG-WS-17,ACME\\mgarcia,Drive Mapping,central policy,yes,benign
POL-0198,2026-09-17T08:31:00Z,MGMT-01,SYSTEM,Browser Settings,central policy,yes,benign
POL-0173,2026-09-17T08:31:35Z,JUMP-01,ACME\\lchen,Desktop Baseline,central policy,yes,benign
POL-0424,2026-09-17T08:33:51Z,DC-01,ACME\\mgarcia,Browser Settings,central policy,yes,benign
POL-0492,2026-09-17T08:52:41Z,DC-01,ACME\\mgarcia,Browser Settings,central policy,yes,benign
POL-0425,2026-09-17T08:56:20Z,HR-WS-04,ACME\\lchen,Browser Settings,central policy,yes,benign
POL-0206,2026-09-17T09:14:58Z,ENG-WS-17,SYSTEM,Browser Settings,central policy,yes,benign
POL-0533,2026-09-17T09:17:39Z,JUMP-01,ACME\\lchen,Desktop Baseline,central policy,yes,benign
POL-0352,2026-09-17T09:24:07Z,MGMT-01,ACME\\lchen,Browser Settings,central policy,yes,benign
POL-0467,2026-09-17T10:26:15Z,JUMP-01,ACME\\jsmith,Browser Settings,central policy,yes,benign
POL-0550,2026-09-17T10:57:10Z,DC-01,ACME\\jsmith,Drive Mapping,central policy,yes,benign
POL-0443,2026-09-17T10:57:54Z,MGMT-01,ACME\\lchen,Desktop Baseline,central policy,yes,benign
POL-0218,2026-09-17T11:02:22Z,DC-01,ACME\\mgarcia,Desktop Baseline,central policy,yes,benign
POL-0105,2026-09-17T11:13:07Z,MGMT-01,ACME\\mgarcia,Browser Settings,central policy,yes,benign
POL-0571,2026-09-17T11:33:17Z,JUMP-01,SYSTEM,Browser Settings,central policy,yes,benign
POL-0245,2026-09-17T11:56:26Z,ENG-WS-17,ACME\\mgarcia,Desktop Baseline,central policy,yes,benign
POL-0108,2026-09-17T12:07:38Z,HR-WS-04,ACME\\jsmith,Browser Settings,central policy,yes,benign
POL-0101,2026-09-17T12:17:07Z,MGMT-01,ACME\\mgarcia,Browser Settings,central policy,yes,benign
POL-0103,2026-09-17T12:27:14Z,FIN-WS-09,ACME\\lchen,Desktop Baseline,central policy,yes,benign
POL-0393,2026-09-17T12:43:39Z,JUMP-01,ACME\\mgarcia,Drive Mapping,central policy,yes,benign
POL-0483,2026-09-17T12:44:26Z,JUMP-01,ACME\\mgarcia,Browser Settings,central policy,yes,benign
POL-0151,2026-09-17T12:46:54Z,FIN-WS-09,ACME\\mgarcia,Desktop Baseline,central policy,yes,benign
POL-0556,2026-09-17T12:55:54Z,JUMP-01,ACME\\lchen,Browser Settings,central policy,yes,benign
POL-0291,2026-09-17T13:10:25Z,FIN-WS-09,ACME\\jsmith,Drive Mapping,central policy,yes,benign
POL-0340,2026-09-17T13:16:36Z,ENG-WS-17,ACME\\mgarcia,Drive Mapping,central policy,yes,benign
POL-0576,2026-09-17T13:34:52Z,DC-01,SYSTEM,Desktop Baseline,central policy,yes,benign
POL-0252,2026-09-17T13:52:18Z,DC-01,ACME\\mgarcia,Drive Mapping,central policy,yes,benign
POL-0446,2026-09-17T13:52:25Z,FIN-WS-09,SYSTEM,Browser Settings,central policy,yes,benign
POL-0522,2026-09-17T13:59:31Z,MGMT-01,SYSTEM,Desktop Baseline,central policy,yes,benign
POL-0406,2026-09-17T14:15:26Z,FIN-WS-09,ACME\\mgarcia,Browser Settings,central policy,yes,benign
POL-0209,2026-09-17T14:52:07Z,JUMP-01,ACME\\mgarcia,Desktop Baseline,central policy,yes,benign
POL-0389,2026-09-17T14:58:13Z,MGMT-01,ACME\\jsmith,Drive Mapping,central policy,yes,benign
POL-0528,2026-09-17T15:23:50Z,ENG-WS-17,ACME\\lchen,Drive Mapping,central policy,yes,benign
POL-0563,2026-09-17T15:28:06Z,JUMP-01,ACME\\lchen,Drive Mapping,central policy,yes,benign
POL-0596,2026-09-17T15:31:33Z,ENG-WS-17,ACME\\mgarcia,Browser Settings,central policy,yes,benign
POL-0383,2026-09-17T15:49:54Z,DC-01,ACME\\lchen,Browser Settings,central policy,yes,benign
POL-0390,2026-09-17T16:58:38Z,HR-WS-04,ACME\\mgarcia,Browser Settings,central policy,yes,benign
POL-0224,2026-09-17T17:49:44Z,FIN-WS-09,ACME\\lchen,Browser Settings,central policy,yes,benign
POL-0489,2026-09-17T17:50:42Z,DC-01,ACME\\lchen,Browser Settings,central policy,yes,benign
POL-0306,2026-09-17T18:12:40Z,HR-WS-04,ACME\\jsmith,Drive Mapping,central policy,yes,benign
POL-0368,2026-09-17T18:29:12Z,FIN-WS-09,ACME\\jsmith,Browser Settings,central policy,yes,benign
POL-0169,2026-09-17T18:29:41Z,DC-01,ACME\\lchen,Desktop Baseline,central policy,yes,benign
POL-0460,2026-09-17T18:43:58Z,DC-01,ACME\\jsmith,Desktop Baseline,central policy,yes,benign
POL-0188,2026-09-17T18:44:42Z,DC-01,ACME\\mgarcia,Browser Settings,central policy,yes,benign
POL-0517,2026-09-17T19:00:17Z,HR-WS-04,ACME\\lchen,Drive Mapping,central policy,yes,benign
POL-0486,2026-09-17T19:07:23Z,DC-01,ACME\\jsmith,Drive Mapping,central policy,yes,benign
POL-0458,2026-09-17T19:23:07Z,JUMP-01,ACME\\mgarcia,Drive Mapping,central policy,yes,benign
POL-0146,2026-09-17T19:59:28Z,DC-01,ACME\\lchen,Desktop Baseline,central policy,yes,benign
POL-0548,2026-09-17T20:14:58Z,JUMP-01,SYSTEM,Drive Mapping,central policy,yes,benign
POL-0203,2026-09-17T20:23:52Z,ENG-WS-17,SYSTEM,Desktop Baseline,central policy,yes,benign
POL-0361,2026-09-17T20:29:50Z,JUMP-01,ACME\\mgarcia,Drive Mapping,central policy,yes,benign
POL-0254,2026-09-17T21:00:14Z,JUMP-01,SYSTEM,Browser Settings,central policy,yes,benign
POL-0319,2026-09-17T21:35:02Z,DC-01,ACME\\lchen,Drive Mapping,central policy,yes,benign
POL-0561,2026-09-17T21:36:06Z,FIN-WS-09,ACME\\mgarcia,Browser Settings,central policy,yes,benign
POL-0204,2026-09-17T21:44:50Z,FIN-WS-09,ACME\\mgarcia,Browser Settings,central policy,yes,benign
POL-0490,2026-09-17T21:56:02Z,ENG-WS-17,ACME\\lchen,Browser Settings,central policy,yes,benign
POL-0195,2026-09-17T22:05:54Z,ENG-WS-17,SYSTEM,Browser Settings,central policy,yes,benign
POL-0215,2026-09-17T22:49:42Z,JUMP-01,ACME\\lchen,Drive Mapping,central policy,yes,benign
POL-0187,2026-09-17T22:59:42Z,HR-WS-04,ACME\\mgarcia,Desktop Baseline,central policy,yes,benign
POL-0110,2026-09-17T23:27:02Z,MGMT-01,SYSTEM,Drive Mapping,central policy,yes,benign
POL-0287,2026-09-17T23:29:21Z,ENG-WS-17,ACME\\jsmith,Desktop Baseline,central policy,yes,benign
POL-0135,2026-09-17T23:31:14Z,HR-WS-04,ACME\\mgarcia,Drive Mapping,central policy,yes,benign
POL-0590,2026-09-17T23:33:09Z,DC-01,SYSTEM,Browser Settings,central policy,yes,benign
POL-0394,2026-09-17T23:33:53Z,HR-WS-04,SYSTEM,Browser Settings,central policy,yes,benign
POL-0321,2026-09-17T23:42:33Z,DC-01,ACME\\lchen,Desktop Baseline,central policy,yes,benign
POL-0147,2026-09-18T00:29:18Z,HR-WS-04,ACME\\mgarcia,Drive Mapping,central policy,yes,benign
POL-0530,2026-09-18T00:40:03Z,MGMT-01,ACME\\lchen,Desktop Baseline,central policy,yes,benign
POL-0366,2026-09-18T01:10:12Z,JUMP-01,ACME\\jsmith,Desktop Baseline,central policy,yes,benign
POL-0251,2026-09-18T01:15:49Z,JUMP-01,ACME\\mgarcia,Drive Mapping,central policy,yes,benign
POL-0507,2026-09-18T01:25:25Z,HR-WS-04,ACME\\jsmith,Browser Settings,central policy,yes,benign
POL-0398,2026-09-18T02:18:07Z,FIN-WS-09,ACME\\lchen,Desktop Baseline,central policy,yes,benign
POL-0189,2026-09-18T02:19:47Z,MGMT-01,SYSTEM,Desktop Baseline,central policy,yes,benign
POL-0166,2026-09-18T02:20:09Z,FIN-WS-09,ACME\\jsmith,Drive Mapping,central policy,yes,benign
POL-0175,2026-09-18T02:25:29Z,JUMP-01,ACME\\jsmith,Desktop Baseline,central policy,yes,benign
POL-0573,2026-09-18T02:39:58Z,DC-01,ACME\\mgarcia,Drive Mapping,central policy,yes,benign
POL-0508,2026-09-18T02:54:09Z,HR-WS-04,SYSTEM,Drive Mapping,central policy,yes,benign
POL-0236,2026-09-18T03:05:07Z,MGMT-01,SYSTEM,Drive Mapping,central policy,yes,benign
POL-0109,2026-09-18T03:31:15Z,FIN-WS-09,SYSTEM,Desktop Baseline,central policy,yes,benign
POL-0359,2026-09-18T03:32:22Z,FIN-WS-09,ACME\\jsmith,Browser Settings,central policy,yes,benign
POL-0444,2026-09-18T03:45:26Z,MGMT-01,ACME\\lchen,Desktop Baseline,central policy,yes,benign
POL-0539,2026-09-18T04:00:31Z,DC-01,SYSTEM,Desktop Baseline,central policy,yes,benign
POL-0405,2026-09-18T04:01:15Z,DC-01,ACME\\jsmith,Drive Mapping,central policy,yes,benign
POL-0346,2026-09-18T04:04:23Z,DC-01,ACME\\lchen,Drive Mapping,central policy,yes,benign
POL-0468,2026-09-18T04:15:15Z,ENG-WS-17,SYSTEM,Drive Mapping,central policy,yes,benign
POL-0161,2026-09-18T04:18:33Z,DC-01,ACME\\jsmith,Browser Settings,central policy,yes,benign
POL-0286,2026-09-18T04:42:56Z,HR-WS-04,ACME\\mgarcia,Browser Settings,central policy,yes,benign
POL-0237,2026-09-18T04:57:03Z,MGMT-01,ACME\\jsmith,Browser Settings,central policy,yes,benign
POL-0485,2026-09-18T05:14:03Z,ENG-WS-17,SYSTEM,Browser Settings,central policy,yes,benign
POL-0413,2026-09-18T05:24:42Z,HR-WS-04,ACME\\mgarcia,Browser Settings,central policy,yes,benign
POL-0258,2026-09-18T05:52:37Z,FIN-WS-09,ACME\\lchen,Desktop Baseline,central policy,yes,benign
POL-0174,2026-09-18T05:57:08Z,MGMT-01,SYSTEM,Desktop Baseline,central policy,yes,benign
POL-0202,2026-09-18T06:53:43Z,DC-01,ACME\\mgarcia,Desktop Baseline,central policy,yes,benign
POL-0498,2026-09-18T07:03:09Z,ENG-WS-17,ACME\\mgarcia,Desktop Baseline,central policy,yes,benign
POL-0481,2026-09-18T07:08:19Z,DC-01,SYSTEM,Desktop Baseline,central policy,yes,benign
POL-0557,2026-09-18T07:14:22Z,ENG-WS-17,ACME\\lchen,Browser Settings,central policy,yes,benign
POL-0164,2026-09-18T07:43:05Z,DC-01,ACME\\jsmith,Drive Mapping,central policy,yes,benign
POL-0466,2026-09-18T07:48:53Z,MGMT-01,ACME\\mgarcia,Browser Settings,central policy,yes,benign
POL-0270,2026-09-18T07:56:14Z,ENG-WS-17,ACME\\mgarcia,Drive Mapping,central policy,yes,benign
POL-0100,2026-09-18T07:57:24Z,ENG-WS-17,ACME\\jsmith,Browser Settings,central policy,yes,benign
POL-0125,2026-09-18T07:58:01Z,HR-WS-04,ACME\\mgarcia,Browser Settings,central policy,yes,benign
POL-0496,2026-09-18T08:08:58Z,HR-WS-04,ACME\\mgarcia,Browser Settings,central policy,yes,benign
POL-0137,2026-09-18T08:23:45Z,ENG-WS-17,ACME\\lchen,Desktop Baseline,central policy,yes,benign
POL-0525,2026-09-18T08:24:40Z,ENG-WS-17,SYSTEM,Drive Mapping,central policy,yes,benign
POL-0280,2026-09-18T08:36:41Z,MGMT-01,SYSTEM,Desktop Baseline,central policy,yes,benign
POL-0342,2026-09-18T08:56:16Z,ENG-WS-17,SYSTEM,Drive Mapping,central policy,yes,benign
POL-0527,2026-09-18T09:07:38Z,HR-WS-04,ACME\\jsmith,Drive Mapping,central policy,yes,benign
POL-0271,2026-09-18T09:15:23Z,MGMT-01,ACME\\mgarcia,Browser Settings,central policy,yes,benign
POL-0351,2026-09-18T09:16:00Z,ENG-WS-17,SYSTEM,Drive Mapping,central policy,yes,benign
POL-0367,2026-09-18T09:19:56Z,DC-01,SYSTEM,Drive Mapping,central policy,yes,benign
POL-0475,2026-09-18T09:22:31Z,DC-01,SYSTEM,Drive Mapping,central policy,yes,benign
POL-0336,2026-09-18T09:41:00Z,MGMT-01,ACME\\jsmith,Drive Mapping,central policy,yes,benign
POL-0298,2026-09-18T09:56:11Z,ENG-WS-17,ACME\\lchen,Browser Settings,central policy,yes,benign
POL-0304,2026-09-18T10:00:48Z,HR-WS-04,ACME\\mgarcia,Drive Mapping,central policy,yes,benign
POL-0363,2026-09-18T10:01:08Z,DC-01,SYSTEM,Drive Mapping,central policy,yes,benign
POL-0235,2026-09-18T10:16:03Z,DC-01,ACME\\mgarcia,Desktop Baseline,central policy,yes,benign
POL-0582,2026-09-18T11:06:47Z,MGMT-01,SYSTEM,Desktop Baseline,central policy,yes,benign
POL-0248,2026-09-18T11:32:13Z,FIN-WS-09,ACME\\mgarcia,Drive Mapping,central policy,yes,benign
POL-0268,2026-09-18T11:43:46Z,MGMT-01,ACME\\lchen,Desktop Baseline,central policy,yes,benign
POL-0510,2026-09-18T11:47:30Z,ENG-WS-17,ACME\\jsmith,Drive Mapping,central policy,yes,benign
POL-0128,2026-09-18T11:59:27Z,DC-01,SYSTEM,Browser Settings,central policy,yes,benign
