event_id,_time,host,file_path,trust_status,publisher,classification
TRUST-BEN-002,2026-09-13T14:18:00Z,FIN-WS-09,ACME DisplayProfile,trusted_internal,ACME IT Automation,benign
TRUST-0311,2026-09-14T12:02:21Z,ENG-WS-17,known application,trusted_internal,Known Publisher,benign
TRUST-0173,2026-09-14T12:03:59Z,DC-01,known application,trusted_internal,Known Publisher,benign
TRUST-0217,2026-09-14T12:21:58Z,HR-WS-04,known application,trusted_internal,Known Publisher,benign
TRUST-0237,2026-09-14T12:25:31Z,ENG-WS-17,known application,trusted_internal,Known Publisher,benign
TRUST-0116,2026-09-14T12:31:05Z,DC-01,known application,trusted_internal,Known Publisher,benign
TRUST-0258,2026-09-14T12:31:47Z,DC-01,known application,trusted_internal,Known Publisher,benign
TRUST-0492,2026-09-14T12:42:27Z,HR-WS-04,known application,signed,Known Publisher,benign
TRUST-0555,2026-09-14T12:54:43Z,MGMT-01,known application,signed,Known Publisher,benign
TRUST-0517,2026-09-14T12:56:55Z,ENG-WS-17,known application,signed,Known Publisher,benign
TRUST-BEN-001,2026-09-14T13:18:00Z,FIN-WS-09,Microsoft Teams Update,signed,Microsoft Corporation,benign
TRUST-0476,2026-09-14T13:26:32Z,MGMT-01,known application,signed,Known Publisher,benign
TRUST-INC-001,2026-09-14T14:17:42Z,FIN-WS-09,OneDriveHealth\\sync.ps1,untrusted,,investigate
TRUST-INC-002,2026-09-14T14:17:43Z,FIN-WS-09,OneDriveHealth\\cache.dat,untrusted,,investigate
TRUST-0526,2026-09-14T14:44:41Z,MGMT-01,known application,trusted_internal,Known Publisher,benign
TRUST-0372,2026-09-14T15:05:02Z,HR-WS-04,known application,trusted_internal,Known Publisher,benign
TRUST-0171,2026-09-14T15:09:12Z,FIN-WS-09,known application,signed,Known Publisher,benign
TRUST-0319,2026-09-14T15:44:55Z,HR-WS-04,known application,signed,Known Publisher,benign
TRUST-0137,2026-09-14T15:52:59Z,FIN-WS-09,known application,trusted_internal,Known Publisher,benign
TRUST-0466,2026-09-14T16:00:05Z,JUMP-01,known application,trusted_internal,Known Publisher,benign
TRUST-0296,2026-09-14T16:06:45Z,HR-WS-04,known application,trusted_internal,Known Publisher,benign
TRUST-0514,2026-09-14T16:17:11Z,FIN-WS-09,known application,signed,Known Publisher,benign
TRUST-0518,2026-09-14T16:20:25Z,MGMT-01,known application,trusted_internal,Known Publisher,benign
TRUST-0528,2026-09-14T16:53:02Z,FIN-WS-09,known application,signed,Known Publisher,benign
TRUST-0406,2026-09-14T16:58:56Z,HR-WS-04,known application,trusted_internal,Known Publisher,benign
TRUST-0178,2026-09-14T17:14:02Z,ENG-WS-17,known application,signed,Known Publisher,benign
TRUST-0384,2026-09-14T17:30:32Z,MGMT-01,known application,trusted_internal,Known Publisher,benign
TRUST-0409,2026-09-14T17:33:23Z,FIN-WS-09,known application,trusted_internal,Known Publisher,benign
TRUST-0428,2026-09-14T17:46:26Z,HR-WS-04,known application,trusted_internal,Known Publisher,benign
TRUST-0186,2026-09-14T18:04:58Z,ENG-WS-17,known application,signed,Known Publisher,benign
TRUST-0321,2026-09-14T18:23:53Z,ENG-WS-17,known application,signed,Known Publisher,benign
TRUST-0139,2026-09-14T18:32:52Z,MGMT-01,known application,signed,Known Publisher,benign
TRUST-0276,2026-09-14T18:46:49Z,DC-01,known application,trusted_internal,Known Publisher,benign
TRUST-0462,2026-09-14T19:01:46Z,ENG-WS-17,known application,trusted_internal,Known Publisher,benign
TRUST-0209,2026-09-14T19:03:05Z,FIN-WS-09,known application,trusted_internal,Known Publisher,benign
TRUST-0453,2026-09-14T19:03:18Z,MGMT-01,known application,signed,Known Publisher,benign
TRUST-0362,2026-09-14T19:12:22Z,FIN-WS-09,known application,signed,Known Publisher,benign
TRUST-0527,2026-09-14T19:33:21Z,ENG-WS-17,known application,signed,Known Publisher,benign
TRUST-0580,2026-09-14T19:37:55Z,FIN-WS-09,known application,signed,Known Publisher,benign
TRUST-0470,2026-09-14T19:56:18Z,MGMT-01,known application,signed,Known Publisher,benign
TRUST-0213,2026-09-14T19:59:26Z,ENG-WS-17,known application,signed,Known Publisher,benign
TRUST-0505,2026-09-14T20:22:33Z,MGMT-01,known application,signed,Known Publisher,benign
TRUST-0364,2026-09-14T20:50:36Z,JUMP-01,known application,signed,Known Publisher,benign
TRUST-0279,2026-09-14T20:51:57Z,FIN-WS-09,known application,trusted_internal,Known Publisher,benign
TRUST-0464,2026-09-14T20:56:32Z,JUMP-01,known application,signed,Known Publisher,benign
TRUST-0378,2026-09-14T20:58:38Z,MGMT-01,known application,signed,Known Publisher,benign
TRUST-0540,2026-09-14T21:00:55Z,JUMP-01,known application,signed,Known Publisher,benign
TRUST-0316,2026-09-14T21:09:15Z,HR-WS-04,known application,signed,Known Publisher,benign
TRUST-0176,2026-09-14T21:42:10Z,HR-WS-04,known application,trusted_internal,Known Publisher,benign
TRUST-0571,2026-09-14T21:54:51Z,FIN-WS-09,known application,trusted_internal,Known Publisher,benign
TRUST-0253,2026-09-14T22:05:59Z,ENG-WS-17,known application,trusted_internal,Known Publisher,benign
TRUST-0156,2026-09-14T22:12:25Z,HR-WS-04,known application,trusted_internal,Known Publisher,benign
TRUST-0590,2026-09-14T22:50:46Z,ENG-WS-17,known application,trusted_internal,Known Publisher,benign
TRUST-0568,2026-09-14T22:56:27Z,JUMP-01,known application,trusted_internal,Known Publisher,benign
TRUST-0343,2026-09-14T23:01:21Z,MGMT-01,known application,trusted_internal,Known Publisher,benign
TRUST-0380,2026-09-14T23:23:04Z,ENG-WS-17,known application,trusted_internal,Known Publisher,benign
TRUST-0445,2026-09-14T23:26:13Z,JUMP-01,known application,signed,Known Publisher,benign
TRUST-0248,2026-09-14T23:37:38Z,JUMP-01,known application,signed,Known Publisher,benign
TRUST-0172,2026-09-15T00:04:57Z,JUMP-01,known application,signed,Known Publisher,benign
TRUST-0552,2026-09-15T00:05:10Z,MGMT-01,known application,signed,Known Publisher,benign
TRUST-0485,2026-09-15T00:19:09Z,JUMP-01,known application,trusted_internal,Known Publisher,benign
TRUST-0439,2026-09-15T00:57:51Z,HR-WS-04,known application,trusted_internal,Known Publisher,benign
TRUST-0451,2026-09-15T01:04:30Z,HR-WS-04,known application,trusted_internal,Known Publisher,benign
TRUST-0145,2026-09-15T02:10:50Z,FIN-WS-09,known application,signed,Known Publisher,benign
TRUST-0576,2026-09-15T02:16:01Z,ENG-WS-17,known application,trusted_internal,Known Publisher,benign
TRUST-0509,2026-09-15T02:18:16Z,JUMP-01,known application,trusted_internal,Known Publisher,benign
TRUST-0355,2026-09-15T02:20:58Z,FIN-WS-09,known application,signed,Known Publisher,benign
TRUST-0418,2026-09-15T02:53:55Z,JUMP-01,known application,signed,Known Publisher,benign
TRUST-0515,2026-09-15T03:02:52Z,FIN-WS-09,known application,signed,Known Publisher,benign
TRUST-0510,2026-09-15T03:08:38Z,ENG-WS-17,known application,signed,Known Publisher,benign
TRUST-0522,2026-09-15T03:29:10Z,FIN-WS-09,known application,signed,Known Publisher,benign
TRUST-0109,2026-09-15T03:32:35Z,DC-01,known application,signed,Known Publisher,benign
TRUST-0327,2026-09-15T03:33:22Z,ENG-WS-17,known application,signed,Known Publisher,benign
TRUST-0546,2026-09-15T03:51:31Z,ENG-WS-17,known application,signed,Known Publisher,benign
TRUST-0260,2026-09-15T04:06:02Z,MGMT-01,known application,trusted_internal,Known Publisher,benign
TRUST-0315,2026-09-15T04:13:42Z,DC-01,known application,trusted_internal,Known Publisher,benign
TRUST-0136,2026-09-15T04:50:41Z,JUMP-01,known application,trusted_internal,Known Publisher,benign
TRUST-0587,2026-09-15T05:06:29Z,HR-WS-04,known application,trusted_internal,Known Publisher,benign
TRUST-0104,2026-09-15T05:23:49Z,MGMT-01,known application,trusted_internal,Known Publisher,benign
TRUST-0425,2026-09-15T05:55:52Z,FIN-WS-09,known application,trusted_internal,Known Publisher,benign
TRUST-0388,2026-09-15T05:59:14Z,FIN-WS-09,known application,signed,Known Publisher,benign
TRUST-0450,2026-09-15T06:16:21Z,ENG-WS-17,known application,signed,Known Publisher,benign
TRUST-0592,2026-09-15T06:55:31Z,FIN-WS-09,known application,signed,Known Publisher,benign
TRUST-0347,2026-09-15T07:09:07Z,MGMT-01,known application,signed,Known Publisher,benign
TRUST-0441,2026-09-15T07:11:29Z,MGMT-01,known application,signed,Known Publisher,benign
TRUST-0208,2026-09-15T07:35:37Z,HR-WS-04,known application,trusted_internal,Known Publisher,benign
TRUST-0271,2026-09-15T07:37:48Z,HR-WS-04,known application,signed,Known Publisher,benign
TRUST-0102,2026-09-15T07:57:45Z,JUMP-01,known application,trusted_internal,Known Publisher,benign
TRUST-0367,2026-09-15T08:01:51Z,HR-WS-04,known application,trusted_internal,Known Publisher,benign
TRUST-0375,2026-09-15T08:17:45Z,FIN-WS-09,known application,signed,Known Publisher,benign
TRUST-0177,2026-09-15T08:20:47Z,MGMT-01,known application,signed,Known Publisher,benign
TRUST-0369,2026-09-15T08:39:03Z,ENG-WS-17,known application,signed,Known Publisher,benign
TRUST-0110,2026-09-15T08:50:10Z,JUMP-01,known application,signed,Known Publisher,benign
TRUST-0144,2026-09-15T08:54:40Z,MGMT-01,known application,signed,Known Publisher,benign
TRUST-0349,2026-09-15T09:15:20Z,ENG-WS-17,known application,trusted_internal,Known Publisher,benign
TRUST-0335,2026-09-15T09:20:05Z,FIN-WS-09,known application,trusted_internal,Known Publisher,benign
TRUST-0547,2026-09-15T09:26:08Z,HR-WS-04,known application,signed,Known Publisher,benign
TRUST-0191,2026-09-15T09:46:15Z,JUMP-01,known application,trusted_internal,Known Publisher,benign
TRUST-0305,2026-09-15T09:52:32Z,JUMP-01,known application,signed,Known Publisher,benign
TRUST-0304,2026-09-15T10:01:13Z,HR-WS-04,known application,trusted_internal,Known Publisher,benign
TRUST-0472,2026-09-15T10:27:54Z,ENG-WS-17,known application,trusted_internal,Known Publisher,benign
TRUST-0460,2026-09-15T10:36:24Z,HR-WS-04,known application,trusted_internal,Known Publisher,benign
TRUST-0320,2026-09-15T10:43:11Z,HR-WS-04,known application,signed,Known Publisher,benign
TRUST-0442,2026-09-15T10:48:36Z,ENG-WS-17,known application,trusted_internal,Known Publisher,benign
TRUST-0154,2026-09-15T11:07:11Z,JUMP-01,known application,trusted_internal,Known Publisher,benign
TRUST-0440,2026-09-15T11:20:45Z,JUMP-01,known application,signed,Known Publisher,benign
TRUST-0241,2026-09-15T11:23:31Z,JUMP-01,known application,signed,Known Publisher,benign
TRUST-0280,2026-09-15T11:28:04Z,FIN-WS-09,known application,signed,Known Publisher,benign
TRUST-0162,2026-09-15T11:35:02Z,DC-01,known application,signed,Known Publisher,benign
TRUST-0211,2026-09-15T12:02:43Z,FIN-WS-09,known application,trusted_internal,Known Publisher,benign
TRUST-0595,2026-09-15T12:04:52Z,FIN-WS-09,known application,signed,Known Publisher,benign
TRUST-0463,2026-09-15T12:21:46Z,ENG-WS-17,known application,signed,Known Publisher,benign
TRUST-0562,2026-09-15T12:24:06Z,HR-WS-04,known application,trusted_internal,Known Publisher,benign
TRUST-0465,2026-09-15T12:26:48Z,ENG-WS-17,known application,trusted_internal,Known Publisher,benign
TRUST-0119,2026-09-15T12:28:35Z,HR-WS-04,known application,trusted_internal,Known Publisher,benign
TRUST-0261,2026-09-15T12:38:04Z,FIN-WS-09,known application,trusted_internal,Known Publisher,benign
TRUST-0405,2026-09-15T12:39:43Z,FIN-WS-09,known application,signed,Known Publisher,benign
TRUST-0403,2026-09-15T13:02:18Z,DC-01,known application,signed,Known Publisher,benign
TRUST-0141,2026-09-15T13:17:30Z,MGMT-01,known application,signed,Known Publisher,benign
TRUST-0432,2026-09-15T13:17:30Z,FIN-WS-09,known application,trusted_internal,Known Publisher,benign
TRUST-0123,2026-09-15T13:26:16Z,ENG-WS-17,known application,signed,Known Publisher,benign
TRUST-0234,2026-09-15T13:27:50Z,FIN-WS-09,known application,signed,Known Publisher,benign
TRUST-0469,2026-09-15T13:33:02Z,MGMT-01,known application,trusted_internal,Known Publisher,benign
TRUST-0430,2026-09-15T13:34:13Z,MGMT-01,known application,signed,Known Publisher,benign
TRUST-0306,2026-09-15T13:48:21Z,JUMP-01,known application,trusted_internal,Known Publisher,benign
TRUST-0125,2026-09-15T14:26:28Z,HR-WS-04,known application,trusted_internal,Known Publisher,benign
TRUST-0593,2026-09-15T14:53:08Z,DC-01,known application,trusted_internal,Known Publisher,benign
TRUST-0299,2026-09-15T15:15:25Z,JUMP-01,known application,signed,Known Publisher,benign
TRUST-0168,2026-09-15T15:28:46Z,ENG-WS-17,known application,signed,Known Publisher,benign
TRUST-0307,2026-09-15T15:38:43Z,FIN-WS-09,known application,trusted_internal,Known Publisher,benign
TRUST-0346,2026-09-15T15:47:50Z,ENG-WS-17,known application,signed,Known Publisher,benign
TRUST-0309,2026-09-15T15:49:07Z,DC-01,known application,trusted_internal,Known Publisher,benign
TRUST-0157,2026-09-15T15:51:29Z,MGMT-01,known application,signed,Known Publisher,benign
TRUST-0488,2026-09-15T15:51:38Z,DC-01,known application,trusted_internal,Known Publisher,benign
TRUST-0385,2026-09-15T16:15:04Z,DC-01,known application,signed,Known Publisher,benign
TRUST-0481,2026-09-15T16:36:00Z,MGMT-01,known application,trusted_internal,Known Publisher,benign
TRUST-0494,2026-09-15T16:39:06Z,JUMP-01,known application,trusted_internal,Known Publisher,benign
TRUST-0404,2026-09-15T16:51:50Z,ENG-WS-17,known application,trusted_internal,Known Publisher,benign
TRUST-0531,2026-09-15T16:52:51Z,HR-WS-04,known application,signed,Known Publisher,benign
TRUST-0140,2026-09-15T16:53:42Z,ENG-WS-17,known application,signed,Known Publisher,benign
TRUST-0359,2026-09-15T17:09:52Z,HR-WS-04,known application,trusted_internal,Known Publisher,benign
TRUST-0122,2026-09-15T17:24:35Z,JUMP-01,known application,trusted_internal,Known Publisher,benign
TRUST-0293,2026-09-15T17:29:36Z,MGMT-01,known application,signed,Known Publisher,benign
TRUST-0158,2026-09-15T17:39:34Z,ENG-WS-17,known application,trusted_internal,Known Publisher,benign
TRUST-0263,2026-09-15T17:40:57Z,JUMP-01,known application,trusted_internal,Known Publisher,benign
TRUST-0393,2026-09-15T17:56:48Z,MGMT-01,known application,trusted_internal,Known Publisher,benign
TRUST-0174,2026-09-15T17:58:27Z,FIN-WS-09,known application,trusted_internal,Known Publisher,benign
TRUST-0165,2026-09-15T18:00:33Z,JUMP-01,known application,signed,Known Publisher,benign
TRUST-0438,2026-09-15T18:08:38Z,HR-WS-04,known application,trusted_internal,Known Publisher,benign
TRUST-0484,2026-09-15T18:10:18Z,DC-01,known application,trusted_internal,Known Publisher,benign
TRUST-0427,2026-09-15T18:13:38Z,ENG-WS-17,known application,trusted_internal,Known Publisher,benign
TRUST-0415,2026-09-15T18:30:35Z,HR-WS-04,known application,trusted_internal,Known Publisher,benign
TRUST-0468,2026-09-15T18:34:46Z,HR-WS-04,known application,trusted_internal,Known Publisher,benign
TRUST-0538,2026-09-15T18:44:13Z,DC-01,known application,trusted_internal,Known Publisher,benign
TRUST-0227,2026-09-15T19:01:45Z,MGMT-01,known application,signed,Known Publisher,benign
TRUST-0288,2026-09-15T19:16:26Z,ENG-WS-17,known application,trusted_internal,Known Publisher,benign
TRUST-0303,2026-09-15T19:17:36Z,JUMP-01,known application,signed,Known Publisher,benign
TRUST-0366,2026-09-15T19:17:47Z,DC-01,known application,trusted_internal,Known Publisher,benign
TRUST-0358,2026-09-15T19:24:43Z,DC-01,known application,signed,Known Publisher,benign
TRUST-0399,2026-09-15T19:46:16Z,HR-WS-04,known application,trusted_internal,Known Publisher,benign
TRUST-0503,2026-09-15T19:53:22Z,HR-WS-04,known application,signed,Known Publisher,benign
TRUST-0101,2026-09-15T20:07:50Z,ENG-WS-17,known application,signed,Known Publisher,benign
TRUST-0251,2026-09-15T20:21:59Z,MGMT-01,known application,trusted_internal,Known Publisher,benign
TRUST-0567,2026-09-15T20:38:31Z,MGMT-01,known application,trusted_internal,Known Publisher,benign
TRUST-0324,2026-09-15T20:47:46Z,HR-WS-04,known application,signed,Known Publisher,benign
TRUST-0205,2026-09-15T20:50:53Z,JUMP-01,known application,trusted_internal,Known Publisher,benign
TRUST-0397,2026-09-15T21:00:03Z,MGMT-01,known application,trusted_internal,Known Publisher,benign
TRUST-0153,2026-09-15T21:21:06Z,DC-01,known application,signed,Known Publisher,benign
TRUST-0577,2026-09-15T21:22:35Z,DC-01,known application,signed,Known Publisher,benign
TRUST-0273,2026-09-15T21:42:01Z,MGMT-01,known application,trusted_internal,Known Publisher,benign
TRUST-0326,2026-09-15T21:55:40Z,ENG-WS-17,known application,trusted_internal,Known Publisher,benign
TRUST-0559,2026-09-15T22:01:59Z,MGMT-01,known application,signed,Known Publisher,benign
TRUST-0344,2026-09-15T22:05:42Z,HR-WS-04,known application,trusted_internal,Known Publisher,benign
TRUST-0368,2026-09-15T22:17:59Z,ENG-WS-17,known application,trusted_internal,Known Publisher,benign
TRUST-0458,2026-09-15T22:20:29Z,FIN-WS-09,known application,signed,Known Publisher,benign
TRUST-0333,2026-09-15T22:23:46Z,MGMT-01,known application,signed,Known Publisher,benign
TRUST-0206,2026-09-15T22:40:40Z,HR-WS-04,known application,trusted_internal,Known Publisher,benign
TRUST-0289,2026-09-15T22:48:19Z,DC-01,known application,trusted_internal,Known Publisher,benign
TRUST-0516,2026-09-15T23:12:14Z,JUMP-01,known application,trusted_internal,Known Publisher,benign
TRUST-0142,2026-09-15T23:28:08Z,ENG-WS-17,known application,signed,Known Publisher,benign
TRUST-0334,2026-09-15T23:44:57Z,DC-01,known application,trusted_internal,Known Publisher,benign
TRUST-0447,2026-09-15T23:51:06Z,MGMT-01,known application,trusted_internal,Known Publisher,benign
TRUST-0454,2026-09-15T23:57:08Z,JUMP-01,known application,signed,Known Publisher,benign
TRUST-0479,2026-09-16T00:02:00Z,MGMT-01,known application,signed,Known Publisher,benign
TRUST-0292,2026-09-16T00:03:13Z,HR-WS-04,known application,trusted_internal,Known Publisher,benign
TRUST-0414,2026-09-16T00:33:34Z,HR-WS-04,known application,signed,Known Publisher,benign
TRUST-0443,2026-09-16T00:35:56Z,JUMP-01,known application,signed,Known Publisher,benign
TRUST-0226,2026-09-16T00:58:23Z,FIN-WS-09,known application,trusted_internal,Known Publisher,benign
TRUST-0401,2026-09-16T01:01:54Z,DC-01,known application,signed,Known Publisher,benign
TRUST-0389,2026-09-16T01:03:06Z,ENG-WS-17,known application,trusted_internal,Known Publisher,benign
TRUST-0317,2026-09-16T01:03:16Z,MGMT-01,known application,signed,Known Publisher,benign
TRUST-0264,2026-09-16T01:31:00Z,FIN-WS-09,known application,trusted_internal,Known Publisher,benign
TRUST-0348,2026-09-16T01:32:19Z,JUMP-01,known application,signed,Known Publisher,benign
TRUST-0193,2026-09-16T02:21:11Z,DC-01,known application,trusted_internal,Known Publisher,benign
TRUST-0556,2026-09-16T02:27:27Z,DC-01,known application,signed,Known Publisher,benign
TRUST-0431,2026-09-16T02:55:35Z,FIN-WS-09,known application,signed,Known Publisher,benign
TRUST-0392,2026-09-16T02:57:00Z,HR-WS-04,known application,signed,Known Publisher,benign
TRUST-0117,2026-09-16T02:57:22Z,MGMT-01,known application,trusted_internal,Known Publisher,benign
TRUST-0308,2026-09-16T03:05:06Z,ENG-WS-17,known application,signed,Known Publisher,benign
TRUST-0212,2026-09-16T03:06:43Z,HR-WS-04,known application,signed,Known Publisher,benign
TRUST-0396,2026-09-16T03:10:12Z,JUMP-01,known application,trusted_internal,Known Publisher,benign
TRUST-0298,2026-09-16T03:18:18Z,MGMT-01,known application,trusted_internal,Known Publisher,benign
TRUST-0228,2026-09-16T03:22:40Z,ENG-WS-17,known application,signed,Known Publisher,benign
TRUST-0243,2026-09-16T03:26:28Z,DC-01,known application,signed,Known Publisher,benign
TRUST-0459,2026-09-16T03:27:41Z,MGMT-01,known application,signed,Known Publisher,benign
TRUST-0149,2026-09-16T03:40:40Z,FIN-WS-09,known application,trusted_internal,Known Publisher,benign
TRUST-0152,2026-09-16T03:44:18Z,JUMP-01,known application,signed,Known Publisher,benign
TRUST-0314,2026-09-16T03:46:12Z,HR-WS-04,known application,trusted_internal,Known Publisher,benign
TRUST-0543,2026-09-16T03:51:16Z,ENG-WS-17,known application,signed,Known Publisher,benign
TRUST-0274,2026-09-16T04:14:58Z,FIN-WS-09,known application,trusted_internal,Known Publisher,benign
TRUST-0223,2026-09-16T04:20:53Z,MGMT-01,known application,signed,Known Publisher,benign
TRUST-0239,2026-09-16T04:21:20Z,JUMP-01,known application,signed,Known Publisher,benign
TRUST-0318,2026-09-16T04:58:35Z,HR-WS-04,known application,signed,Known Publisher,benign
TRUST-0114,2026-09-16T05:08:37Z,JUMP-01,known application,signed,Known Publisher,benign
TRUST-0219,2026-09-16T05:10:55Z,MGMT-01,known application,signed,Known Publisher,benign
TRUST-0301,2026-09-16T05:12:58Z,MGMT-01,known application,signed,Known Publisher,benign
TRUST-0508,2026-09-16T05:14:54Z,HR-WS-04,known application,trusted_internal,Known Publisher,benign
TRUST-0433,2026-09-16T05:18:35Z,DC-01,known application,signed,Known Publisher,benign
TRUST-0507,2026-09-16T05:22:22Z,MGMT-01,known application,trusted_internal,Known Publisher,benign
TRUST-0436,2026-09-16T05:27:17Z,MGMT-01,known application,signed,Known Publisher,benign
TRUST-0150,2026-09-16T05:33:58Z,MGMT-01,known application,signed,Known Publisher,benign
TRUST-0235,2026-09-16T06:03:50Z,MGMT-01,known application,trusted_internal,Known Publisher,benign
TRUST-0420,2026-09-16T06:05:07Z,MGMT-01,known application,trusted_internal,Known Publisher,benign
TRUST-0536,2026-09-16T06:17:00Z,DC-01,known application,signed,Known Publisher,benign
TRUST-0435,2026-09-16T06:22:37Z,ENG-WS-17,known application,trusted_internal,Known Publisher,benign
TRUST-0354,2026-09-16T06:24:34Z,FIN-WS-09,known application,signed,Known Publisher,benign
TRUST-0190,2026-09-16T06:28:46Z,JUMP-01,known application,trusted_internal,Known Publisher,benign
TRUST-0357,2026-09-16T06:31:59Z,HR-WS-04,known application,trusted_internal,Known Publisher,benign
TRUST-0115,2026-09-16T06:37:40Z,FIN-WS-09,known application,trusted_internal,Known Publisher,benign
TRUST-0533,2026-09-16T06:50:15Z,FIN-WS-09,known application,trusted_internal,Known Publisher,benign
TRUST-0170,2026-09-16T06:59:21Z,MGMT-01,known application,signed,Known Publisher,benign
TRUST-0391,2026-09-16T07:21:15Z,MGMT-01,known application,signed,Known Publisher,benign
TRUST-0557,2026-09-16T07:26:52Z,DC-01,known application,trusted_internal,Known Publisher,benign
TRUST-0331,2026-09-16T08:06:35Z,DC-01,known application,trusted_internal,Known Publisher,benign
TRUST-0257,2026-09-16T08:14:09Z,JUMP-01,known application,signed,Known Publisher,benign
TRUST-0341,2026-09-16T08:16:50Z,MGMT-01,known application,trusted_internal,Known Publisher,benign
TRUST-0360,2026-09-16T08:20:03Z,ENG-WS-17,known application,trusted_internal,Known Publisher,benign
TRUST-0473,2026-09-16T08:23:13Z,ENG-WS-17,known application,trusted_internal,Known Publisher,benign
TRUST-0185,2026-09-16T08:30:58Z,MGMT-01,known application,trusted_internal,Known Publisher,benign
TRUST-0294,2026-09-16T08:45:20Z,FIN-WS-09,known application,signed,Known Publisher,benign
TRUST-0475,2026-09-16T08:47:37Z,ENG-WS-17,known application,signed,Known Publisher,benign
TRUST-0429,2026-09-16T08:55:16Z,MGMT-01,known application,trusted_internal,Known Publisher,benign
TRUST-0135,2026-09-16T09:35:28Z,ENG-WS-17,known application,signed,Known Publisher,benign
TRUST-0424,2026-09-16T09:58:46Z,DC-01,known application,trusted_internal,Known Publisher,benign
TRUST-0565,2026-09-16T10:02:48Z,JUMP-01,known application,trusted_internal,Known Publisher,benign
TRUST-0594,2026-09-16T10:10:08Z,ENG-WS-17,known application,trusted_internal,Known Publisher,benign
TRUST-0188,2026-09-16T10:12:01Z,MGMT-01,known application,signed,Known Publisher,benign
TRUST-0545,2026-09-16T10:14:28Z,DC-01,known application,trusted_internal,Known Publisher,benign
TRUST-0113,2026-09-16T10:17:07Z,MGMT-01,known application,signed,Known Publisher,benign
TRUST-0111,2026-09-16T10:19:19Z,ENG-WS-17,known application,signed,Known Publisher,benign
TRUST-0283,2026-09-16T10:35:36Z,DC-01,known application,signed,Known Publisher,benign
TRUST-0356,2026-09-16T11:00:24Z,HR-WS-04,known application,trusted_internal,Known Publisher,benign
TRUST-0310,2026-09-16T11:14:31Z,ENG-WS-17,known application,trusted_internal,Known Publisher,benign
TRUST-0477,2026-09-16T11:28:02Z,HR-WS-04,known application,signed,Known Publisher,benign
TRUST-0155,2026-09-16T11:36:20Z,FIN-WS-09,known application,trusted_internal,Known Publisher,benign
TRUST-0383,2026-09-16T11:37:44Z,JUMP-01,known application,signed,Known Publisher,benign
TRUST-0229,2026-09-16T11:50:26Z,FIN-WS-09,known application,trusted_internal,Known Publisher,benign
TRUST-0222,2026-09-16T11:50:39Z,MGMT-01,known application,signed,Known Publisher,benign
TRUST-0231,2026-09-16T12:00:55Z,HR-WS-04,known application,signed,Known Publisher,benign
TRUST-0121,2026-09-16T12:06:26Z,ENG-WS-17,known application,signed,Known Publisher,benign
TRUST-0269,2026-09-16T12:11:27Z,ENG-WS-17,known application,trusted_internal,Known Publisher,benign
TRUST-0563,2026-09-16T12:33:25Z,JUMP-01,known application,signed,Known Publisher,benign
TRUST-0196,2026-09-16T12:52:35Z,DC-01,known application,trusted_internal,Known Publisher,benign
TRUST-0550,2026-09-16T13:23:33Z,ENG-WS-17,known application,signed,Known Publisher,benign
TRUST-0387,2026-09-16T13:29:54Z,FIN-WS-09,known application,trusted_internal,Known Publisher,benign
TRUST-0417,2026-09-16T13:34:49Z,ENG-WS-17,known application,trusted_internal,Known Publisher,benign
TRUST-0336,2026-09-16T13:35:22Z,ENG-WS-17,known application,trusted_internal,Known Publisher,benign
TRUST-0148,2026-09-16T13:40:20Z,MGMT-01,known application,signed,Known Publisher,benign
TRUST-0120,2026-09-16T13:43:01Z,FIN-WS-09,known application,signed,Known Publisher,benign
TRUST-0449,2026-09-16T13:45:33Z,DC-01,known application,trusted_internal,Known Publisher,benign
TRUST-0100,2026-09-16T13:48:51Z,FIN-WS-09,known application,signed,Known Publisher,benign
TRUST-0255,2026-09-16T13:55:55Z,JUMP-01,known application,trusted_internal,Known Publisher,benign
TRUST-0147,2026-09-16T14:01:00Z,ENG-WS-17,known application,trusted_internal,Known Publisher,benign
TRUST-0591,2026-09-16T14:19:09Z,DC-01,known application,signed,Known Publisher,benign
TRUST-0410,2026-09-16T14:22:46Z,DC-01,known application,signed,Known Publisher,benign
TRUST-0501,2026-09-16T15:06:23Z,HR-WS-04,known application,trusted_internal,Known Publisher,benign
TRUST-0570,2026-09-16T15:09:26Z,JUMP-01,known application,signed,Known Publisher,benign
TRUST-0448,2026-09-16T15:10:44Z,MGMT-01,known application,signed,Known Publisher,benign
TRUST-0270,2026-09-16T15:14:15Z,HR-WS-04,known application,signed,Known Publisher,benign
TRUST-0267,2026-09-16T15:30:13Z,FIN-WS-09,known application,signed,Known Publisher,benign
TRUST-0497,2026-09-16T15:32:52Z,JUMP-01,known application,signed,Known Publisher,benign
TRUST-0579,2026-09-16T15:36:36Z,HR-WS-04,known application,trusted_internal,Known Publisher,benign
TRUST-0245,2026-09-16T15:41:56Z,MGMT-01,known application,signed,Known Publisher,benign
TRUST-0530,2026-09-16T15:43:15Z,FIN-WS-09,known application,signed,Known Publisher,benign
TRUST-0513,2026-09-16T15:59:46Z,HR-WS-04,known application,trusted_internal,Known Publisher,benign
TRUST-0281,2026-09-16T16:09:58Z,MGMT-01,known application,signed,Known Publisher,benign
TRUST-0105,2026-09-16T16:22:42Z,MGMT-01,known application,trusted_internal,Known Publisher,benign
TRUST-0146,2026-09-16T16:32:47Z,FIN-WS-09,known application,signed,Known Publisher,benign
TRUST-0161,2026-09-16T16:40:36Z,MGMT-01,known application,signed,Known Publisher,benign
TRUST-0247,2026-09-16T16:56:59Z,DC-01,known application,trusted_internal,Known Publisher,benign
TRUST-0493,2026-09-16T17:00:27Z,HR-WS-04,known application,signed,Known Publisher,benign
TRUST-0583,2026-09-16T17:02:58Z,JUMP-01,known application,signed,Known Publisher,benign
TRUST-0539,2026-09-16T17:17:16Z,ENG-WS-17,known application,signed,Known Publisher,benign
TRUST-0201,2026-09-16T17:23:05Z,ENG-WS-17,known application,trusted_internal,Known Publisher,benign
TRUST-0566,2026-09-16T17:29:20Z,JUMP-01,known application,trusted_internal,Known Publisher,benign
TRUST-0379,2026-09-16T17:47:06Z,MGMT-01,known application,signed,Known Publisher,benign
TRUST-0408,2026-09-16T18:02:02Z,HR-WS-04,known application,signed,Known Publisher,benign
TRUST-0444,2026-09-16T18:20:47Z,FIN-WS-09,known application,signed,Known Publisher,benign
TRUST-0491,2026-09-16T18:23:17Z,ENG-WS-17,known application,signed,Known Publisher,benign
TRUST-0329,2026-09-16T18:26:13Z,MGMT-01,known application,trusted_internal,Known Publisher,benign
TRUST-0224,2026-09-16T18:28:34Z,JUMP-01,known application,signed,Known Publisher,benign
TRUST-0300,2026-09-16T18:42:01Z,JUMP-01,known application,signed,Known Publisher,benign
TRUST-0532,2026-09-16T18:47:52Z,MGMT-01,known application,trusted_internal,Known Publisher,benign
TRUST-0230,2026-09-16T18:48:37Z,FIN-WS-09,known application,trusted_internal,Known Publisher,benign
TRUST-0129,2026-09-16T19:12:20Z,ENG-WS-17,known application,trusted_internal,Known Publisher,benign
TRUST-0549,2026-09-16T19:34:49Z,MGMT-01,known application,signed,Known Publisher,benign
TRUST-0210,2026-09-16T19:35:50Z,ENG-WS-17,known application,signed,Known Publisher,benign
TRUST-0302,2026-09-16T19:48:57Z,FIN-WS-09,known application,signed,Known Publisher,benign
TRUST-0312,2026-09-16T19:49:18Z,MGMT-01,known application,signed,Known Publisher,benign
TRUST-0291,2026-09-16T19:56:42Z,ENG-WS-17,known application,signed,Known Publisher,benign
TRUST-0544,2026-09-16T20:11:16Z,HR-WS-04,known application,trusted_internal,Known Publisher,benign
TRUST-0262,2026-09-16T20:28:17Z,HR-WS-04,known application,trusted_internal,Known Publisher,benign
TRUST-0499,2026-09-16T20:31:49Z,FIN-WS-09,known application,signed,Known Publisher,benign
TRUST-0407,2026-09-16T20:35:41Z,DC-01,known application,trusted_internal,Known Publisher,benign
TRUST-0377,2026-09-16T20:38:50Z,HR-WS-04,known application,trusted_internal,Known Publisher,benign
TRUST-0585,2026-09-16T20:51:36Z,DC-01,known application,trusted_internal,Known Publisher,benign
TRUST-0175,2026-09-16T20:54:56Z,HR-WS-04,known application,trusted_internal,Known Publisher,benign
TRUST-0582,2026-09-16T20:55:24Z,MGMT-01,known application,signed,Known Publisher,benign
TRUST-0133,2026-09-16T21:09:50Z,HR-WS-04,known application,signed,Known Publisher,benign
TRUST-0163,2026-09-16T21:14:36Z,JUMP-01,known application,trusted_internal,Known Publisher,benign
TRUST-0290,2026-09-16T21:16:26Z,JUMP-01,known application,signed,Known Publisher,benign
TRUST-0416,2026-09-16T21:23:09Z,JUMP-01,known application,trusted_internal,Known Publisher,benign
TRUST-0456,2026-09-16T21:32:08Z,DC-01,known application,signed,Known Publisher,benign
TRUST-0365,2026-09-16T21:33:36Z,JUMP-01,known application,trusted_internal,Known Publisher,benign
TRUST-0340,2026-09-16T21:35:05Z,JUMP-01,known application,trusted_internal,Known Publisher,benign
TRUST-0558,2026-09-16T21:49:58Z,DC-01,known application,trusted_internal,Known Publisher,benign
TRUST-0225,2026-09-16T21:51:41Z,HR-WS-04,known application,signed,Known Publisher,benign
TRUST-0467,2026-09-16T21:52:50Z,HR-WS-04,known application,trusted_internal,Known Publisher,benign
TRUST-0285,2026-09-16T22:04:34Z,FIN-WS-09,known application,signed,Known Publisher,benign
TRUST-0339,2026-09-16T22:24:51Z,JUMP-01,known application,signed,Known Publisher,benign
TRUST-0496,2026-09-16T22:51:44Z,HR-WS-04,known application,trusted_internal,Known Publisher,benign
TRUST-0345,2026-09-16T22:53:04Z,HR-WS-04,known application,signed,Known Publisher,benign
TRUST-0489,2026-09-16T22:58:18Z,JUMP-01,known application,signed,Known Publisher,benign
TRUST-0236,2026-09-16T23:01:44Z,DC-01,known application,trusted_internal,Known Publisher,benign
TRUST-0524,2026-09-16T23:15:24Z,MGMT-01,known application,trusted_internal,Known Publisher,benign
TRUST-0167,2026-09-16T23:22:42Z,FIN-WS-09,known application,signed,Known Publisher,benign
TRUST-0402,2026-09-16T23:56:46Z,ENG-WS-17,known application,trusted_internal,Known Publisher,benign
TRUST-0207,2026-09-17T00:01:15Z,DC-01,known application,signed,Known Publisher,benign
TRUST-0259,2026-09-17T00:07:27Z,ENG-WS-17,known application,trusted_internal,Known Publisher,benign
TRUST-0250,2026-09-17T00:09:25Z,JUMP-01,known application,signed,Known Publisher,benign
TRUST-0400,2026-09-17T00:17:09Z,HR-WS-04,known application,trusted_internal,Known Publisher,benign
TRUST-0350,2026-09-17T00:22:46Z,ENG-WS-17,known application,signed,Known Publisher,benign
TRUST-0523,2026-09-17T00:28:02Z,DC-01,known application,trusted_internal,Known Publisher,benign
TRUST-0560,2026-09-17T01:07:24Z,JUMP-01,known application,trusted_internal,Known Publisher,benign
TRUST-0195,2026-09-17T01:09:22Z,JUMP-01,known application,signed,Known Publisher,benign
TRUST-0266,2026-09-17T01:14:54Z,ENG-WS-17,known application,trusted_internal,Known Publisher,benign
TRUST-0323,2026-09-17T01:15:05Z,FIN-WS-09,known application,signed,Known Publisher,benign
TRUST-0434,2026-09-17T01:29:39Z,MGMT-01,known application,signed,Known Publisher,benign
TRUST-0382,2026-09-17T01:30:52Z,MGMT-01,known application,trusted_internal,Known Publisher,benign
TRUST-0197,2026-09-17T01:37:04Z,JUMP-01,known application,signed,Known Publisher,benign
TRUST-0342,2026-09-17T01:46:01Z,ENG-WS-17,known application,trusted_internal,Known Publisher,benign
TRUST-0166,2026-09-17T02:02:51Z,HR-WS-04,known application,trusted_internal,Known Publisher,benign
TRUST-0370,2026-09-17T03:00:13Z,FIN-WS-09,known application,trusted_internal,Known Publisher,benign
TRUST-0328,2026-09-17T03:01:45Z,HR-WS-04,known application,trusted_internal,Known Publisher,benign
TRUST-0160,2026-09-17T03:03:30Z,MGMT-01,known application,signed,Known Publisher,benign
TRUST-0578,2026-09-17T03:06:34Z,HR-WS-04,known application,signed,Known Publisher,benign
TRUST-0134,2026-09-17T03:19:54Z,MGMT-01,known application,signed,Known Publisher,benign
TRUST-0232,2026-09-17T03:38:39Z,DC-01,known application,trusted_internal,Known Publisher,benign
TRUST-0179,2026-09-17T03:39:00Z,JUMP-01,known application,signed,Known Publisher,benign
TRUST-0542,2026-09-17T03:45:48Z,ENG-WS-17,known application,signed,Known Publisher,benign
TRUST-0128,2026-09-17T03:49:55Z,JUMP-01,known application,signed,Known Publisher,benign
TRUST-0398,2026-09-17T03:50:45Z,JUMP-01,known application,signed,Known Publisher,benign
TRUST-0187,2026-09-17T03:56:01Z,JUMP-01,known application,signed,Known Publisher,benign
TRUST-0275,2026-09-17T04:22:43Z,DC-01,known application,trusted_internal,Known Publisher,benign
TRUST-0478,2026-09-17T04:32:45Z,ENG-WS-17,known application,signed,Known Publisher,benign
TRUST-0421,2026-09-17T04:33:19Z,FIN-WS-09,known application,signed,Known Publisher,benign
TRUST-0278,2026-09-17T04:36:41Z,ENG-WS-17,known application,signed,Known Publisher,benign
TRUST-0573,2026-09-17T04:39:34Z,MGMT-01,known application,trusted_internal,Known Publisher,benign
TRUST-0330,2026-09-17T05:14:53Z,DC-01,known application,signed,Known Publisher,benign
TRUST-0337,2026-09-17T05:31:30Z,FIN-WS-09,known application,signed,Known Publisher,benign
TRUST-0107,2026-09-17T05:48:27Z,DC-01,known application,trusted_internal,Known Publisher,benign
TRUST-0108,2026-09-17T05:50:50Z,JUMP-01,known application,trusted_internal,Known Publisher,benign
TRUST-0413,2026-09-17T06:02:33Z,MGMT-01,known application,trusted_internal,Known Publisher,benign
TRUST-0395,2026-09-17T06:24:33Z,MGMT-01,known application,signed,Known Publisher,benign
TRUST-0541,2026-09-17T06:51:08Z,MGMT-01,known application,trusted_internal,Known Publisher,benign
TRUST-0521,2026-09-17T06:52:14Z,MGMT-01,known application,trusted_internal,Known Publisher,benign
TRUST-0482,2026-09-17T06:57:06Z,MGMT-01,known application,signed,Known Publisher,benign
TRUST-0520,2026-09-17T07:19:55Z,FIN-WS-09,known application,trusted_internal,Known Publisher,benign
TRUST-0103,2026-09-17T07:22:12Z,MGMT-01,known application,trusted_internal,Known Publisher,benign
TRUST-0588,2026-09-17T07:27:10Z,FIN-WS-09,known application,signed,Known Publisher,benign
TRUST-0381,2026-09-17T07:28:12Z,JUMP-01,known application,trusted_internal,Known Publisher,benign
TRUST-0537,2026-09-17T07:49:15Z,ENG-WS-17,known application,signed,Known Publisher,benign
TRUST-0194,2026-09-17T08:00:25Z,MGMT-01,known application,trusted_internal,Known Publisher,benign
TRUST-0183,2026-09-17T08:37:54Z,JUMP-01,known application,signed,Known Publisher,benign
TRUST-0457,2026-09-17T09:18:33Z,ENG-WS-17,known application,trusted_internal,Known Publisher,benign
TRUST-0394,2026-09-17T09:32:31Z,FIN-WS-09,known application,trusted_internal,Known Publisher,benign
TRUST-0461,2026-09-17T09:42:32Z,DC-01,known application,signed,Known Publisher,benign
TRUST-0112,2026-09-17T09:49:36Z,ENG-WS-17,known application,signed,Known Publisher,benign
TRUST-0471,2026-09-17T10:07:02Z,MGMT-01,known application,signed,Known Publisher,benign
TRUST-0118,2026-09-17T10:08:44Z,MGMT-01,known application,signed,Known Publisher,benign
TRUST-0474,2026-09-17T10:27:35Z,JUMP-01,known application,signed,Known Publisher,benign
TRUST-0203,2026-09-17T10:32:05Z,FIN-WS-09,known application,trusted_internal,Known Publisher,benign
TRUST-0390,2026-09-17T10:33:09Z,ENG-WS-17,known application,trusted_internal,Known Publisher,benign
TRUST-0106,2026-09-17T11:17:45Z,HR-WS-04,known application,signed,Known Publisher,benign
TRUST-0371,2026-09-17T11:46:06Z,HR-WS-04,known application,trusted_internal,Known Publisher,benign
TRUST-0486,2026-09-17T12:16:24Z,ENG-WS-17,known application,signed,Known Publisher,benign
TRUST-0240,2026-09-17T12:35:47Z,FIN-WS-09,known application,signed,Known Publisher,benign
TRUST-0192,2026-09-17T12:49:16Z,MGMT-01,known application,signed,Known Publisher,benign
TRUST-0325,2026-09-17T13:08:15Z,MGMT-01,known application,trusted_internal,Known Publisher,benign
TRUST-0353,2026-09-17T13:21:44Z,JUMP-01,known application,signed,Known Publisher,benign
TRUST-0286,2026-09-17T13:38:40Z,DC-01,known application,signed,Known Publisher,benign
TRUST-0151,2026-09-17T13:38:58Z,ENG-WS-17,known application,trusted_internal,Known Publisher,benign
TRUST-0332,2026-09-17T13:40:38Z,FIN-WS-09,known application,trusted_internal,Known Publisher,benign
TRUST-0373,2026-09-17T13:49:37Z,MGMT-01,known application,signed,Known Publisher,benign
TRUST-0252,2026-09-17T13:56:34Z,JUMP-01,known application,signed,Known Publisher,benign
TRUST-0220,2026-09-17T14:35:22Z,MGMT-01,known application,trusted_internal,Known Publisher,benign
TRUST-0480,2026-09-17T14:36:26Z,JUMP-01,known application,signed,Known Publisher,benign
TRUST-0376,2026-09-17T14:38:16Z,MGMT-01,known application,signed,Known Publisher,benign
TRUST-0272,2026-09-17T15:03:15Z,FIN-WS-09,known application,trusted_internal,Known Publisher,benign
TRUST-0242,2026-09-17T15:05:59Z,FIN-WS-09,known application,trusted_internal,Known Publisher,benign
TRUST-0169,2026-09-17T15:09:36Z,MGMT-01,known application,trusted_internal,Known Publisher,benign
TRUST-0287,2026-09-17T15:12:53Z,JUMP-01,known application,trusted_internal,Known Publisher,benign
TRUST-0374,2026-09-17T15:36:00Z,HR-WS-04,known application,trusted_internal,Known Publisher,benign
TRUST-0215,2026-09-17T15:40:37Z,HR-WS-04,known application,signed,Known Publisher,benign
TRUST-0244,2026-09-17T16:08:06Z,ENG-WS-17,known application,signed,Known Publisher,benign
TRUST-0282,2026-09-17T16:14:41Z,JUMP-01,known application,trusted_internal,Known Publisher,benign
TRUST-0204,2026-09-17T16:29:43Z,MGMT-01,known application,trusted_internal,Known Publisher,benign
TRUST-0361,2026-09-17T16:34:56Z,FIN-WS-09,known application,trusted_internal,Known Publisher,benign
TRUST-0554,2026-09-17T16:35:54Z,FIN-WS-09,known application,trusted_internal,Known Publisher,benign
TRUST-0412,2026-09-17T16:39:18Z,JUMP-01,known application,signed,Known Publisher,benign
TRUST-0221,2026-09-17T16:51:50Z,JUMP-01,known application,trusted_internal,Known Publisher,benign
TRUST-0268,2026-09-17T16:53:23Z,ENG-WS-17,known application,trusted_internal,Known Publisher,benign
TRUST-0483,2026-09-17T16:58:26Z,FIN-WS-09,known application,signed,Known Publisher,benign
TRUST-0233,2026-09-17T17:16:47Z,ENG-WS-17,known application,trusted_internal,Known Publisher,benign
TRUST-0295,2026-09-17T17:19:14Z,DC-01,known application,signed,Known Publisher,benign
TRUST-0138,2026-09-17T17:21:37Z,MGMT-01,known application,trusted_internal,Known Publisher,benign
TRUST-0218,2026-09-17T17:25:40Z,JUMP-01,known application,trusted_internal,Known Publisher,benign
TRUST-0386,2026-09-17T17:25:58Z,DC-01,known application,trusted_internal,Known Publisher,benign
TRUST-0519,2026-09-17T17:27:04Z,HR-WS-04,known application,trusted_internal,Known Publisher,benign
TRUST-0198,2026-09-17T17:46:51Z,MGMT-01,known application,trusted_internal,Known Publisher,benign
TRUST-0363,2026-09-17T17:55:13Z,FIN-WS-09,known application,trusted_internal,Known Publisher,benign
TRUST-0164,2026-09-17T18:05:34Z,DC-01,known application,signed,Known Publisher,benign
TRUST-0181,2026-09-17T18:16:10Z,MGMT-01,known application,signed,Known Publisher,benign
TRUST-0575,2026-09-17T18:26:32Z,ENG-WS-17,known application,signed,Known Publisher,benign
TRUST-0127,2026-09-17T18:28:29Z,MGMT-01,known application,trusted_internal,Known Publisher,benign
TRUST-0180,2026-09-17T18:42:33Z,FIN-WS-09,known application,trusted_internal,Known Publisher,benign
TRUST-0254,2026-09-17T19:17:56Z,DC-01,known application,trusted_internal,Known Publisher,benign
TRUST-0455,2026-09-17T19:46:26Z,DC-01,known application,trusted_internal,Known Publisher,benign
TRUST-0182,2026-09-17T19:48:29Z,MGMT-01,known application,trusted_internal,Known Publisher,benign
TRUST-0202,2026-09-17T19:52:47Z,JUMP-01,known application,signed,Known Publisher,benign
TRUST-0131,2026-09-17T20:02:16Z,JUMP-01,known application,trusted_internal,Known Publisher,benign
TRUST-0490,2026-09-17T20:28:24Z,MGMT-01,known application,trusted_internal,Known Publisher,benign
TRUST-0238,2026-09-17T20:35:26Z,HR-WS-04,known application,signed,Known Publisher,benign
TRUST-0130,2026-09-17T20:35:44Z,HR-WS-04,known application,trusted_internal,Known Publisher,benign
TRUST-0535,2026-09-17T20:58:13Z,MGMT-01,known application,trusted_internal,Known Publisher,benign
TRUST-0446,2026-09-17T21:00:33Z,JUMP-01,known application,trusted_internal,Known Publisher,benign
TRUST-0423,2026-09-17T21:02:13Z,FIN-WS-09,known application,trusted_internal,Known Publisher,benign
TRUST-0584,2026-09-17T21:39:24Z,MGMT-01,known application,trusted_internal,Known Publisher,benign
TRUST-0132,2026-09-17T22:03:48Z,FIN-WS-09,known application,trusted_internal,Known Publisher,benign
TRUST-0422,2026-09-17T22:21:55Z,HR-WS-04,known application,signed,Known Publisher,benign
TRUST-0189,2026-09-17T22:27:17Z,DC-01,known application,trusted_internal,Known Publisher,benign
TRUST-0581,2026-09-17T22:35:16Z,HR-WS-04,known application,signed,Known Publisher,benign
TRUST-0564,2026-09-17T22:44:34Z,HR-WS-04,known application,trusted_internal,Known Publisher,benign
TRUST-0500,2026-09-17T22:45:29Z,JUMP-01,known application,trusted_internal,Known Publisher,benign
TRUST-0495,2026-09-17T23:07:24Z,HR-WS-04,known application,trusted_internal,Known Publisher,benign
TRUST-0437,2026-09-17T23:30:54Z,JUMP-01,known application,trusted_internal,Known Publisher,benign
TRUST-0143,2026-09-17T23:52:28Z,FIN-WS-09,known application,trusted_internal,Known Publisher,benign
TRUST-0338,2026-09-18T01:45:22Z,MGMT-01,known application,signed,Known Publisher,benign
TRUST-0529,2026-09-18T01:49:40Z,JUMP-01,known application,trusted_internal,Known Publisher,benign
TRUST-0487,2026-09-18T01:53:38Z,MGMT-01,known application,signed,Known Publisher,benign
TRUST-0277,2026-09-18T02:17:59Z,MGMT-01,known application,signed,Known Publisher,benign
TRUST-0351,2026-09-18T02:26:18Z,FIN-WS-09,known application,trusted_internal,Known Publisher,benign
TRUST-0553,2026-09-18T02:33:53Z,MGMT-01,known application,signed,Known Publisher,benign
TRUST-0246,2026-09-18T02:45:06Z,ENG-WS-17,known application,signed,Known Publisher,benign
TRUST-0452,2026-09-18T02:48:13Z,ENG-WS-17,known application,signed,Known Publisher,benign
TRUST-0184,2026-09-18T02:52:21Z,FIN-WS-09,known application,trusted_internal,Known Publisher,benign
TRUST-0512,2026-09-18T03:03:53Z,JUMP-01,known application,signed,Known Publisher,benign
TRUST-0297,2026-09-18T03:04:16Z,HR-WS-04,known application,signed,Known Publisher,benign
TRUST-0534,2026-09-18T03:04:59Z,JUMP-01,known application,trusted_internal,Known Publisher,benign
TRUST-0126,2026-09-18T03:06:36Z,ENG-WS-17,known application,trusted_internal,Known Publisher,benign
TRUST-0525,2026-09-18T03:07:30Z,MGMT-01,known application,trusted_internal,Known Publisher,benign
TRUST-0561,2026-09-18T03:18:17Z,ENG-WS-17,known application,trusted_internal,Known Publisher,benign
TRUST-0256,2026-09-18T03:29:15Z,ENG-WS-17,known application,trusted_internal,Known Publisher,benign
TRUST-0551,2026-09-18T03:38:15Z,MGMT-01,known application,trusted_internal,Known Publisher,benign
TRUST-0249,2026-09-18T03:55:22Z,HR-WS-04,known application,trusted_internal,Known Publisher,benign
TRUST-0586,2026-09-18T03:58:59Z,HR-WS-04,known application,trusted_internal,Known Publisher,benign
TRUST-0569,2026-09-18T04:17:20Z,JUMP-01,known application,signed,Known Publisher,benign
TRUST-0419,2026-09-18T04:21:42Z,JUMP-01,known application,signed,Known Publisher,benign
TRUST-0322,2026-09-18T04:32:07Z,FIN-WS-09,known application,trusted_internal,Known Publisher,benign
TRUST-0426,2026-09-18T05:33:31Z,HR-WS-04,known application,trusted_internal,Known Publisher,benign
TRUST-0574,2026-09-18T05:40:25Z,JUMP-01,known application,signed,Known Publisher,benign
TRUST-0506,2026-09-18T05:59:19Z,HR-WS-04,known application,trusted_internal,Known Publisher,benign
TRUST-0313,2026-09-18T06:12:10Z,JUMP-01,known application,signed,Known Publisher,benign
TRUST-0265,2026-09-18T06:34:58Z,FIN-WS-09,known application,signed,Known Publisher,benign
TRUST-0411,2026-09-18T08:35:20Z,JUMP-01,known application,trusted_internal,Known Publisher,benign
TRUST-0352,2026-09-18T08:39:52Z,FIN-WS-09,known application,signed,Known Publisher,benign
TRUST-0498,2026-09-18T08:41:54Z,FIN-WS-09,known application,signed,Known Publisher,benign
TRUST-0502,2026-09-18T08:51:19Z,MGMT-01,known application,signed,Known Publisher,benign
TRUST-0214,2026-09-18T09:02:21Z,ENG-WS-17,known application,signed,Known Publisher,benign
TRUST-0504,2026-09-18T09:04:49Z,DC-01,known application,trusted_internal,Known Publisher,benign
TRUST-0216,2026-09-18T09:35:46Z,MGMT-01,known application,signed,Known Publisher,benign
TRUST-0159,2026-09-18T09:56:16Z,MGMT-01,known application,signed,Known Publisher,benign
TRUST-0511,2026-09-18T09:59:15Z,JUMP-01,known application,signed,Known Publisher,benign
TRUST-0200,2026-09-18T10:02:59Z,FIN-WS-09,known application,trusted_internal,Known Publisher,benign
TRUST-0284,2026-09-18T10:10:37Z,FIN-WS-09,known application,trusted_internal,Known Publisher,benign
TRUST-0589,2026-09-18T10:30:34Z,FIN-WS-09,known application,signed,Known Publisher,benign
TRUST-0572,2026-09-18T10:39:09Z,FIN-WS-09,known application,trusted_internal,Known Publisher,benign
TRUST-0199,2026-09-18T10:44:57Z,DC-01,known application,signed,Known Publisher,benign
TRUST-0124,2026-09-18T11:35:06Z,ENG-WS-17,known application,signed,Known Publisher,benign
TRUST-0548,2026-09-18T11:39:44Z,JUMP-01,known application,signed,Known Publisher,benign
