event_id,_time,host,user,item_name,event,managed_by,classification
ITEM-0325,2026-09-14T12:16:50Z,ENG-WS-17,ACME\\lchen,DisplayProfile,started,approved,benign
ITEM-0586,2026-09-14T12:18:27Z,MGMT-01,SYSTEM,DisplayProfile,started,approved,benign
ITEM-0219,2026-09-14T12:43:23Z,ENG-WS-17,ACME\\mgarcia,MapDrives,started,approved,benign
ITEM-0574,2026-09-14T12:48:47Z,DC-01,ACME\\lchen,DisplayProfile,started,approved,benign
ITEM-0297,2026-09-14T12:53:27Z,JUMP-01,ACME\\jsmith,MapDrives,started,approved,benign
ITEM-0200,2026-09-14T12:55:36Z,DC-01,SYSTEM,Teams,started,approved,benign
ITEM-0147,2026-09-14T13:02:26Z,JUMP-01,ACME\\lchen,MapDrives,started,approved,benign
ITEM-0336,2026-09-14T13:20:23Z,JUMP-01,ACME\\jsmith,Teams,started,approved,benign
ITEM-0562,2026-09-14T13:21:18Z,ENG-WS-17,ACME\\jsmith,DisplayProfile,started,approved,benign
ITEM-0390,2026-09-14T13:26:33Z,JUMP-01,ACME\\jsmith,OneDrive,started,approved,benign
ITEM-0508,2026-09-14T13:33:42Z,MGMT-01,ACME\\jsmith,OneDrive,started,approved,benign
ITEM-0378,2026-09-14T13:40:08Z,ENG-WS-17,SYSTEM,DisplayProfile,started,approved,benign
ITEM-0261,2026-09-14T13:51:31Z,FIN-WS-09,ACME\\lchen,Teams,started,approved,benign
ITEM-0262,2026-09-14T14:03:00Z,FIN-WS-09,SYSTEM,Teams,started,approved,benign
ITEM-0346,2026-09-14T14:21:18Z,MGMT-01,ACME\\jsmith,OneDrive,started,approved,benign
ITEM-0411,2026-09-14T14:25:51Z,JUMP-01,ACME\\mgarcia,OneDrive,started,approved,benign
ITEM-BEN-001,2026-09-14T14:29:45Z,FIN-WS-09,ACME\\lchen,MapDrives,started,Group Policy,benign
ITEM-INC-001,2026-09-14T14:30:00Z,FIN-WS-09,ACME\\lchen,OneDriveHealth,started,local user state,investigate
ITEM-0164,2026-09-14T14:30:04Z,DC-01,SYSTEM,OneDrive,started,approved,benign
ITEM-BEN-002,2026-09-14T14:30:05Z,FIN-WS-09,ACME\\lchen,Teams,started,Microsoft application,benign
ITEM-BEN-003,2026-09-14T14:30:07Z,FIN-WS-09,ACME\\lchen,DisplayProfile,started,IT approved,benign
ITEM-0172,2026-09-14T14:43:23Z,ENG-WS-17,ACME\\jsmith,MapDrives,started,approved,benign
ITEM-0308,2026-09-14T15:10:57Z,HR-WS-04,ACME\\mgarcia,Teams,started,approved,benign
ITEM-0589,2026-09-14T15:33:47Z,FIN-WS-09,ACME\\mgarcia,DisplayProfile,started,approved,benign
ITEM-0523,2026-09-14T15:40:41Z,HR-WS-04,ACME\\mgarcia,DisplayProfile,started,approved,benign
ITEM-0100,2026-09-14T15:47:12Z,HR-WS-04,SYSTEM,DisplayProfile,started,approved,benign
ITEM-0587,2026-09-14T15:49:30Z,MGMT-01,SYSTEM,OneDrive,started,approved,benign
ITEM-0449,2026-09-14T16:05:46Z,FIN-WS-09,ACME\\mgarcia,Teams,started,approved,benign
ITEM-0104,2026-09-14T16:11:57Z,DC-01,ACME\\jsmith,OneDrive,started,approved,benign
ITEM-0332,2026-09-14T16:20:29Z,FIN-WS-09,ACME\\jsmith,OneDrive,started,approved,benign
ITEM-0224,2026-09-14T16:25:41Z,FIN-WS-09,ACME\\jsmith,OneDrive,started,approved,benign
ITEM-0116,2026-09-14T16:35:18Z,HR-WS-04,ACME\\mgarcia,OneDrive,started,approved,benign
ITEM-0444,2026-09-14T16:38:08Z,MGMT-01,ACME\\lchen,MapDrives,started,approved,benign
ITEM-0517,2026-09-14T16:48:34Z,ENG-WS-17,ACME\\jsmith,Teams,started,approved,benign
ITEM-0428,2026-09-14T16:52:57Z,ENG-WS-17,ACME\\lchen,OneDrive,started,approved,benign
ITEM-0512,2026-09-14T16:57:09Z,DC-01,SYSTEM,Teams,started,approved,benign
ITEM-0489,2026-09-14T17:00:06Z,HR-WS-04,ACME\\lchen,Teams,started,approved,benign
ITEM-0239,2026-09-14T17:07:52Z,FIN-WS-09,ACME\\jsmith,OneDrive,started,approved,benign
ITEM-0256,2026-09-14T17:24:46Z,MGMT-01,ACME\\lchen,Teams,started,approved,benign
ITEM-0345,2026-09-14T17:30:08Z,FIN-WS-09,ACME\\lchen,Teams,started,approved,benign
ITEM-0122,2026-09-14T17:33:47Z,DC-01,ACME\\mgarcia,OneDrive,started,approved,benign
ITEM-0457,2026-09-14T17:34:05Z,DC-01,ACME\\lchen,MapDrives,started,approved,benign
ITEM-0201,2026-09-14T17:39:04Z,JUMP-01,ACME\\jsmith,Teams,started,approved,benign
ITEM-0265,2026-09-14T17:41:31Z,FIN-WS-09,ACME\\lchen,Teams,started,approved,benign
ITEM-0579,2026-09-14T17:44:55Z,FIN-WS-09,ACME\\lchen,Teams,started,approved,benign
ITEM-0401,2026-09-14T17:49:32Z,JUMP-01,ACME\\jsmith,MapDrives,started,approved,benign
ITEM-0223,2026-09-14T17:54:26Z,FIN-WS-09,SYSTEM,DisplayProfile,started,approved,benign
ITEM-0270,2026-09-14T18:15:07Z,DC-01,SYSTEM,MapDrives,started,approved,benign
ITEM-0491,2026-09-14T18:16:54Z,JUMP-01,ACME\\lchen,Teams,started,approved,benign
ITEM-0417,2026-09-14T18:20:04Z,DC-01,ACME\\jsmith,OneDrive,started,approved,benign
ITEM-0192,2026-09-14T18:33:15Z,DC-01,ACME\\mgarcia,DisplayProfile,started,approved,benign
ITEM-0252,2026-09-14T18:53:33Z,HR-WS-04,ACME\\lchen,DisplayProfile,started,approved,benign
ITEM-0305,2026-09-14T19:03:45Z,ENG-WS-17,ACME\\lchen,DisplayProfile,started,approved,benign
ITEM-0295,2026-09-14T19:18:41Z,MGMT-01,ACME\\jsmith,DisplayProfile,started,approved,benign
ITEM-0285,2026-09-14T19:37:10Z,FIN-WS-09,ACME\\lchen,Teams,started,approved,benign
ITEM-0471,2026-09-14T19:41:14Z,HR-WS-04,SYSTEM,Teams,started,approved,benign
ITEM-0293,2026-09-14T19:41:43Z,HR-WS-04,ACME\\mgarcia,OneDrive,started,approved,benign
ITEM-0353,2026-09-14T20:15:42Z,FIN-WS-09,ACME\\mgarcia,DisplayProfile,started,approved,benign
ITEM-0276,2026-09-14T20:37:38Z,ENG-WS-17,SYSTEM,DisplayProfile,started,approved,benign
ITEM-0488,2026-09-14T20:43:50Z,ENG-WS-17,ACME\\lchen,DisplayProfile,started,approved,benign
ITEM-0382,2026-09-14T21:06:36Z,DC-01,SYSTEM,MapDrives,started,approved,benign
ITEM-0218,2026-09-14T21:38:31Z,MGMT-01,ACME\\mgarcia,Teams,started,approved,benign
ITEM-0173,2026-09-14T22:09:30Z,HR-WS-04,ACME\\lchen,DisplayProfile,started,approved,benign
ITEM-0427,2026-09-14T22:16:56Z,DC-01,ACME\\mgarcia,DisplayProfile,started,approved,benign
ITEM-0461,2026-09-14T22:34:16Z,MGMT-01,ACME\\mgarcia,DisplayProfile,started,approved,benign
ITEM-0126,2026-09-14T22:36:10Z,ENG-WS-17,ACME\\lchen,Teams,started,approved,benign
ITEM-0530,2026-09-14T22:58:09Z,MGMT-01,ACME\\lchen,OneDrive,started,approved,benign
ITEM-0344,2026-09-14T23:00:56Z,JUMP-01,ACME\\lchen,MapDrives,started,approved,benign
ITEM-0272,2026-09-14T23:09:26Z,MGMT-01,ACME\\mgarcia,OneDrive,started,approved,benign
ITEM-0534,2026-09-14T23:36:26Z,ENG-WS-17,ACME\\jsmith,Teams,started,approved,benign
ITEM-0230,2026-09-14T23:36:52Z,DC-01,ACME\\lchen,Teams,started,approved,benign
ITEM-0294,2026-09-14T23:44:46Z,HR-WS-04,ACME\\jsmith,MapDrives,started,approved,benign
ITEM-0472,2026-09-15T00:13:08Z,DC-01,SYSTEM,DisplayProfile,started,approved,benign
ITEM-0446,2026-09-15T00:13:16Z,HR-WS-04,SYSTEM,DisplayProfile,started,approved,benign
ITEM-0149,2026-09-15T00:34:56Z,JUMP-01,ACME\\mgarcia,DisplayProfile,started,approved,benign
ITEM-0321,2026-09-15T00:36:06Z,DC-01,SYSTEM,DisplayProfile,started,approved,benign
ITEM-0234,2026-09-15T01:05:18Z,ENG-WS-17,ACME\\jsmith,MapDrives,started,approved,benign
ITEM-0420,2026-09-15T01:22:27Z,ENG-WS-17,ACME\\jsmith,OneDrive,started,approved,benign
ITEM-0535,2026-09-15T01:29:47Z,ENG-WS-17,ACME\\lchen,MapDrives,started,approved,benign
ITEM-0565,2026-09-15T01:35:07Z,JUMP-01,ACME\\mgarcia,MapDrives,started,approved,benign
ITEM-0115,2026-09-15T01:38:07Z,FIN-WS-09,ACME\\mgarcia,Teams,started,approved,benign
ITEM-0483,2026-09-15T01:58:07Z,DC-01,ACME\\mgarcia,MapDrives,started,approved,benign
ITEM-0179,2026-09-15T02:13:13Z,MGMT-01,SYSTEM,Teams,started,approved,benign
ITEM-0429,2026-09-15T02:32:34Z,FIN-WS-09,ACME\\jsmith,MapDrives,started,approved,benign
ITEM-0275,2026-09-15T02:46:09Z,DC-01,SYSTEM,DisplayProfile,started,approved,benign
ITEM-0518,2026-09-15T03:27:09Z,MGMT-01,ACME\\jsmith,OneDrive,started,approved,benign
ITEM-0166,2026-09-15T03:31:57Z,HR-WS-04,ACME\\jsmith,OneDrive,started,approved,benign
ITEM-0358,2026-09-15T03:31:59Z,FIN-WS-09,ACME\\lchen,OneDrive,started,approved,benign
ITEM-0363,2026-09-15T03:36:10Z,ENG-WS-17,ACME\\mgarcia,DisplayProfile,started,approved,benign
ITEM-0426,2026-09-15T03:40:56Z,MGMT-01,SYSTEM,MapDrives,started,approved,benign
ITEM-0109,2026-09-15T03:46:57Z,FIN-WS-09,ACME\\lchen,Teams,started,approved,benign
ITEM-0133,2026-09-15T04:01:21Z,MGMT-01,ACME\\mgarcia,Teams,started,approved,benign
ITEM-0569,2026-09-15T04:04:41Z,HR-WS-04,ACME\\jsmith,DisplayProfile,started,approved,benign
ITEM-0588,2026-09-15T04:11:33Z,FIN-WS-09,SYSTEM,MapDrives,started,approved,benign
ITEM-0387,2026-09-15T04:15:04Z,FIN-WS-09,ACME\\lchen,DisplayProfile,started,approved,benign
ITEM-0408,2026-09-15T04:18:10Z,HR-WS-04,SYSTEM,Teams,started,approved,benign
ITEM-0199,2026-09-15T04:40:16Z,JUMP-01,SYSTEM,MapDrives,started,approved,benign
ITEM-0302,2026-09-15T04:40:45Z,JUMP-01,ACME\\lchen,Teams,started,approved,benign
ITEM-0554,2026-09-15T04:57:54Z,ENG-WS-17,ACME\\mgarcia,OneDrive,started,approved,benign
ITEM-0539,2026-09-15T05:26:16Z,DC-01,ACME\\lchen,MapDrives,started,approved,benign
ITEM-0176,2026-09-15T05:37:02Z,DC-01,ACME\\lchen,DisplayProfile,started,approved,benign
ITEM-0196,2026-09-15T05:50:38Z,DC-01,SYSTEM,Teams,started,approved,benign
ITEM-0193,2026-09-15T05:56:22Z,JUMP-01,SYSTEM,OneDrive,started,approved,benign
ITEM-0326,2026-09-15T06:17:05Z,DC-01,ACME\\jsmith,OneDrive,started,approved,benign
ITEM-0500,2026-09-15T06:24:20Z,HR-WS-04,SYSTEM,DisplayProfile,started,approved,benign
ITEM-0578,2026-09-15T06:24:54Z,HR-WS-04,ACME\\lchen,DisplayProfile,started,approved,benign
ITEM-0482,2026-09-15T06:58:36Z,FIN-WS-09,ACME\\jsmith,MapDrives,started,approved,benign
ITEM-0171,2026-09-15T07:00:02Z,MGMT-01,SYSTEM,OneDrive,started,approved,benign
ITEM-0568,2026-09-15T07:01:54Z,FIN-WS-09,ACME\\mgarcia,DisplayProfile,started,approved,benign
ITEM-0563,2026-09-15T07:06:47Z,FIN-WS-09,ACME\\lchen,DisplayProfile,started,approved,benign
ITEM-0570,2026-09-15T07:23:57Z,ENG-WS-17,ACME\\lchen,OneDrive,started,approved,benign
ITEM-0592,2026-09-15T07:33:25Z,FIN-WS-09,SYSTEM,OneDrive,started,approved,benign
ITEM-0537,2026-09-15T07:49:47Z,ENG-WS-17,ACME\\lchen,Teams,started,approved,benign
ITEM-0312,2026-09-15T08:14:36Z,DC-01,ACME\\jsmith,MapDrives,started,approved,benign
ITEM-0152,2026-09-15T08:21:21Z,JUMP-01,SYSTEM,MapDrives,started,approved,benign
ITEM-0135,2026-09-15T08:28:11Z,ENG-WS-17,ACME\\lchen,Teams,started,approved,benign
ITEM-0590,2026-09-15T08:31:54Z,FIN-WS-09,ACME\\mgarcia,MapDrives,started,approved,benign
ITEM-0322,2026-09-15T08:35:02Z,HR-WS-04,ACME\\mgarcia,Teams,started,approved,benign
ITEM-0136,2026-09-15T08:39:49Z,MGMT-01,ACME\\lchen,DisplayProfile,started,approved,benign
ITEM-0470,2026-09-15T08:42:21Z,FIN-WS-09,SYSTEM,DisplayProfile,started,approved,benign
ITEM-0479,2026-09-15T08:42:56Z,FIN-WS-09,ACME\\mgarcia,OneDrive,started,approved,benign
ITEM-0391,2026-09-15T08:47:53Z,FIN-WS-09,ACME\\lchen,OneDrive,started,approved,benign
ITEM-0333,2026-09-15T08:51:42Z,HR-WS-04,ACME\\lchen,Teams,started,approved,benign
ITEM-0584,2026-09-15T09:35:20Z,JUMP-01,SYSTEM,Teams,started,approved,benign
ITEM-0476,2026-09-15T09:51:20Z,MGMT-01,ACME\\lchen,DisplayProfile,started,approved,benign
ITEM-0184,2026-09-15T09:57:45Z,DC-01,SYSTEM,Teams,started,approved,benign
ITEM-0337,2026-09-15T10:12:12Z,MGMT-01,ACME\\mgarcia,MapDrives,started,approved,benign
ITEM-0155,2026-09-15T10:27:24Z,HR-WS-04,ACME\\lchen,OneDrive,started,approved,benign
ITEM-0306,2026-09-15T10:28:12Z,FIN-WS-09,ACME\\lchen,DisplayProfile,started,approved,benign
ITEM-0541,2026-09-15T10:43:01Z,DC-01,SYSTEM,MapDrives,started,approved,benign
ITEM-0416,2026-09-15T10:58:05Z,DC-01,ACME\\mgarcia,MapDrives,started,approved,benign
ITEM-0514,2026-09-15T11:07:57Z,MGMT-01,ACME\\jsmith,OneDrive,started,approved,benign
ITEM-0405,2026-09-15T11:13:58Z,JUMP-01,ACME\\lchen,OneDrive,started,approved,benign
ITEM-0501,2026-09-15T11:22:55Z,JUMP-01,ACME\\jsmith,DisplayProfile,started,approved,benign
ITEM-0301,2026-09-15T11:29:23Z,ENG-WS-17,ACME\\jsmith,DisplayProfile,started,approved,benign
ITEM-0361,2026-09-15T11:37:49Z,JUMP-01,ACME\\mgarcia,DisplayProfile,started,approved,benign
ITEM-0254,2026-09-15T11:51:24Z,DC-01,ACME\\jsmith,DisplayProfile,started,approved,benign
ITEM-0189,2026-09-15T12:14:50Z,ENG-WS-17,ACME\\lchen,OneDrive,started,approved,benign
ITEM-0202,2026-09-15T12:45:23Z,JUMP-01,ACME\\mgarcia,MapDrives,started,approved,benign
ITEM-0431,2026-09-15T12:49:46Z,FIN-WS-09,ACME\\jsmith,OneDrive,started,approved,benign
ITEM-0469,2026-09-15T12:51:23Z,MGMT-01,SYSTEM,MapDrives,started,approved,benign
ITEM-0208,2026-09-15T12:59:56Z,ENG-WS-17,SYSTEM,MapDrives,started,approved,benign
ITEM-0157,2026-09-15T13:08:18Z,JUMP-01,ACME\\mgarcia,DisplayProfile,started,approved,benign
ITEM-0397,2026-09-15T13:32:09Z,MGMT-01,ACME\\lchen,MapDrives,started,approved,benign
ITEM-0366,2026-09-15T13:47:33Z,ENG-WS-17,ACME\\lchen,Teams,started,approved,benign
ITEM-0198,2026-09-15T13:47:46Z,ENG-WS-17,ACME\\lchen,DisplayProfile,started,approved,benign
ITEM-0566,2026-09-15T13:54:21Z,FIN-WS-09,ACME\\lchen,OneDrive,started,approved,benign
ITEM-0356,2026-09-15T14:03:16Z,DC-01,ACME\\lchen,OneDrive,started,approved,benign
ITEM-0410,2026-09-15T14:19:31Z,ENG-WS-17,SYSTEM,OneDrive,started,approved,benign
ITEM-0474,2026-09-15T14:29:57Z,HR-WS-04,ACME\\mgarcia,DisplayProfile,started,approved,benign
ITEM-0435,2026-09-15T14:30:37Z,MGMT-01,ACME\\lchen,OneDrive,started,approved,benign
ITEM-0394,2026-09-15T14:36:51Z,FIN-WS-09,ACME\\lchen,Teams,started,approved,benign
ITEM-0296,2026-09-15T14:40:49Z,HR-WS-04,SYSTEM,OneDrive,started,approved,benign
ITEM-0146,2026-09-15T14:43:02Z,FIN-WS-09,SYSTEM,Teams,started,approved,benign
ITEM-0303,2026-09-15T14:49:48Z,HR-WS-04,ACME\\jsmith,Teams,started,approved,benign
ITEM-0124,2026-09-15T14:58:13Z,MGMT-01,ACME\\mgarcia,OneDrive,started,approved,benign
ITEM-0188,2026-09-15T15:05:57Z,HR-WS-04,ACME\\mgarcia,MapDrives,started,approved,benign
ITEM-0342,2026-09-15T15:11:28Z,HR-WS-04,ACME\\lchen,DisplayProfile,started,approved,benign
ITEM-0486,2026-09-15T15:14:57Z,HR-WS-04,SYSTEM,MapDrives,started,approved,benign
ITEM-0187,2026-09-15T15:36:52Z,FIN-WS-09,ACME\\lchen,MapDrives,started,approved,benign
ITEM-0235,2026-09-15T15:54:34Z,ENG-WS-17,SYSTEM,DisplayProfile,started,approved,benign
ITEM-0221,2026-09-15T16:03:58Z,ENG-WS-17,ACME\\mgarcia,DisplayProfile,started,approved,benign
ITEM-0255,2026-09-15T16:04:24Z,FIN-WS-09,ACME\\lchen,OneDrive,started,approved,benign
ITEM-0194,2026-09-15T16:23:10Z,FIN-WS-09,ACME\\mgarcia,OneDrive,started,approved,benign
ITEM-0290,2026-09-15T16:32:50Z,MGMT-01,ACME\\jsmith,OneDrive,started,approved,benign
ITEM-0324,2026-09-15T16:36:46Z,DC-01,ACME\\lchen,DisplayProfile,started,approved,benign
ITEM-0233,2026-09-15T16:57:01Z,MGMT-01,ACME\\lchen,MapDrives,started,approved,benign
ITEM-0266,2026-09-15T17:04:23Z,ENG-WS-17,SYSTEM,DisplayProfile,started,approved,benign
ITEM-0145,2026-09-15T17:06:38Z,ENG-WS-17,ACME\\lchen,OneDrive,started,approved,benign
ITEM-0161,2026-09-15T17:08:33Z,HR-WS-04,ACME\\jsmith,DisplayProfile,started,approved,benign
ITEM-0168,2026-09-15T17:08:33Z,HR-WS-04,SYSTEM,MapDrives,started,approved,benign
ITEM-0362,2026-09-15T17:39:35Z,ENG-WS-17,ACME\\jsmith,OneDrive,started,approved,benign
ITEM-0460,2026-09-15T17:42:39Z,DC-01,ACME\\jsmith,MapDrives,started,approved,benign
ITEM-0286,2026-09-15T17:52:54Z,MGMT-01,ACME\\mgarcia,Teams,started,approved,benign
ITEM-0175,2026-09-15T18:18:50Z,DC-01,ACME\\lchen,Teams,started,approved,benign
ITEM-0448,2026-09-15T18:59:32Z,FIN-WS-09,ACME\\jsmith,Teams,started,approved,benign
ITEM-0268,2026-09-15T19:03:46Z,MGMT-01,SYSTEM,DisplayProfile,started,approved,benign
ITEM-0406,2026-09-15T19:14:51Z,JUMP-01,ACME\\lchen,OneDrive,started,approved,benign
ITEM-0545,2026-09-15T19:21:36Z,ENG-WS-17,ACME\\mgarcia,DisplayProfile,started,approved,benign
ITEM-0118,2026-09-15T19:27:49Z,MGMT-01,ACME\\jsmith,Teams,started,approved,benign
ITEM-0468,2026-09-15T19:30:12Z,ENG-WS-17,ACME\\lchen,OneDrive,started,approved,benign
ITEM-0250,2026-09-15T19:46:57Z,JUMP-01,ACME\\jsmith,MapDrives,started,approved,benign
ITEM-0487,2026-09-15T20:20:10Z,ENG-WS-17,ACME\\mgarcia,MapDrives,started,approved,benign
ITEM-0595,2026-09-15T20:33:08Z,HR-WS-04,ACME\\jsmith,MapDrives,started,approved,benign
ITEM-0423,2026-09-15T20:33:42Z,FIN-WS-09,ACME\\jsmith,Teams,started,approved,benign
ITEM-0385,2026-09-15T20:36:58Z,ENG-WS-17,SYSTEM,DisplayProfile,started,approved,benign
ITEM-0292,2026-09-15T20:51:19Z,HR-WS-04,ACME\\mgarcia,DisplayProfile,started,approved,benign
ITEM-0216,2026-09-15T21:17:25Z,DC-01,SYSTEM,Teams,started,approved,benign
ITEM-0498,2026-09-15T21:18:02Z,DC-01,ACME\\mgarcia,OneDrive,started,approved,benign
ITEM-0542,2026-09-15T21:27:51Z,HR-WS-04,SYSTEM,OneDrive,started,approved,benign
ITEM-0158,2026-09-15T21:30:01Z,JUMP-01,ACME\\lchen,MapDrives,started,approved,benign
ITEM-0475,2026-09-15T21:45:38Z,MGMT-01,ACME\\lchen,DisplayProfile,started,approved,benign
ITEM-0125,2026-09-15T21:58:55Z,JUMP-01,ACME\\jsmith,OneDrive,started,approved,benign
ITEM-0338,2026-09-15T22:05:28Z,HR-WS-04,ACME\\lchen,MapDrives,started,approved,benign
ITEM-0269,2026-09-15T22:13:41Z,JUMP-01,ACME\\lchen,DisplayProfile,started,approved,benign
ITEM-0571,2026-09-15T22:17:15Z,MGMT-01,ACME\\lchen,OneDrive,started,approved,benign
ITEM-0203,2026-09-15T22:17:21Z,ENG-WS-17,ACME\\jsmith,MapDrives,started,approved,benign
ITEM-0528,2026-09-15T22:45:09Z,HR-WS-04,ACME\\mgarcia,OneDrive,started,approved,benign
ITEM-0127,2026-09-15T22:59:52Z,DC-01,SYSTEM,OneDrive,started,approved,benign
ITEM-0577,2026-09-15T23:07:56Z,JUMP-01,SYSTEM,OneDrive,started,approved,benign
ITEM-0386,2026-09-15T23:29:57Z,HR-WS-04,ACME\\jsmith,DisplayProfile,started,approved,benign
ITEM-0240,2026-09-15T23:41:15Z,JUMP-01,ACME\\jsmith,OneDrive,started,approved,benign
ITEM-0494,2026-09-15T23:47:11Z,ENG-WS-17,SYSTEM,Teams,started,approved,benign
ITEM-0335,2026-09-16T00:00:27Z,FIN-WS-09,ACME\\lchen,MapDrives,started,approved,benign
ITEM-0465,2026-09-16T00:47:22Z,MGMT-01,SYSTEM,DisplayProfile,started,approved,benign
ITEM-0412,2026-09-16T00:48:47Z,ENG-WS-17,ACME\\jsmith,DisplayProfile,started,approved,benign
ITEM-0398,2026-09-16T01:19:14Z,ENG-WS-17,ACME\\mgarcia,MapDrives,started,approved,benign
ITEM-0180,2026-09-16T01:48:32Z,MGMT-01,ACME\\jsmith,MapDrives,started,approved,benign
ITEM-0464,2026-09-16T02:20:39Z,HR-WS-04,ACME\\jsmith,OneDrive,started,approved,benign
ITEM-0376,2026-09-16T02:39:34Z,JUMP-01,ACME\\jsmith,Teams,started,approved,benign
ITEM-0316,2026-09-16T02:40:49Z,HR-WS-04,ACME\\jsmith,MapDrives,started,approved,benign
ITEM-0227,2026-09-16T02:52:39Z,FIN-WS-09,ACME\\lchen,DisplayProfile,started,approved,benign
ITEM-0151,2026-09-16T03:00:13Z,HR-WS-04,ACME\\jsmith,MapDrives,started,approved,benign
ITEM-0226,2026-09-16T03:03:51Z,MGMT-01,SYSTEM,MapDrives,started,approved,benign
ITEM-0311,2026-09-16T03:09:34Z,HR-WS-04,SYSTEM,MapDrives,started,approved,benign
ITEM-0291,2026-09-16T03:11:46Z,DC-01,ACME\\jsmith,OneDrive,started,approved,benign
ITEM-0418,2026-09-16T03:13:14Z,DC-01,ACME\\lchen,OneDrive,started,approved,benign
ITEM-0572,2026-09-16T03:36:03Z,HR-WS-04,SYSTEM,DisplayProfile,started,approved,benign
ITEM-0484,2026-09-16T03:53:01Z,DC-01,ACME\\lchen,Teams,started,approved,benign
ITEM-0521,2026-09-16T04:00:38Z,DC-01,ACME\\jsmith,DisplayProfile,started,approved,benign
ITEM-0357,2026-09-16T04:26:35Z,JUMP-01,ACME\\mgarcia,Teams,started,approved,benign
ITEM-0251,2026-09-16T04:47:54Z,MGMT-01,ACME\\lchen,DisplayProfile,started,approved,benign
ITEM-0253,2026-09-16T04:54:56Z,HR-WS-04,ACME\\lchen,Teams,started,approved,benign
ITEM-0355,2026-09-16T04:58:49Z,HR-WS-04,SYSTEM,DisplayProfile,started,approved,benign
ITEM-0558,2026-09-16T05:01:04Z,FIN-WS-09,ACME\\lchen,Teams,started,approved,benign
ITEM-0314,2026-09-16T05:24:35Z,DC-01,ACME\\lchen,OneDrive,started,approved,benign
ITEM-0307,2026-09-16T05:48:15Z,DC-01,ACME\\jsmith,DisplayProfile,started,approved,benign
ITEM-0328,2026-09-16T06:13:04Z,FIN-WS-09,ACME\\lchen,OneDrive,started,approved,benign
ITEM-0186,2026-09-16T06:17:26Z,MGMT-01,SYSTEM,DisplayProfile,started,approved,benign
ITEM-0299,2026-09-16T06:19:52Z,ENG-WS-17,ACME\\lchen,OneDrive,started,approved,benign
ITEM-0273,2026-09-16T06:24:11Z,JUMP-01,ACME\\mgarcia,MapDrives,started,approved,benign
ITEM-0121,2026-09-16T07:09:26Z,DC-01,ACME\\mgarcia,Teams,started,approved,benign
ITEM-0331,2026-09-16T07:35:02Z,FIN-WS-09,SYSTEM,MapDrives,started,approved,benign
ITEM-0513,2026-09-16T07:39:13Z,MGMT-01,ACME\\lchen,Teams,started,approved,benign
ITEM-0231,2026-09-16T07:57:36Z,DC-01,ACME\\mgarcia,Teams,started,approved,benign
ITEM-0492,2026-09-16T08:07:45Z,MGMT-01,SYSTEM,OneDrive,started,approved,benign
ITEM-0409,2026-09-16T08:30:34Z,ENG-WS-17,ACME\\mgarcia,Teams,started,approved,benign
ITEM-0527,2026-09-16T08:31:49Z,JUMP-01,SYSTEM,MapDrives,started,approved,benign
ITEM-0211,2026-09-16T08:49:50Z,HR-WS-04,ACME\\lchen,Teams,started,approved,benign
ITEM-0546,2026-09-16T09:07:20Z,FIN-WS-09,ACME\\jsmith,MapDrives,started,approved,benign
ITEM-0238,2026-09-16T09:07:33Z,ENG-WS-17,ACME\\mgarcia,MapDrives,started,approved,benign
ITEM-0214,2026-09-16T09:14:34Z,DC-01,ACME\\jsmith,MapDrives,started,approved,benign
ITEM-0204,2026-09-16T09:16:16Z,JUMP-01,ACME\\mgarcia,Teams,started,approved,benign
ITEM-0174,2026-09-16T09:27:15Z,HR-WS-04,ACME\\jsmith,MapDrives,started,approved,benign
ITEM-0212,2026-09-16T09:46:50Z,FIN-WS-09,ACME\\jsmith,OneDrive,started,approved,benign
ITEM-0506,2026-09-16T09:52:20Z,FIN-WS-09,ACME\\jsmith,OneDrive,started,approved,benign
ITEM-0436,2026-09-16T09:58:43Z,MGMT-01,SYSTEM,Teams,started,approved,benign
ITEM-0209,2026-09-16T10:01:03Z,FIN-WS-09,SYSTEM,MapDrives,started,approved,benign
ITEM-0340,2026-09-16T10:08:30Z,HR-WS-04,ACME\\mgarcia,DisplayProfile,started,approved,benign
ITEM-0399,2026-09-16T10:29:58Z,FIN-WS-09,ACME\\jsmith,Teams,started,approved,benign
ITEM-0458,2026-09-16T10:35:13Z,FIN-WS-09,ACME\\jsmith,DisplayProfile,started,approved,benign
ITEM-0330,2026-09-16T10:48:06Z,ENG-WS-17,ACME\\jsmith,Teams,started,approved,benign
ITEM-0137,2026-09-16T10:49:19Z,MGMT-01,ACME\\jsmith,MapDrives,started,approved,benign
ITEM-0440,2026-09-16T11:04:17Z,JUMP-01,ACME\\jsmith,MapDrives,started,approved,benign
ITEM-0277,2026-09-16T11:51:53Z,HR-WS-04,SYSTEM,DisplayProfile,started,approved,benign
ITEM-0581,2026-09-16T11:52:39Z,JUMP-01,ACME\\lchen,MapDrives,started,approved,benign
ITEM-0260,2026-09-16T11:59:21Z,JUMP-01,ACME\\lchen,DisplayProfile,started,approved,benign
ITEM-0284,2026-09-16T12:01:00Z,HR-WS-04,ACME\\mgarcia,Teams,started,approved,benign
ITEM-0351,2026-09-16T12:23:20Z,JUMP-01,ACME\\jsmith,OneDrive,started,approved,benign
ITEM-0304,2026-09-16T12:27:10Z,FIN-WS-09,ACME\\jsmith,DisplayProfile,started,approved,benign
ITEM-0510,2026-09-16T12:51:19Z,JUMP-01,ACME\\mgarcia,DisplayProfile,started,approved,benign
ITEM-0503,2026-09-16T13:11:52Z,HR-WS-04,ACME\\lchen,Teams,started,approved,benign
ITEM-0454,2026-09-16T13:23:30Z,DC-01,ACME\\jsmith,OneDrive,started,approved,benign
ITEM-0185,2026-09-16T13:24:56Z,DC-01,ACME\\lchen,DisplayProfile,started,approved,benign
ITEM-0593,2026-09-16T13:33:31Z,ENG-WS-17,ACME\\lchen,Teams,started,approved,benign
ITEM-0478,2026-09-16T13:47:11Z,JUMP-01,ACME\\jsmith,OneDrive,started,approved,benign
ITEM-0150,2026-09-16T13:57:35Z,JUMP-01,ACME\\mgarcia,MapDrives,started,approved,benign
ITEM-0329,2026-09-16T14:29:15Z,JUMP-01,ACME\\jsmith,DisplayProfile,started,approved,benign
ITEM-0350,2026-09-16T14:38:33Z,JUMP-01,SYSTEM,MapDrives,started,approved,benign
ITEM-0313,2026-09-16T14:53:07Z,FIN-WS-09,ACME\\mgarcia,OneDrive,started,approved,benign
ITEM-0561,2026-09-16T15:06:15Z,ENG-WS-17,SYSTEM,MapDrives,started,approved,benign
ITEM-0456,2026-09-16T15:11:59Z,FIN-WS-09,ACME\\lchen,DisplayProfile,started,approved,benign
ITEM-0447,2026-09-16T16:00:11Z,HR-WS-04,ACME\\lchen,MapDrives,started,approved,benign
ITEM-0352,2026-09-16T16:18:20Z,ENG-WS-17,ACME\\mgarcia,MapDrives,started,approved,benign
ITEM-0564,2026-09-16T17:08:40Z,ENG-WS-17,ACME\\lchen,MapDrives,started,approved,benign
ITEM-0497,2026-09-16T17:11:41Z,JUMP-01,SYSTEM,OneDrive,started,approved,benign
ITEM-0499,2026-09-16T17:12:46Z,FIN-WS-09,ACME\\jsmith,OneDrive,started,approved,benign
ITEM-0372,2026-09-16T17:13:36Z,FIN-WS-09,SYSTEM,MapDrives,started,approved,benign
ITEM-0511,2026-09-16T17:19:28Z,DC-01,ACME\\mgarcia,DisplayProfile,started,approved,benign
ITEM-0502,2026-09-16T17:25:06Z,HR-WS-04,ACME\\mgarcia,DisplayProfile,started,approved,benign
ITEM-0392,2026-09-16T17:41:04Z,MGMT-01,ACME\\mgarcia,OneDrive,started,approved,benign
ITEM-0467,2026-09-16T17:45:44Z,DC-01,ACME\\lchen,Teams,started,approved,benign
ITEM-0228,2026-09-16T17:50:45Z,JUMP-01,SYSTEM,MapDrives,started,approved,benign
ITEM-0343,2026-09-16T18:04:06Z,HR-WS-04,ACME\\mgarcia,Teams,started,approved,benign
ITEM-0317,2026-09-16T18:18:27Z,HR-WS-04,ACME\\jsmith,MapDrives,started,approved,benign
ITEM-0259,2026-09-16T18:20:20Z,DC-01,ACME\\lchen,DisplayProfile,started,approved,benign
ITEM-0580,2026-09-16T18:24:38Z,DC-01,ACME\\lchen,MapDrives,started,approved,benign
ITEM-0462,2026-09-16T18:28:46Z,JUMP-01,SYSTEM,OneDrive,started,approved,benign
ITEM-0463,2026-09-16T18:32:20Z,ENG-WS-17,ACME\\jsmith,OneDrive,started,approved,benign
ITEM-0309,2026-09-16T18:37:57Z,ENG-WS-17,ACME\\lchen,OneDrive,started,approved,benign
ITEM-0245,2026-09-16T19:07:07Z,JUMP-01,ACME\\jsmith,OneDrive,started,approved,benign
ITEM-0113,2026-09-16T19:10:07Z,HR-WS-04,ACME\\jsmith,MapDrives,started,approved,benign
ITEM-0453,2026-09-16T19:20:39Z,FIN-WS-09,ACME\\mgarcia,DisplayProfile,started,approved,benign
ITEM-0550,2026-09-16T19:25:56Z,ENG-WS-17,SYSTEM,OneDrive,started,approved,benign
ITEM-0283,2026-09-16T19:41:09Z,ENG-WS-17,ACME\\jsmith,MapDrives,started,approved,benign
ITEM-0384,2026-09-16T20:03:36Z,DC-01,ACME\\lchen,DisplayProfile,started,approved,benign
ITEM-0551,2026-09-16T20:04:27Z,JUMP-01,ACME\\lchen,MapDrives,started,approved,benign
ITEM-0374,2026-09-16T20:45:10Z,MGMT-01,ACME\\lchen,MapDrives,started,approved,benign
ITEM-0438,2026-09-16T20:52:40Z,HR-WS-04,SYSTEM,DisplayProfile,started,approved,benign
ITEM-0279,2026-09-16T20:57:39Z,ENG-WS-17,ACME\\lchen,MapDrives,started,approved,benign
ITEM-0242,2026-09-16T21:31:53Z,HR-WS-04,ACME\\mgarcia,MapDrives,started,approved,benign
ITEM-0451,2026-09-16T21:34:07Z,DC-01,ACME\\mgarcia,Teams,started,approved,benign
ITEM-0349,2026-09-16T21:54:17Z,HR-WS-04,ACME\\mgarcia,MapDrives,started,approved,benign
ITEM-0177,2026-09-16T21:59:12Z,FIN-WS-09,ACME\\lchen,OneDrive,started,approved,benign
ITEM-0509,2026-09-16T22:05:17Z,MGMT-01,ACME\\lchen,MapDrives,started,approved,benign
ITEM-0544,2026-09-16T22:05:18Z,MGMT-01,ACME\\jsmith,OneDrive,started,approved,benign
ITEM-0107,2026-09-16T22:15:53Z,JUMP-01,SYSTEM,DisplayProfile,started,approved,benign
ITEM-0490,2026-09-16T22:21:14Z,HR-WS-04,SYSTEM,Teams,started,approved,benign
ITEM-0485,2026-09-16T22:37:54Z,ENG-WS-17,SYSTEM,Teams,started,approved,benign
ITEM-0421,2026-09-16T22:42:31Z,HR-WS-04,ACME\\mgarcia,MapDrives,started,approved,benign
ITEM-0327,2026-09-16T22:51:41Z,ENG-WS-17,ACME\\lchen,OneDrive,started,approved,benign
ITEM-0543,2026-09-16T23:09:18Z,JUMP-01,ACME\\jsmith,Teams,started,approved,benign
ITEM-0455,2026-09-16T23:13:19Z,HR-WS-04,ACME\\lchen,OneDrive,started,approved,benign
ITEM-0413,2026-09-16T23:13:35Z,HR-WS-04,ACME\\jsmith,MapDrives,started,approved,benign
ITEM-0181,2026-09-16T23:26:40Z,ENG-WS-17,ACME\\lchen,DisplayProfile,started,approved,benign
ITEM-0567,2026-09-17T00:15:53Z,FIN-WS-09,ACME\\lchen,Teams,started,approved,benign
ITEM-0144,2026-09-17T00:16:42Z,MGMT-01,SYSTEM,OneDrive,started,approved,benign
ITEM-0153,2026-09-17T00:17:39Z,MGMT-01,ACME\\mgarcia,DisplayProfile,started,approved,benign
ITEM-0263,2026-09-17T00:22:26Z,ENG-WS-17,ACME\\jsmith,Teams,started,approved,benign
ITEM-0443,2026-09-17T00:23:21Z,HR-WS-04,SYSTEM,Teams,started,approved,benign
ITEM-0264,2026-09-17T00:28:35Z,HR-WS-04,ACME\\lchen,OneDrive,started,approved,benign
ITEM-0288,2026-09-17T00:34:02Z,ENG-WS-17,ACME\\lchen,OneDrive,started,approved,benign
ITEM-0493,2026-09-17T00:36:48Z,JUMP-01,ACME\\mgarcia,DisplayProfile,started,approved,benign
ITEM-0583,2026-09-17T01:04:17Z,ENG-WS-17,ACME\\mgarcia,Teams,started,approved,benign
ITEM-0473,2026-09-17T01:08:16Z,JUMP-01,ACME\\lchen,Teams,started,approved,benign
ITEM-0114,2026-09-17T01:15:56Z,ENG-WS-17,SYSTEM,DisplayProfile,started,approved,benign
ITEM-0138,2026-09-17T01:43:07Z,FIN-WS-09,ACME\\jsmith,MapDrives,started,approved,benign
ITEM-0536,2026-09-17T01:55:55Z,HR-WS-04,ACME\\mgarcia,DisplayProfile,started,approved,benign
ITEM-0594,2026-09-17T02:03:03Z,MGMT-01,ACME\\jsmith,DisplayProfile,started,approved,benign
ITEM-0141,2026-09-17T03:00:15Z,ENG-WS-17,ACME\\mgarcia,Teams,started,approved,benign
ITEM-0112,2026-09-17T03:06:02Z,HR-WS-04,ACME\\jsmith,OneDrive,started,approved,benign
ITEM-0229,2026-09-17T03:13:35Z,DC-01,ACME\\lchen,DisplayProfile,started,approved,benign
ITEM-0217,2026-09-17T03:17:58Z,ENG-WS-17,SYSTEM,MapDrives,started,approved,benign
ITEM-0182,2026-09-17T03:31:44Z,DC-01,ACME\\lchen,OneDrive,started,approved,benign
ITEM-0591,2026-09-17T03:39:58Z,JUMP-01,ACME\\lchen,DisplayProfile,started,approved,benign
ITEM-0559,2026-09-17T03:59:11Z,DC-01,SYSTEM,DisplayProfile,started,approved,benign
ITEM-0195,2026-09-17T04:04:04Z,FIN-WS-09,ACME\\mgarcia,OneDrive,started,approved,benign
ITEM-0222,2026-09-17T04:36:22Z,JUMP-01,ACME\\mgarcia,DisplayProfile,started,approved,benign
ITEM-0130,2026-09-17T04:38:33Z,JUMP-01,ACME\\mgarcia,Teams,started,approved,benign
ITEM-0415,2026-09-17T04:57:41Z,HR-WS-04,SYSTEM,OneDrive,started,approved,benign
ITEM-0573,2026-09-17T05:24:01Z,FIN-WS-09,SYSTEM,OneDrive,started,approved,benign
ITEM-0318,2026-09-17T05:39:47Z,DC-01,ACME\\lchen,Teams,started,approved,benign
ITEM-0402,2026-09-17T05:51:37Z,DC-01,ACME\\lchen,Teams,started,approved,benign
ITEM-0178,2026-09-17T05:53:17Z,MGMT-01,ACME\\lchen,OneDrive,started,approved,benign
ITEM-0400,2026-09-17T06:05:55Z,FIN-WS-09,ACME\\lchen,DisplayProfile,started,approved,benign
ITEM-0434,2026-09-17T06:08:45Z,DC-01,ACME\\lchen,MapDrives,started,approved,benign
ITEM-0582,2026-09-17T06:17:14Z,HR-WS-04,SYSTEM,MapDrives,started,approved,benign
ITEM-0169,2026-09-17T06:27:43Z,DC-01,SYSTEM,Teams,started,approved,benign
ITEM-0383,2026-09-17T06:38:38Z,MGMT-01,ACME\\mgarcia,MapDrives,started,approved,benign
ITEM-0213,2026-09-17T06:47:25Z,HR-WS-04,ACME\\jsmith,OneDrive,started,approved,benign
ITEM-0310,2026-09-17T07:08:24Z,MGMT-01,ACME\\lchen,MapDrives,started,approved,benign
ITEM-0519,2026-09-17T07:31:23Z,JUMP-01,SYSTEM,DisplayProfile,started,approved,benign
ITEM-0300,2026-09-17T08:03:27Z,JUMP-01,ACME\\mgarcia,MapDrives,started,approved,benign
ITEM-0526,2026-09-17T08:22:15Z,FIN-WS-09,ACME\\mgarcia,DisplayProfile,started,approved,benign
ITEM-0106,2026-09-17T08:26:55Z,DC-01,ACME\\lchen,DisplayProfile,started,approved,benign
ITEM-0425,2026-09-17T08:41:58Z,FIN-WS-09,ACME\\lchen,Teams,started,approved,benign
ITEM-0576,2026-09-17T08:42:11Z,HR-WS-04,ACME\\lchen,Teams,started,approved,benign
ITEM-0507,2026-09-17T08:47:16Z,DC-01,ACME\\mgarcia,OneDrive,started,approved,benign
ITEM-0220,2026-09-17T08:50:43Z,DC-01,ACME\\mgarcia,MapDrives,started,approved,benign
ITEM-0339,2026-09-17T09:05:02Z,JUMP-01,ACME\\jsmith,Teams,started,approved,benign
ITEM-0373,2026-09-17T09:08:43Z,DC-01,ACME\\jsmith,Teams,started,approved,benign
ITEM-0183,2026-09-17T09:18:22Z,FIN-WS-09,ACME\\mgarcia,OneDrive,started,approved,benign
ITEM-0243,2026-09-17T09:24:14Z,HR-WS-04,ACME\\jsmith,Teams,started,approved,benign
ITEM-0278,2026-09-17T09:24:38Z,HR-WS-04,SYSTEM,MapDrives,started,approved,benign
ITEM-0280,2026-09-17T09:31:46Z,JUMP-01,ACME\\mgarcia,Teams,started,approved,benign
ITEM-0225,2026-09-17T09:36:27Z,MGMT-01,ACME\\lchen,DisplayProfile,started,approved,benign
ITEM-0553,2026-09-17T09:47:55Z,FIN-WS-09,ACME\\jsmith,OneDrive,started,approved,benign
ITEM-0237,2026-09-17T09:55:43Z,ENG-WS-17,ACME\\jsmith,MapDrives,started,approved,benign
ITEM-0236,2026-09-17T10:00:41Z,JUMP-01,ACME\\lchen,DisplayProfile,started,approved,benign
ITEM-0422,2026-09-17T10:16:40Z,MGMT-01,ACME\\jsmith,MapDrives,started,approved,benign
ITEM-0128,2026-09-17T10:30:26Z,ENG-WS-17,ACME\\jsmith,Teams,started,approved,benign
ITEM-0162,2026-09-17T10:31:38Z,DC-01,ACME\\jsmith,Teams,started,approved,benign
ITEM-0547,2026-09-17T10:34:27Z,MGMT-01,SYSTEM,OneDrive,started,approved,benign
ITEM-0258,2026-09-17T12:00:47Z,FIN-WS-09,ACME\\jsmith,MapDrives,started,approved,benign
ITEM-0142,2026-09-17T12:03:38Z,DC-01,ACME\\lchen,MapDrives,started,approved,benign
ITEM-0365,2026-09-17T12:10:16Z,JUMP-01,ACME\\mgarcia,Teams,started,approved,benign
ITEM-0505,2026-09-17T12:23:14Z,DC-01,SYSTEM,DisplayProfile,started,approved,benign
ITEM-0379,2026-09-17T12:26:17Z,HR-WS-04,SYSTEM,Teams,started,approved,benign
ITEM-0207,2026-09-17T12:29:33Z,HR-WS-04,ACME\\jsmith,Teams,started,approved,benign
ITEM-0287,2026-09-17T12:35:04Z,FIN-WS-09,ACME\\lchen,MapDrives,started,approved,benign
ITEM-0538,2026-09-17T12:37:01Z,ENG-WS-17,ACME\\lchen,OneDrive,started,approved,benign
ITEM-0556,2026-09-17T12:50:38Z,MGMT-01,SYSTEM,MapDrives,started,approved,benign
ITEM-0210,2026-09-17T13:00:08Z,HR-WS-04,ACME\\jsmith,DisplayProfile,started,approved,benign
ITEM-0206,2026-09-17T13:08:56Z,HR-WS-04,ACME\\lchen,OneDrive,started,approved,benign
ITEM-0354,2026-09-17T13:10:56Z,HR-WS-04,SYSTEM,MapDrives,started,approved,benign
ITEM-0560,2026-09-17T13:26:41Z,DC-01,ACME\\mgarcia,DisplayProfile,started,approved,benign
ITEM-0367,2026-09-17T13:30:21Z,FIN-WS-09,ACME\\jsmith,DisplayProfile,started,approved,benign
ITEM-0165,2026-09-17T13:37:40Z,JUMP-01,ACME\\jsmith,MapDrives,started,approved,benign
ITEM-0439,2026-09-17T13:38:42Z,JUMP-01,ACME\\mgarcia,DisplayProfile,started,approved,benign
ITEM-0452,2026-09-17T13:55:48Z,MGMT-01,ACME\\mgarcia,OneDrive,started,approved,benign
ITEM-0134,2026-09-17T14:05:30Z,HR-WS-04,ACME\\lchen,MapDrives,started,approved,benign
ITEM-0347,2026-09-17T14:06:22Z,DC-01,ACME\\lchen,MapDrives,started,approved,benign
ITEM-0197,2026-09-17T14:11:26Z,JUMP-01,ACME\\lchen,Teams,started,approved,benign
ITEM-0315,2026-09-17T14:14:27Z,HR-WS-04,ACME\\mgarcia,OneDrive,started,approved,benign
ITEM-0119,2026-09-17T14:15:25Z,MGMT-01,ACME\\mgarcia,MapDrives,started,approved,benign
ITEM-0450,2026-09-17T14:42:11Z,HR-WS-04,ACME\\lchen,DisplayProfile,started,approved,benign
ITEM-0516,2026-09-17T14:48:15Z,HR-WS-04,ACME\\jsmith,Teams,started,approved,benign
ITEM-0393,2026-09-17T15:11:06Z,HR-WS-04,SYSTEM,MapDrives,started,approved,benign
ITEM-0430,2026-09-17T15:11:20Z,MGMT-01,SYSTEM,DisplayProfile,started,approved,benign
ITEM-0396,2026-09-17T15:15:34Z,ENG-WS-17,ACME\\mgarcia,MapDrives,started,approved,benign
ITEM-0522,2026-09-17T15:48:10Z,MGMT-01,SYSTEM,Teams,started,approved,benign
ITEM-0466,2026-09-17T15:55:20Z,ENG-WS-17,SYSTEM,Teams,started,approved,benign
ITEM-0433,2026-09-17T15:56:38Z,ENG-WS-17,ACME\\mgarcia,DisplayProfile,started,approved,benign
ITEM-0481,2026-09-17T16:08:44Z,DC-01,ACME\\jsmith,Teams,started,approved,benign
ITEM-0533,2026-09-17T16:25:49Z,FIN-WS-09,ACME\\jsmith,OneDrive,started,approved,benign
ITEM-0441,2026-09-17T16:26:54Z,ENG-WS-17,ACME\\lchen,MapDrives,started,approved,benign
ITEM-0205,2026-09-17T16:46:47Z,ENG-WS-17,ACME\\jsmith,MapDrives,started,approved,benign
ITEM-0247,2026-09-17T16:56:28Z,DC-01,SYSTEM,OneDrive,started,approved,benign
ITEM-0319,2026-09-17T17:09:49Z,FIN-WS-09,ACME\\mgarcia,MapDrives,started,approved,benign
ITEM-0520,2026-09-17T17:13:49Z,FIN-WS-09,ACME\\lchen,DisplayProfile,started,approved,benign
ITEM-0341,2026-09-17T17:14:31Z,FIN-WS-09,SYSTEM,Teams,started,approved,benign
ITEM-0404,2026-09-17T17:29:57Z,ENG-WS-17,ACME\\mgarcia,OneDrive,started,approved,benign
ITEM-0281,2026-09-17T17:36:17Z,MGMT-01,SYSTEM,MapDrives,started,approved,benign
ITEM-0108,2026-09-17T17:59:38Z,ENG-WS-17,ACME\\mgarcia,DisplayProfile,started,approved,benign
ITEM-0160,2026-09-17T18:38:07Z,HR-WS-04,SYSTEM,OneDrive,started,approved,benign
ITEM-0143,2026-09-17T18:46:09Z,JUMP-01,ACME\\jsmith,Teams,started,approved,benign
ITEM-0190,2026-09-17T19:05:27Z,DC-01,SYSTEM,MapDrives,started,approved,benign
ITEM-0375,2026-09-17T19:24:33Z,DC-01,ACME\\jsmith,Teams,started,approved,benign
ITEM-0380,2026-09-17T19:37:53Z,ENG-WS-17,ACME\\mgarcia,MapDrives,started,approved,benign
ITEM-0163,2026-09-17T19:45:17Z,MGMT-01,ACME\\mgarcia,Teams,started,approved,benign
ITEM-0495,2026-09-17T19:54:29Z,FIN-WS-09,ACME\\mgarcia,MapDrives,started,approved,benign
ITEM-0249,2026-09-17T20:05:58Z,JUMP-01,ACME\\lchen,OneDrive,started,approved,benign
ITEM-0575,2026-09-17T20:17:23Z,JUMP-01,ACME\\mgarcia,MapDrives,started,approved,benign
ITEM-0154,2026-09-17T20:20:21Z,ENG-WS-17,SYSTEM,DisplayProfile,started,approved,benign
ITEM-0274,2026-09-17T20:28:41Z,FIN-WS-09,ACME\\jsmith,OneDrive,started,approved,benign
ITEM-0459,2026-09-17T21:23:06Z,JUMP-01,SYSTEM,DisplayProfile,started,approved,benign
ITEM-0525,2026-09-17T21:25:59Z,MGMT-01,SYSTEM,Teams,started,approved,benign
ITEM-0289,2026-09-17T21:26:38Z,JUMP-01,ACME\\mgarcia,DisplayProfile,started,approved,benign
ITEM-0359,2026-09-17T21:29:42Z,JUMP-01,SYSTEM,OneDrive,started,approved,benign
ITEM-0232,2026-09-17T21:53:29Z,DC-01,ACME\\lchen,OneDrive,started,approved,benign
ITEM-0244,2026-09-17T22:25:32Z,JUMP-01,ACME\\lchen,OneDrive,started,approved,benign
ITEM-0167,2026-09-17T22:31:52Z,FIN-WS-09,SYSTEM,Teams,started,approved,benign
ITEM-0407,2026-09-17T22:33:18Z,DC-01,ACME\\jsmith,MapDrives,started,approved,benign
ITEM-0388,2026-09-17T23:03:29Z,HR-WS-04,ACME\\jsmith,Teams,started,approved,benign
ITEM-0102,2026-09-17T23:08:51Z,ENG-WS-17,ACME\\lchen,MapDrives,started,approved,benign
ITEM-0432,2026-09-17T23:25:22Z,JUMP-01,ACME\\jsmith,OneDrive,started,approved,benign
ITEM-0389,2026-09-17T23:27:05Z,HR-WS-04,SYSTEM,DisplayProfile,started,approved,benign
ITEM-0496,2026-09-17T23:34:05Z,ENG-WS-17,SYSTEM,DisplayProfile,started,approved,benign
ITEM-0248,2026-09-17T23:39:35Z,MGMT-01,SYSTEM,DisplayProfile,started,approved,benign
ITEM-0424,2026-09-17T23:41:01Z,FIN-WS-09,ACME\\lchen,Teams,started,approved,benign
ITEM-0395,2026-09-17T23:55:52Z,ENG-WS-17,ACME\\mgarcia,MapDrives,started,approved,benign
ITEM-0282,2026-09-18T00:02:25Z,FIN-WS-09,ACME\\mgarcia,MapDrives,started,approved,benign
ITEM-0548,2026-09-18T00:59:39Z,HR-WS-04,SYSTEM,DisplayProfile,started,approved,benign
ITEM-0132,2026-09-18T01:20:37Z,DC-01,ACME\\jsmith,OneDrive,started,approved,benign
ITEM-0103,2026-09-18T01:21:13Z,JUMP-01,ACME\\lchen,OneDrive,started,approved,benign
ITEM-0334,2026-09-18T01:21:23Z,DC-01,ACME\\lchen,Teams,started,approved,benign
ITEM-0241,2026-09-18T02:09:47Z,MGMT-01,ACME\\jsmith,OneDrive,started,approved,benign
ITEM-0110,2026-09-18T02:21:20Z,HR-WS-04,ACME\\jsmith,OneDrive,started,approved,benign
ITEM-0477,2026-09-18T02:29:23Z,HR-WS-04,ACME\\mgarcia,Teams,started,approved,benign
ITEM-0437,2026-09-18T02:35:44Z,FIN-WS-09,ACME\\jsmith,MapDrives,started,approved,benign
ITEM-0532,2026-09-18T02:42:29Z,ENG-WS-17,ACME\\jsmith,OneDrive,started,approved,benign
ITEM-0524,2026-09-18T02:47:23Z,ENG-WS-17,ACME\\jsmith,DisplayProfile,started,approved,benign
ITEM-0148,2026-09-18T03:01:31Z,JUMP-01,ACME\\jsmith,Teams,started,approved,benign
ITEM-0515,2026-09-18T03:03:42Z,ENG-WS-17,ACME\\lchen,Teams,started,approved,benign
ITEM-0531,2026-09-18T03:11:58Z,DC-01,ACME\\mgarcia,OneDrive,started,approved,benign
ITEM-0246,2026-09-18T03:17:47Z,DC-01,ACME\\jsmith,DisplayProfile,started,approved,benign
ITEM-0348,2026-09-18T03:17:54Z,MGMT-01,ACME\\jsmith,OneDrive,started,approved,benign
ITEM-0504,2026-09-18T03:36:40Z,JUMP-01,ACME\\jsmith,OneDrive,started,approved,benign
ITEM-0105,2026-09-18T03:36:50Z,FIN-WS-09,SYSTEM,OneDrive,started,approved,benign
ITEM-0381,2026-09-18T03:55:38Z,ENG-WS-17,SYSTEM,MapDrives,started,approved,benign
ITEM-0414,2026-09-18T04:30:33Z,FIN-WS-09,ACME\\mgarcia,MapDrives,started,approved,benign
ITEM-0364,2026-09-18T04:33:49Z,HR-WS-04,ACME\\lchen,Teams,started,approved,benign
ITEM-0117,2026-09-18T04:37:51Z,FIN-WS-09,ACME\\lchen,DisplayProfile,started,approved,benign
ITEM-0557,2026-09-18T04:52:50Z,HR-WS-04,SYSTEM,DisplayProfile,started,approved,benign
ITEM-0139,2026-09-18T05:12:52Z,DC-01,ACME\\lchen,MapDrives,started,approved,benign
ITEM-0271,2026-09-18T05:15:27Z,JUMP-01,ACME\\jsmith,OneDrive,started,approved,benign
ITEM-0320,2026-09-18T05:25:53Z,DC-01,ACME\\lchen,OneDrive,started,approved,benign
ITEM-0159,2026-09-18T05:31:28Z,ENG-WS-17,SYSTEM,MapDrives,started,approved,benign
ITEM-0120,2026-09-18T05:34:51Z,DC-01,ACME\\mgarcia,DisplayProfile,started,approved,benign
ITEM-0156,2026-09-18T05:48:23Z,MGMT-01,ACME\\mgarcia,MapDrives,started,approved,benign
ITEM-0131,2026-09-18T06:06:42Z,DC-01,SYSTEM,Teams,started,approved,benign
ITEM-0123,2026-09-18T06:13:02Z,DC-01,ACME\\jsmith,DisplayProfile,started,approved,benign
ITEM-0529,2026-09-18T06:15:44Z,JUMP-01,ACME\\mgarcia,Teams,started,approved,benign
ITEM-0445,2026-09-18T06:19:47Z,ENG-WS-17,SYSTEM,Teams,started,approved,benign
ITEM-0549,2026-09-18T06:43:41Z,DC-01,SYSTEM,MapDrives,started,approved,benign
ITEM-0585,2026-09-18T07:02:27Z,DC-01,SYSTEM,OneDrive,started,approved,benign
ITEM-0257,2026-09-18T07:03:07Z,MGMT-01,ACME\\mgarcia,DisplayProfile,started,approved,benign
ITEM-0419,2026-09-18T07:04:54Z,JUMP-01,SYSTEM,DisplayProfile,started,approved,benign
ITEM-0267,2026-09-18T07:06:59Z,HR-WS-04,SYSTEM,Teams,started,approved,benign
ITEM-0540,2026-09-18T07:11:17Z,DC-01,ACME\\lchen,DisplayProfile,started,approved,benign
ITEM-0101,2026-09-18T07:31:24Z,MGMT-01,ACME\\mgarcia,Teams,started,approved,benign
ITEM-0170,2026-09-18T07:49:21Z,MGMT-01,SYSTEM,OneDrive,started,approved,benign
ITEM-0323,2026-09-18T07:57:08Z,HR-WS-04,ACME\\jsmith,Teams,started,approved,benign
ITEM-0111,2026-09-18T08:04:59Z,HR-WS-04,ACME\\lchen,OneDrive,started,approved,benign
ITEM-0370,2026-09-18T08:20:53Z,HR-WS-04,ACME\\lchen,MapDrives,started,approved,benign
ITEM-0360,2026-09-18T09:01:58Z,ENG-WS-17,ACME\\lchen,OneDrive,started,approved,benign
ITEM-0191,2026-09-18T09:14:19Z,MGMT-01,ACME\\jsmith,MapDrives,started,approved,benign
ITEM-0442,2026-09-18T09:31:32Z,DC-01,ACME\\lchen,MapDrives,started,approved,benign
ITEM-0369,2026-09-18T09:34:08Z,MGMT-01,SYSTEM,OneDrive,started,approved,benign
ITEM-0368,2026-09-18T09:47:21Z,FIN-WS-09,SYSTEM,Teams,started,approved,benign
ITEM-0403,2026-09-18T09:50:35Z,HR-WS-04,SYSTEM,Teams,started,approved,benign
ITEM-0480,2026-09-18T09:58:55Z,FIN-WS-09,ACME\\jsmith,MapDrives,started,approved,benign
ITEM-0140,2026-09-18T10:33:00Z,DC-01,SYSTEM,Teams,started,approved,benign
ITEM-0215,2026-09-18T10:39:38Z,ENG-WS-17,SYSTEM,OneDrive,started,approved,benign
ITEM-0371,2026-09-18T10:50:52Z,HR-WS-04,SYSTEM,OneDrive,started,approved,benign
ITEM-0298,2026-09-18T10:54:16Z,FIN-WS-09,ACME\\mgarcia,DisplayProfile,started,approved,benign
ITEM-0552,2026-09-18T10:56:45Z,FIN-WS-09,ACME\\lchen,Teams,started,approved,benign
ITEM-0555,2026-09-18T11:04:12Z,FIN-WS-09,SYSTEM,DisplayProfile,started,approved,benign
ITEM-0377,2026-09-18T11:32:30Z,JUMP-01,SYSTEM,DisplayProfile,started,approved,benign
ITEM-0129,2026-09-18T11:50:31Z,HR-WS-04,SYSTEM,Teams,started,approved,benign
