event_id,_time,host,user,parent_process_name,process_name,command_line,classification,note
PROC-00289,2026-09-07T12:02:58Z,ENG-WS-17,ACME\mturner,svchost.exe,inventorysvc.exe,routine process execution,benign,routine process
PROC-00352,2026-09-07T12:03:21Z,ENG-WS-17,NT AUTHORITY\SYSTEM,svchost.exe,cmd.exe,routine process execution,benign,routine process
PROC-00155,2026-09-07T12:05:23Z,DC-01,NT AUTHORITY\SYSTEM,svchost.exe,cmd.exe,routine process execution,benign,routine process
PROC-00436,2026-09-07T12:51:45Z,FILE-03,ACME\svc_sccm,services.exe,inventorysvc.exe,routine process execution,benign,routine process
PROC-00367,2026-09-07T13:00:18Z,JUMP-01,ACME\mturner,explorer.exe,cmd.exe,routine process execution,benign,routine process
PROC-00279,2026-09-07T13:32:36Z,ENG-WS-17,ACME\mturner,services.exe,inventorysvc.exe,routine process execution,benign,routine process
PROC-00109,2026-09-07T13:40:49Z,OPS-WS-08,NT AUTHORITY\SYSTEM,services.exe,powershell.exe,routine process execution,benign,routine process
PROC-00220,2026-09-07T13:52:59Z,JUMP-01,ACME\jsmith,services.exe,msiexec.exe,routine process execution,benign,routine process
PROC-00044,2026-09-07T14:07:01Z,JUMP-01,ACME\svc_sccm,services.exe,inventorysvc.exe,routine process execution,benign,routine process
PROC-00246,2026-09-07T14:15:35Z,FILE-03,ACME\adavis,explorer.exe,powershell.exe,routine process execution,benign,routine process
PROC-INC-001,2026-09-07T14:17:42Z,ENG-WS-17,ACME\adavis,powershell.exe,sc.exe,"sc.exe create WinSupportSvc binPath= ""C:\ProgramData\WinSupport\supportsvc.exe -service"" start= auto obj= LocalSystem",investigate,user creates service
PROC-INC-002,2026-09-07T14:18:12Z,ENG-WS-17,NT AUTHORITY\SYSTEM,services.exe,supportsvc.exe,C:\ProgramData\WinSupport\supportsvc.exe -service,investigate,service binary launched by SCM
PROC-INC-003,2026-09-07T14:18:28Z,ENG-WS-17,NT AUTHORITY\SYSTEM,supportsvc.exe,powershell.exe,powershell.exe -NoProfile -ExecutionPolicy Bypass -File C:\ProgramData\WinSupport\collect.ps1,investigate,service launches follow-on PowerShell
PROC-INC-004,2026-09-07T14:18:55Z,ENG-WS-17,NT AUTHORITY\SYSTEM,powershell.exe,cmd.exe,cmd.exe /c whoami /all > C:\ProgramData\WinSupport\who.txt,investigate,identity discovery
PROC-BEN-001,2026-09-07T14:24:42Z,APP-06,ACME\svc_sccm,CcmExec.exe,msiexec.exe,msiexec.exe /i ACME-Support-Agent-4.2.msi /qn,benign,SCCM starts approved installer
PROC-00291,2026-09-07T14:25:10Z,DC-01,ACME\jsmith,CcmExec.exe,inventorysvc.exe,routine process execution,benign,routine process
PROC-BEN-002,2026-09-07T14:25:14Z,APP-06,NT AUTHORITY\SYSTEM,services.exe,agent.exe,C:\Program Files\ACME\Support\agent.exe --service,benign,approved support agent starts
PROC-00041,2026-09-07T14:27:31Z,APP-06,ACME\mturner,svchost.exe,msiexec.exe,routine process execution,benign,routine process
PROC-RESP-001,2026-09-07T14:30:00Z,ENG-WS-17,ACME\jsmith,cmd.exe,sc.exe,sc.exe qc WinSupportSvc,response,responder captures configuration
PROC-00397,2026-09-07T14:31:40Z,APP-06,ACME\svc_sccm,svchost.exe,inventorysvc.exe,routine process execution,benign,routine process
PROC-RESP-002,2026-09-07T14:32:00Z,ENG-WS-17,ACME\jsmith,cmd.exe,sc.exe,sc.exe config WinSupportSvc start= disabled,response,responder disables service
PROC-00116,2026-09-07T14:37:41Z,APP-06,ACME\jsmith,services.exe,inventorysvc.exe,routine process execution,benign,routine process
PROC-00464,2026-09-07T14:41:01Z,FILE-03,ACME\jsmith,svchost.exe,msiexec.exe,routine process execution,benign,routine process
PROC-00107,2026-09-07T14:49:51Z,OPS-WS-08,ACME\svc_sccm,explorer.exe,inventorysvc.exe,routine process execution,benign,routine process
PROC-00492,2026-09-07T15:13:33Z,DC-01,ACME\adavis,CcmExec.exe,cmd.exe,routine process execution,benign,routine process
PROC-00415,2026-09-07T15:18:20Z,DC-01,ACME\svc_sccm,CcmExec.exe,agent.exe,routine process execution,benign,routine process
PROC-00238,2026-09-07T15:30:19Z,APP-06,NT AUTHORITY\SYSTEM,CcmExec.exe,cmd.exe,routine process execution,benign,routine process
PROC-00081,2026-09-07T15:53:32Z,FILE-03,ACME\jsmith,services.exe,cmd.exe,routine process execution,benign,routine process
PROC-00234,2026-09-07T15:57:37Z,ENG-WS-17,ACME\adavis,CcmExec.exe,cmd.exe,routine process execution,benign,routine process
PROC-00437,2026-09-07T16:06:23Z,JUMP-01,ACME\jsmith,CcmExec.exe,agent.exe,routine process execution,benign,routine process
PROC-00094,2026-09-07T16:11:57Z,APP-06,ACME\jsmith,explorer.exe,cmd.exe,routine process execution,benign,routine process
PROC-00388,2026-09-07T16:12:26Z,SCCM-01,ACME\adavis,explorer.exe,powershell.exe,routine process execution,benign,routine process
PROC-00250,2026-09-07T16:21:24Z,FILE-03,ACME\mturner,svchost.exe,agent.exe,routine process execution,benign,routine process
PROC-00253,2026-09-07T16:23:42Z,DC-01,ACME\jsmith,svchost.exe,agent.exe,routine process execution,benign,routine process
PROC-00098,2026-09-07T16:25:18Z,ENG-WS-17,ACME\mturner,CcmExec.exe,cmd.exe,routine process execution,benign,routine process
PROC-00384,2026-09-07T16:39:24Z,ENG-WS-17,ACME\jsmith,explorer.exe,powershell.exe,routine process execution,benign,routine process
PROC-00306,2026-09-07T16:53:39Z,FILE-03,ACME\svc_sccm,explorer.exe,msiexec.exe,routine process execution,benign,routine process
PROC-00446,2026-09-07T17:00:25Z,FILE-03,ACME\adavis,CcmExec.exe,cmd.exe,routine process execution,benign,routine process
PROC-00231,2026-09-07T17:10:17Z,JUMP-01,NT AUTHORITY\SYSTEM,explorer.exe,msiexec.exe,routine process execution,benign,routine process
PROC-00354,2026-09-07T17:12:35Z,DC-01,ACME\jsmith,CcmExec.exe,inventorysvc.exe,routine process execution,benign,routine process
PROC-00323,2026-09-07T17:13:49Z,FILE-03,NT AUTHORITY\SYSTEM,services.exe,msiexec.exe,routine process execution,benign,routine process
PROC-00413,2026-09-07T17:18:54Z,JUMP-01,ACME\jsmith,svchost.exe,inventorysvc.exe,routine process execution,benign,routine process
PROC-00156,2026-09-07T17:21:30Z,SCCM-01,ACME\jsmith,svchost.exe,msiexec.exe,routine process execution,benign,routine process
PROC-00143,2026-09-07T17:42:06Z,DC-01,ACME\jsmith,svchost.exe,msiexec.exe,routine process execution,benign,routine process
PROC-00039,2026-09-07T17:58:56Z,OPS-WS-08,ACME\mturner,services.exe,msiexec.exe,routine process execution,benign,routine process
PROC-00022,2026-09-07T18:14:50Z,JUMP-01,ACME\svc_sccm,CcmExec.exe,cmd.exe,routine process execution,benign,routine process
PROC-00202,2026-09-07T18:15:41Z,SCCM-01,ACME\adavis,svchost.exe,msiexec.exe,routine process execution,benign,routine process
PROC-00357,2026-09-07T18:17:56Z,SCCM-01,ACME\adavis,CcmExec.exe,inventorysvc.exe,routine process execution,benign,routine process
PROC-00203,2026-09-07T18:52:12Z,DC-01,NT AUTHORITY\SYSTEM,explorer.exe,agent.exe,routine process execution,benign,routine process
PROC-00315,2026-09-07T19:00:01Z,DC-01,NT AUTHORITY\SYSTEM,svchost.exe,powershell.exe,routine process execution,benign,routine process
PROC-00472,2026-09-07T19:00:33Z,JUMP-01,ACME\svc_sccm,svchost.exe,powershell.exe,routine process execution,benign,routine process
PROC-00064,2026-09-07T19:12:03Z,SCCM-01,ACME\mturner,svchost.exe,cmd.exe,routine process execution,benign,routine process
PROC-00012,2026-09-07T19:47:45Z,ENG-WS-17,ACME\mturner,svchost.exe,powershell.exe,routine process execution,benign,routine process
PROC-00409,2026-09-07T20:21:45Z,OPS-WS-08,ACME\adavis,services.exe,msiexec.exe,routine process execution,benign,routine process
PROC-00100,2026-09-07T20:23:53Z,APP-06,ACME\adavis,svchost.exe,msiexec.exe,routine process execution,benign,routine process
PROC-00319,2026-09-07T21:04:19Z,DC-01,ACME\svc_sccm,services.exe,msiexec.exe,routine process execution,benign,routine process
PROC-00195,2026-09-07T21:27:49Z,APP-06,ACME\mturner,svchost.exe,inventorysvc.exe,routine process execution,benign,routine process
PROC-00411,2026-09-07T21:31:59Z,SCCM-01,ACME\svc_sccm,svchost.exe,agent.exe,routine process execution,benign,routine process
PROC-00235,2026-09-07T21:56:54Z,SCCM-01,ACME\mturner,svchost.exe,msiexec.exe,routine process execution,benign,routine process
PROC-00170,2026-09-07T22:14:37Z,JUMP-01,ACME\adavis,CcmExec.exe,powershell.exe,routine process execution,benign,routine process
PROC-00043,2026-09-07T22:16:46Z,DC-01,ACME\svc_sccm,CcmExec.exe,msiexec.exe,routine process execution,benign,routine process
PROC-00344,2026-09-07T22:27:50Z,APP-06,ACME\svc_sccm,services.exe,inventorysvc.exe,routine process execution,benign,routine process
PROC-00029,2026-09-07T22:29:26Z,APP-06,ACME\adavis,services.exe,cmd.exe,routine process execution,benign,routine process
PROC-00153,2026-09-07T22:30:06Z,APP-06,ACME\adavis,services.exe,msiexec.exe,routine process execution,benign,routine process
PROC-00423,2026-09-07T22:34:10Z,FILE-03,ACME\adavis,svchost.exe,inventorysvc.exe,routine process execution,benign,routine process
PROC-00469,2026-09-07T23:32:25Z,DC-01,ACME\adavis,CcmExec.exe,agent.exe,routine process execution,benign,routine process
PROC-00182,2026-09-07T23:54:58Z,FILE-03,ACME\adavis,explorer.exe,powershell.exe,routine process execution,benign,routine process
PROC-00430,2026-09-07T23:55:16Z,FILE-03,ACME\adavis,services.exe,cmd.exe,routine process execution,benign,routine process
PROC-00263,2026-09-08T00:06:13Z,SCCM-01,ACME\svc_sccm,CcmExec.exe,msiexec.exe,routine process execution,benign,routine process
PROC-00444,2026-09-08T00:07:55Z,ENG-WS-17,ACME\jsmith,services.exe,inventorysvc.exe,routine process execution,benign,routine process
PROC-00468,2026-09-08T00:35:35Z,SCCM-01,ACME\adavis,explorer.exe,msiexec.exe,routine process execution,benign,routine process
PROC-00026,2026-09-08T00:49:30Z,OPS-WS-08,ACME\adavis,explorer.exe,powershell.exe,routine process execution,benign,routine process
PROC-00165,2026-09-08T01:00:28Z,FILE-03,ACME\adavis,services.exe,inventorysvc.exe,routine process execution,benign,routine process
PROC-00172,2026-09-08T01:14:11Z,FILE-03,ACME\mturner,services.exe,msiexec.exe,routine process execution,benign,routine process
PROC-00137,2026-09-08T01:19:08Z,SCCM-01,ACME\jsmith,explorer.exe,agent.exe,routine process execution,benign,routine process
PROC-00083,2026-09-08T01:20:49Z,JUMP-01,ACME\svc_sccm,svchost.exe,cmd.exe,routine process execution,benign,routine process
PROC-00272,2026-09-08T01:35:28Z,SCCM-01,NT AUTHORITY\SYSTEM,explorer.exe,inventorysvc.exe,routine process execution,benign,routine process
PROC-00117,2026-09-08T01:38:20Z,OPS-WS-08,ACME\adavis,svchost.exe,inventorysvc.exe,routine process execution,benign,routine process
PROC-00339,2026-09-08T01:40:40Z,APP-06,ACME\svc_sccm,svchost.exe,agent.exe,routine process execution,benign,routine process
PROC-00046,2026-09-08T01:42:11Z,ENG-WS-17,NT AUTHORITY\SYSTEM,CcmExec.exe,inventorysvc.exe,routine process execution,benign,routine process
PROC-00019,2026-09-08T02:06:12Z,DC-01,ACME\adavis,CcmExec.exe,msiexec.exe,routine process execution,benign,routine process
PROC-00476,2026-09-08T02:10:04Z,DC-01,ACME\svc_sccm,svchost.exe,agent.exe,routine process execution,benign,routine process
PROC-00209,2026-09-08T02:16:05Z,FILE-03,NT AUTHORITY\SYSTEM,svchost.exe,powershell.exe,routine process execution,benign,routine process
PROC-00213,2026-09-08T02:23:04Z,JUMP-01,ACME\mturner,services.exe,powershell.exe,routine process execution,benign,routine process
PROC-00186,2026-09-08T02:48:49Z,APP-06,NT AUTHORITY\SYSTEM,svchost.exe,inventorysvc.exe,routine process execution,benign,routine process
PROC-00217,2026-09-08T03:00:00Z,FILE-03,ACME\svc_sccm,services.exe,cmd.exe,routine process execution,benign,routine process
PROC-00230,2026-09-08T03:00:37Z,ENG-WS-17,ACME\svc_sccm,CcmExec.exe,cmd.exe,routine process execution,benign,routine process
PROC-00018,2026-09-08T03:02:50Z,ENG-WS-17,ACME\svc_sccm,CcmExec.exe,inventorysvc.exe,routine process execution,benign,routine process
PROC-00493,2026-09-08T03:07:01Z,JUMP-01,ACME\jsmith,svchost.exe,msiexec.exe,routine process execution,benign,routine process
PROC-00443,2026-09-08T03:07:14Z,APP-06,ACME\svc_sccm,explorer.exe,agent.exe,routine process execution,benign,routine process
PROC-00280,2026-09-08T03:09:55Z,OPS-WS-08,ACME\jsmith,explorer.exe,cmd.exe,routine process execution,benign,routine process
PROC-00102,2026-09-08T03:12:50Z,FILE-03,ACME\adavis,explorer.exe,agent.exe,routine process execution,benign,routine process
PROC-00127,2026-09-08T03:28:08Z,OPS-WS-08,ACME\svc_sccm,explorer.exe,powershell.exe,routine process execution,benign,routine process
PROC-00434,2026-09-08T03:46:10Z,OPS-WS-08,NT AUTHORITY\SYSTEM,svchost.exe,agent.exe,routine process execution,benign,routine process
PROC-00040,2026-09-08T03:47:57Z,JUMP-01,NT AUTHORITY\SYSTEM,explorer.exe,inventorysvc.exe,routine process execution,benign,routine process
PROC-00283,2026-09-08T03:49:01Z,FILE-03,ACME\svc_sccm,explorer.exe,agent.exe,routine process execution,benign,routine process
PROC-00211,2026-09-08T04:03:49Z,ENG-WS-17,ACME\jsmith,services.exe,inventorysvc.exe,routine process execution,benign,routine process
PROC-00075,2026-09-08T04:07:56Z,JUMP-01,ACME\adavis,services.exe,powershell.exe,routine process execution,benign,routine process
PROC-00478,2026-09-08T04:38:45Z,JUMP-01,ACME\adavis,services.exe,cmd.exe,routine process execution,benign,routine process
PROC-00225,2026-09-08T04:54:35Z,ENG-WS-17,ACME\mturner,svchost.exe,agent.exe,routine process execution,benign,routine process
PROC-00408,2026-09-08T05:06:36Z,DC-01,ACME\adavis,CcmExec.exe,cmd.exe,routine process execution,benign,routine process
PROC-00092,2026-09-08T05:19:41Z,SCCM-01,ACME\adavis,services.exe,inventorysvc.exe,routine process execution,benign,routine process
PROC-00237,2026-09-08T05:22:42Z,JUMP-01,ACME\svc_sccm,svchost.exe,msiexec.exe,routine process execution,benign,routine process
PROC-00171,2026-09-08T05:23:05Z,JUMP-01,ACME\adavis,explorer.exe,agent.exe,routine process execution,benign,routine process
PROC-00192,2026-09-08T05:54:08Z,JUMP-01,NT AUTHORITY\SYSTEM,CcmExec.exe,powershell.exe,routine process execution,benign,routine process
PROC-00161,2026-09-08T06:21:33Z,DC-01,ACME\adavis,explorer.exe,cmd.exe,routine process execution,benign,routine process
PROC-00243,2026-09-08T07:02:47Z,FILE-03,ACME\mturner,CcmExec.exe,cmd.exe,routine process execution,benign,routine process
PROC-00111,2026-09-08T07:03:29Z,JUMP-01,ACME\jsmith,services.exe,inventorysvc.exe,routine process execution,benign,routine process
PROC-00076,2026-09-08T07:07:23Z,DC-01,ACME\jsmith,services.exe,cmd.exe,routine process execution,benign,routine process
PROC-00288,2026-09-08T08:23:44Z,DC-01,ACME\adavis,svchost.exe,msiexec.exe,routine process execution,benign,routine process
PROC-00212,2026-09-08T08:36:13Z,SCCM-01,ACME\svc_sccm,services.exe,cmd.exe,routine process execution,benign,routine process
PROC-00383,2026-09-08T08:51:50Z,JUMP-01,ACME\svc_sccm,CcmExec.exe,powershell.exe,routine process execution,benign,routine process
PROC-00173,2026-09-08T09:16:53Z,OPS-WS-08,ACME\mturner,svchost.exe,cmd.exe,routine process execution,benign,routine process
PROC-00219,2026-09-08T10:12:54Z,SCCM-01,ACME\adavis,CcmExec.exe,inventorysvc.exe,routine process execution,benign,routine process
PROC-00115,2026-09-08T10:17:36Z,SCCM-01,ACME\mturner,explorer.exe,cmd.exe,routine process execution,benign,routine process
PROC-00320,2026-09-08T10:55:12Z,APP-06,ACME\svc_sccm,CcmExec.exe,inventorysvc.exe,routine process execution,benign,routine process
PROC-00360,2026-09-08T11:18:41Z,JUMP-01,ACME\mturner,CcmExec.exe,cmd.exe,routine process execution,benign,routine process
PROC-00457,2026-09-08T11:21:25Z,OPS-WS-08,ACME\jsmith,svchost.exe,cmd.exe,routine process execution,benign,routine process
PROC-00164,2026-09-08T11:21:55Z,APP-06,ACME\mturner,svchost.exe,inventorysvc.exe,routine process execution,benign,routine process
PROC-00399,2026-09-08T11:41:39Z,SCCM-01,ACME\adavis,explorer.exe,cmd.exe,routine process execution,benign,routine process
PROC-00163,2026-09-08T11:42:25Z,SCCM-01,ACME\adavis,services.exe,agent.exe,routine process execution,benign,routine process
PROC-00210,2026-09-08T11:56:42Z,FILE-03,ACME\jsmith,services.exe,cmd.exe,routine process execution,benign,routine process
PROC-00471,2026-09-08T12:05:28Z,OPS-WS-08,ACME\jsmith,services.exe,inventorysvc.exe,routine process execution,benign,routine process
PROC-00366,2026-09-08T12:12:14Z,ENG-WS-17,ACME\adavis,explorer.exe,cmd.exe,routine process execution,benign,routine process
PROC-00422,2026-09-08T13:58:26Z,JUMP-01,ACME\adavis,explorer.exe,agent.exe,routine process execution,benign,routine process
PROC-00395,2026-09-08T14:07:31Z,ENG-WS-17,ACME\svc_sccm,svchost.exe,powershell.exe,routine process execution,benign,routine process
PROC-00451,2026-09-08T15:11:34Z,ENG-WS-17,NT AUTHORITY\SYSTEM,explorer.exe,cmd.exe,routine process execution,benign,routine process
PROC-00052,2026-09-08T15:20:43Z,OPS-WS-08,NT AUTHORITY\SYSTEM,explorer.exe,powershell.exe,routine process execution,benign,routine process
PROC-00108,2026-09-08T15:20:51Z,FILE-03,ACME\svc_sccm,explorer.exe,cmd.exe,routine process execution,benign,routine process
PROC-00485,2026-09-08T15:24:06Z,JUMP-01,NT AUTHORITY\SYSTEM,explorer.exe,agent.exe,routine process execution,benign,routine process
PROC-00162,2026-09-08T15:40:54Z,FILE-03,ACME\mturner,CcmExec.exe,msiexec.exe,routine process execution,benign,routine process
PROC-00463,2026-09-08T15:56:50Z,ENG-WS-17,NT AUTHORITY\SYSTEM,explorer.exe,agent.exe,routine process execution,benign,routine process
PROC-00024,2026-09-08T16:01:58Z,ENG-WS-17,ACME\adavis,explorer.exe,inventorysvc.exe,routine process execution,benign,routine process
PROC-00184,2026-09-08T16:15:02Z,ENG-WS-17,ACME\adavis,explorer.exe,inventorysvc.exe,routine process execution,benign,routine process
PROC-00334,2026-09-08T16:16:35Z,OPS-WS-08,ACME\mturner,services.exe,cmd.exe,routine process execution,benign,routine process
PROC-00198,2026-09-08T16:37:49Z,ENG-WS-17,ACME\adavis,services.exe,msiexec.exe,routine process execution,benign,routine process
PROC-00023,2026-09-08T16:38:19Z,SCCM-01,ACME\mturner,explorer.exe,powershell.exe,routine process execution,benign,routine process
PROC-00180,2026-09-08T16:49:41Z,JUMP-01,ACME\jsmith,services.exe,inventorysvc.exe,routine process execution,benign,routine process
PROC-00421,2026-09-08T16:53:47Z,APP-06,ACME\svc_sccm,svchost.exe,powershell.exe,routine process execution,benign,routine process
PROC-00370,2026-09-08T17:09:19Z,ENG-WS-17,ACME\jsmith,services.exe,msiexec.exe,routine process execution,benign,routine process
PROC-00248,2026-09-08T17:16:04Z,APP-06,ACME\mturner,CcmExec.exe,inventorysvc.exe,routine process execution,benign,routine process
PROC-00349,2026-09-08T17:21:40Z,SCCM-01,NT AUTHORITY\SYSTEM,svchost.exe,agent.exe,routine process execution,benign,routine process
PROC-00079,2026-09-08T17:23:47Z,OPS-WS-08,NT AUTHORITY\SYSTEM,svchost.exe,agent.exe,routine process execution,benign,routine process
PROC-00466,2026-09-08T17:30:09Z,JUMP-01,ACME\adavis,services.exe,powershell.exe,routine process execution,benign,routine process
PROC-00009,2026-09-08T17:31:14Z,ENG-WS-17,ACME\mturner,services.exe,inventorysvc.exe,routine process execution,benign,routine process
PROC-00036,2026-09-08T17:34:02Z,APP-06,NT AUTHORITY\SYSTEM,CcmExec.exe,inventorysvc.exe,routine process execution,benign,routine process
PROC-00345,2026-09-08T18:00:03Z,DC-01,ACME\mturner,services.exe,inventorysvc.exe,routine process execution,benign,routine process
PROC-00361,2026-09-08T18:05:09Z,OPS-WS-08,ACME\jsmith,services.exe,inventorysvc.exe,routine process execution,benign,routine process
PROC-00424,2026-09-08T18:11:45Z,APP-06,ACME\mturner,CcmExec.exe,msiexec.exe,routine process execution,benign,routine process
PROC-00286,2026-09-08T18:16:02Z,APP-06,ACME\adavis,explorer.exe,msiexec.exe,routine process execution,benign,routine process
PROC-00373,2026-09-08T18:23:31Z,OPS-WS-08,NT AUTHORITY\SYSTEM,explorer.exe,agent.exe,routine process execution,benign,routine process
PROC-00113,2026-09-08T18:31:28Z,ENG-WS-17,ACME\svc_sccm,CcmExec.exe,powershell.exe,routine process execution,benign,routine process
PROC-00262,2026-09-08T18:53:18Z,SCCM-01,ACME\adavis,explorer.exe,msiexec.exe,routine process execution,benign,routine process
PROC-00417,2026-09-08T19:22:59Z,DC-01,NT AUTHORITY\SYSTEM,services.exe,cmd.exe,routine process execution,benign,routine process
PROC-00185,2026-09-08T19:23:47Z,ENG-WS-17,ACME\svc_sccm,services.exe,msiexec.exe,routine process execution,benign,routine process
PROC-00372,2026-09-08T19:27:19Z,APP-06,NT AUTHORITY\SYSTEM,CcmExec.exe,agent.exe,routine process execution,benign,routine process
PROC-00299,2026-09-08T19:51:57Z,APP-06,ACME\jsmith,explorer.exe,msiexec.exe,routine process execution,benign,routine process
PROC-00032,2026-09-08T20:17:04Z,APP-06,ACME\svc_sccm,explorer.exe,powershell.exe,routine process execution,benign,routine process
PROC-00010,2026-09-08T20:52:46Z,JUMP-01,ACME\svc_sccm,services.exe,powershell.exe,routine process execution,benign,routine process
PROC-00070,2026-09-08T21:22:22Z,SCCM-01,ACME\mturner,svchost.exe,msiexec.exe,routine process execution,benign,routine process
PROC-00290,2026-09-08T21:23:50Z,OPS-WS-08,ACME\adavis,explorer.exe,agent.exe,routine process execution,benign,routine process
PROC-00402,2026-09-08T21:59:26Z,ENG-WS-17,NT AUTHORITY\SYSTEM,explorer.exe,cmd.exe,routine process execution,benign,routine process
PROC-00359,2026-09-08T22:07:34Z,APP-06,ACME\jsmith,svchost.exe,inventorysvc.exe,routine process execution,benign,routine process
PROC-00489,2026-09-08T22:10:26Z,SCCM-01,ACME\svc_sccm,svchost.exe,agent.exe,routine process execution,benign,routine process
PROC-00060,2026-09-08T22:13:11Z,DC-01,ACME\jsmith,svchost.exe,inventorysvc.exe,routine process execution,benign,routine process
PROC-00078,2026-09-08T22:25:24Z,FILE-03,ACME\jsmith,explorer.exe,powershell.exe,routine process execution,benign,routine process
PROC-00146,2026-09-08T22:28:29Z,ENG-WS-17,ACME\svc_sccm,services.exe,inventorysvc.exe,routine process execution,benign,routine process
PROC-00038,2026-09-08T22:32:47Z,DC-01,ACME\mturner,CcmExec.exe,powershell.exe,routine process execution,benign,routine process
PROC-00271,2026-09-08T22:42:56Z,OPS-WS-08,ACME\adavis,svchost.exe,cmd.exe,routine process execution,benign,routine process
PROC-00150,2026-09-08T22:44:27Z,SCCM-01,ACME\adavis,svchost.exe,inventorysvc.exe,routine process execution,benign,routine process
PROC-00324,2026-09-08T22:50:17Z,APP-06,ACME\svc_sccm,services.exe,powershell.exe,routine process execution,benign,routine process
PROC-00473,2026-09-08T22:51:35Z,JUMP-01,ACME\svc_sccm,explorer.exe,agent.exe,routine process execution,benign,routine process
PROC-00337,2026-09-08T23:09:28Z,DC-01,ACME\jsmith,CcmExec.exe,agent.exe,routine process execution,benign,routine process
PROC-00484,2026-09-08T23:44:03Z,JUMP-01,ACME\adavis,services.exe,inventorysvc.exe,routine process execution,benign,routine process
PROC-00308,2026-09-08T23:53:28Z,JUMP-01,ACME\adavis,CcmExec.exe,msiexec.exe,routine process execution,benign,routine process
PROC-00011,2026-09-09T00:08:55Z,FILE-03,ACME\adavis,services.exe,msiexec.exe,routine process execution,benign,routine process
PROC-00261,2026-09-09T00:15:52Z,SCCM-01,ACME\jsmith,explorer.exe,msiexec.exe,routine process execution,benign,routine process
PROC-00382,2026-09-09T00:29:47Z,APP-06,ACME\jsmith,CcmExec.exe,inventorysvc.exe,routine process execution,benign,routine process
PROC-00432,2026-09-09T00:47:28Z,FILE-03,ACME\svc_sccm,svchost.exe,cmd.exe,routine process execution,benign,routine process
PROC-00144,2026-09-09T00:51:12Z,SCCM-01,NT AUTHORITY\SYSTEM,explorer.exe,cmd.exe,routine process execution,benign,routine process
PROC-00034,2026-09-09T00:57:03Z,OPS-WS-08,ACME\svc_sccm,CcmExec.exe,agent.exe,routine process execution,benign,routine process
PROC-00074,2026-09-09T01:04:52Z,OPS-WS-08,ACME\jsmith,CcmExec.exe,msiexec.exe,routine process execution,benign,routine process
PROC-00223,2026-09-09T01:17:30Z,DC-01,ACME\svc_sccm,CcmExec.exe,msiexec.exe,routine process execution,benign,routine process
PROC-00300,2026-09-09T01:21:15Z,APP-06,ACME\mturner,CcmExec.exe,cmd.exe,routine process execution,benign,routine process
PROC-00440,2026-09-09T01:30:07Z,APP-06,NT AUTHORITY\SYSTEM,svchost.exe,cmd.exe,routine process execution,benign,routine process
PROC-00364,2026-09-09T01:32:32Z,APP-06,ACME\jsmith,explorer.exe,agent.exe,routine process execution,benign,routine process
PROC-00494,2026-09-09T01:57:27Z,DC-01,NT AUTHORITY\SYSTEM,explorer.exe,agent.exe,routine process execution,benign,routine process
PROC-00385,2026-09-09T01:59:30Z,JUMP-01,ACME\adavis,svchost.exe,powershell.exe,routine process execution,benign,routine process
PROC-00189,2026-09-09T02:06:29Z,SCCM-01,ACME\jsmith,CcmExec.exe,msiexec.exe,routine process execution,benign,routine process
PROC-00374,2026-09-09T02:07:36Z,ENG-WS-17,NT AUTHORITY\SYSTEM,explorer.exe,msiexec.exe,routine process execution,benign,routine process
PROC-00462,2026-09-09T02:10:57Z,JUMP-01,ACME\adavis,explorer.exe,inventorysvc.exe,routine process execution,benign,routine process
PROC-00028,2026-09-09T02:16:03Z,DC-01,ACME\adavis,explorer.exe,msiexec.exe,routine process execution,benign,routine process
PROC-00224,2026-09-09T02:20:52Z,JUMP-01,ACME\svc_sccm,svchost.exe,cmd.exe,routine process execution,benign,routine process
PROC-00277,2026-09-09T02:35:38Z,SCCM-01,ACME\adavis,svchost.exe,msiexec.exe,routine process execution,benign,routine process
PROC-00257,2026-09-09T02:53:37Z,FILE-03,ACME\adavis,explorer.exe,cmd.exe,routine process execution,benign,routine process
PROC-00387,2026-09-09T03:07:53Z,JUMP-01,ACME\mturner,svchost.exe,msiexec.exe,routine process execution,benign,routine process
PROC-00097,2026-09-09T03:42:04Z,FILE-03,ACME\mturner,services.exe,inventorysvc.exe,routine process execution,benign,routine process
PROC-00200,2026-09-09T03:44:09Z,APP-06,ACME\jsmith,svchost.exe,agent.exe,routine process execution,benign,routine process
PROC-00341,2026-09-09T03:45:23Z,OPS-WS-08,ACME\svc_sccm,svchost.exe,powershell.exe,routine process execution,benign,routine process
PROC-00017,2026-09-09T03:56:19Z,FILE-03,ACME\svc_sccm,explorer.exe,agent.exe,routine process execution,benign,routine process
PROC-00062,2026-09-09T03:57:28Z,JUMP-01,ACME\jsmith,CcmExec.exe,cmd.exe,routine process execution,benign,routine process
PROC-00447,2026-09-09T04:00:17Z,DC-01,ACME\mturner,services.exe,cmd.exe,routine process execution,benign,routine process
PROC-00201,2026-09-09T04:19:51Z,SCCM-01,ACME\svc_sccm,CcmExec.exe,cmd.exe,routine process execution,benign,routine process
PROC-00433,2026-09-09T04:31:44Z,OPS-WS-08,ACME\mturner,svchost.exe,powershell.exe,routine process execution,benign,routine process
PROC-00338,2026-09-09T04:36:36Z,DC-01,ACME\svc_sccm,services.exe,inventorysvc.exe,routine process execution,benign,routine process
PROC-00481,2026-09-09T04:39:05Z,ENG-WS-17,ACME\svc_sccm,services.exe,cmd.exe,routine process execution,benign,routine process
PROC-00067,2026-09-09T04:40:43Z,APP-06,ACME\adavis,CcmExec.exe,inventorysvc.exe,routine process execution,benign,routine process
PROC-00181,2026-09-09T04:49:23Z,DC-01,ACME\svc_sccm,CcmExec.exe,agent.exe,routine process execution,benign,routine process
PROC-00084,2026-09-09T04:53:23Z,SCCM-01,NT AUTHORITY\SYSTEM,svchost.exe,powershell.exe,routine process execution,benign,routine process
PROC-00269,2026-09-09T05:06:27Z,FILE-03,ACME\svc_sccm,explorer.exe,cmd.exe,routine process execution,benign,routine process
PROC-00429,2026-09-09T05:15:02Z,OPS-WS-08,ACME\adavis,CcmExec.exe,powershell.exe,routine process execution,benign,routine process
PROC-00391,2026-09-09T05:21:06Z,JUMP-01,ACME\mturner,svchost.exe,cmd.exe,routine process execution,benign,routine process
PROC-00215,2026-09-09T05:24:16Z,SCCM-01,ACME\adavis,services.exe,powershell.exe,routine process execution,benign,routine process
PROC-00454,2026-09-09T05:31:21Z,FILE-03,NT AUTHORITY\SYSTEM,svchost.exe,cmd.exe,routine process execution,benign,routine process
PROC-00351,2026-09-09T05:41:54Z,APP-06,ACME\jsmith,svchost.exe,cmd.exe,routine process execution,benign,routine process
PROC-00258,2026-09-09T05:55:07Z,APP-06,ACME\mturner,services.exe,inventorysvc.exe,routine process execution,benign,routine process
PROC-00167,2026-09-09T06:14:44Z,SCCM-01,ACME\mturner,services.exe,cmd.exe,routine process execution,benign,routine process
PROC-00063,2026-09-09T06:21:08Z,ENG-WS-17,ACME\adavis,explorer.exe,msiexec.exe,routine process execution,benign,routine process
PROC-00453,2026-09-09T06:25:00Z,APP-06,ACME\adavis,CcmExec.exe,cmd.exe,routine process execution,benign,routine process
PROC-00214,2026-09-09T06:36:47Z,ENG-WS-17,ACME\adavis,CcmExec.exe,agent.exe,routine process execution,benign,routine process
PROC-00194,2026-09-09T06:36:57Z,SCCM-01,ACME\mturner,explorer.exe,agent.exe,routine process execution,benign,routine process
PROC-00400,2026-09-09T06:52:33Z,DC-01,ACME\svc_sccm,services.exe,cmd.exe,routine process execution,benign,routine process
PROC-00378,2026-09-09T06:59:52Z,DC-01,ACME\svc_sccm,services.exe,agent.exe,routine process execution,benign,routine process
PROC-00061,2026-09-09T07:13:08Z,APP-06,NT AUTHORITY\SYSTEM,CcmExec.exe,inventorysvc.exe,routine process execution,benign,routine process
PROC-00244,2026-09-09T07:16:05Z,ENG-WS-17,ACME\svc_sccm,svchost.exe,powershell.exe,routine process execution,benign,routine process
PROC-00393,2026-09-09T07:24:24Z,APP-06,NT AUTHORITY\SYSTEM,explorer.exe,powershell.exe,routine process execution,benign,routine process
PROC-00191,2026-09-09T07:24:31Z,OPS-WS-08,ACME\svc_sccm,services.exe,inventorysvc.exe,routine process execution,benign,routine process
PROC-00035,2026-09-09T07:28:05Z,JUMP-01,ACME\adavis,CcmExec.exe,inventorysvc.exe,routine process execution,benign,routine process
PROC-00296,2026-09-09T07:44:50Z,ENG-WS-17,NT AUTHORITY\SYSTEM,CcmExec.exe,powershell.exe,routine process execution,benign,routine process
PROC-00379,2026-09-09T08:31:56Z,FILE-03,ACME\jsmith,explorer.exe,msiexec.exe,routine process execution,benign,routine process
PROC-00008,2026-09-09T08:42:59Z,APP-06,ACME\mturner,CcmExec.exe,inventorysvc.exe,routine process execution,benign,routine process
PROC-00160,2026-09-09T08:48:37Z,SCCM-01,NT AUTHORITY\SYSTEM,CcmExec.exe,agent.exe,routine process execution,benign,routine process
PROC-00218,2026-09-09T08:53:37Z,APP-06,NT AUTHORITY\SYSTEM,CcmExec.exe,inventorysvc.exe,routine process execution,benign,routine process
PROC-00335,2026-09-09T09:04:43Z,FILE-03,ACME\svc_sccm,CcmExec.exe,msiexec.exe,routine process execution,benign,routine process
PROC-00122,2026-09-09T09:35:00Z,ENG-WS-17,NT AUTHORITY\SYSTEM,CcmExec.exe,cmd.exe,routine process execution,benign,routine process
PROC-00205,2026-09-09T09:37:04Z,FILE-03,ACME\svc_sccm,CcmExec.exe,msiexec.exe,routine process execution,benign,routine process
PROC-00048,2026-09-09T10:01:35Z,JUMP-01,ACME\svc_sccm,explorer.exe,cmd.exe,routine process execution,benign,routine process
PROC-00056,2026-09-09T10:07:56Z,FILE-03,ACME\mturner,explorer.exe,agent.exe,routine process execution,benign,routine process
PROC-00365,2026-09-09T10:14:28Z,DC-01,ACME\svc_sccm,explorer.exe,agent.exe,routine process execution,benign,routine process
PROC-00065,2026-09-09T10:40:34Z,JUMP-01,NT AUTHORITY\SYSTEM,explorer.exe,cmd.exe,routine process execution,benign,routine process
PROC-00132,2026-09-09T10:42:42Z,DC-01,NT AUTHORITY\SYSTEM,services.exe,inventorysvc.exe,routine process execution,benign,routine process
PROC-00274,2026-09-09T10:44:55Z,DC-01,ACME\mturner,CcmExec.exe,agent.exe,routine process execution,benign,routine process
PROC-00151,2026-09-09T10:50:53Z,FILE-03,NT AUTHORITY\SYSTEM,services.exe,agent.exe,routine process execution,benign,routine process
PROC-00326,2026-09-09T10:57:40Z,DC-01,ACME\mturner,CcmExec.exe,cmd.exe,routine process execution,benign,routine process
PROC-00376,2026-09-09T11:15:52Z,APP-06,NT AUTHORITY\SYSTEM,svchost.exe,agent.exe,routine process execution,benign,routine process
PROC-00133,2026-09-09T11:31:21Z,OPS-WS-08,ACME\adavis,explorer.exe,agent.exe,routine process execution,benign,routine process
PROC-00266,2026-09-09T11:46:03Z,DC-01,ACME\mturner,services.exe,inventorysvc.exe,routine process execution,benign,routine process
PROC-00226,2026-09-09T12:21:09Z,JUMP-01,ACME\adavis,CcmExec.exe,msiexec.exe,routine process execution,benign,routine process
PROC-00350,2026-09-09T12:30:33Z,DC-01,ACME\adavis,services.exe,msiexec.exe,routine process execution,benign,routine process
PROC-00267,2026-09-09T12:36:55Z,JUMP-01,ACME\jsmith,svchost.exe,powershell.exe,routine process execution,benign,routine process
PROC-00314,2026-09-09T12:39:00Z,ENG-WS-17,ACME\svc_sccm,explorer.exe,powershell.exe,routine process execution,benign,routine process
PROC-00449,2026-09-09T13:00:49Z,ENG-WS-17,ACME\mturner,CcmExec.exe,agent.exe,routine process execution,benign,routine process
PROC-00055,2026-09-09T13:03:36Z,OPS-WS-08,NT AUTHORITY\SYSTEM,explorer.exe,inventorysvc.exe,routine process execution,benign,routine process
PROC-00356,2026-09-09T13:05:51Z,DC-01,ACME\mturner,CcmExec.exe,msiexec.exe,routine process execution,benign,routine process
PROC-00030,2026-09-09T13:12:00Z,SCCM-01,NT AUTHORITY\SYSTEM,services.exe,msiexec.exe,routine process execution,benign,routine process
PROC-00096,2026-09-09T13:12:28Z,SCCM-01,ACME\adavis,svchost.exe,agent.exe,routine process execution,benign,routine process
PROC-00020,2026-09-09T13:22:39Z,JUMP-01,ACME\adavis,svchost.exe,msiexec.exe,routine process execution,benign,routine process
PROC-00358,2026-09-09T13:30:31Z,JUMP-01,NT AUTHORITY\SYSTEM,services.exe,agent.exe,routine process execution,benign,routine process
PROC-00233,2026-09-09T13:41:40Z,FILE-03,ACME\adavis,CcmExec.exe,cmd.exe,routine process execution,benign,routine process
PROC-00490,2026-09-09T13:53:29Z,FILE-03,NT AUTHORITY\SYSTEM,explorer.exe,msiexec.exe,routine process execution,benign,routine process
PROC-00232,2026-09-09T14:47:38Z,SCCM-01,ACME\svc_sccm,services.exe,inventorysvc.exe,routine process execution,benign,routine process
PROC-00292,2026-09-09T14:51:33Z,APP-06,NT AUTHORITY\SYSTEM,CcmExec.exe,agent.exe,routine process execution,benign,routine process
PROC-00066,2026-09-09T14:55:49Z,ENG-WS-17,ACME\mturner,explorer.exe,powershell.exe,routine process execution,benign,routine process
PROC-00431,2026-09-09T15:06:17Z,SCCM-01,ACME\svc_sccm,explorer.exe,inventorysvc.exe,routine process execution,benign,routine process
PROC-00303,2026-09-09T15:22:44Z,APP-06,ACME\jsmith,services.exe,agent.exe,routine process execution,benign,routine process
PROC-00336,2026-09-09T15:33:56Z,ENG-WS-17,ACME\mturner,CcmExec.exe,powershell.exe,routine process execution,benign,routine process
PROC-00047,2026-09-09T15:38:12Z,APP-06,ACME\jsmith,services.exe,msiexec.exe,routine process execution,benign,routine process
PROC-00174,2026-09-09T15:54:27Z,JUMP-01,ACME\svc_sccm,CcmExec.exe,cmd.exe,routine process execution,benign,routine process
PROC-00420,2026-09-09T15:56:40Z,FILE-03,NT AUTHORITY\SYSTEM,CcmExec.exe,msiexec.exe,routine process execution,benign,routine process
PROC-00482,2026-09-09T16:38:45Z,SCCM-01,ACME\mturner,svchost.exe,powershell.exe,routine process execution,benign,routine process
PROC-00130,2026-09-09T16:45:59Z,ENG-WS-17,ACME\mturner,explorer.exe,inventorysvc.exe,routine process execution,benign,routine process
PROC-00405,2026-09-09T16:46:48Z,ENG-WS-17,ACME\svc_sccm,explorer.exe,inventorysvc.exe,routine process execution,benign,routine process
PROC-00394,2026-09-09T17:02:45Z,DC-01,ACME\adavis,services.exe,inventorysvc.exe,routine process execution,benign,routine process
PROC-00050,2026-09-09T17:15:49Z,JUMP-01,ACME\mturner,services.exe,inventorysvc.exe,routine process execution,benign,routine process
PROC-00332,2026-09-09T17:17:56Z,ENG-WS-17,NT AUTHORITY\SYSTEM,explorer.exe,msiexec.exe,routine process execution,benign,routine process
PROC-00427,2026-09-09T17:35:47Z,OPS-WS-08,ACME\jsmith,explorer.exe,inventorysvc.exe,routine process execution,benign,routine process
PROC-00480,2026-09-09T17:38:54Z,ENG-WS-17,NT AUTHORITY\SYSTEM,explorer.exe,inventorysvc.exe,routine process execution,benign,routine process
PROC-00305,2026-09-09T17:39:40Z,FILE-03,ACME\mturner,services.exe,agent.exe,routine process execution,benign,routine process
PROC-00177,2026-09-09T17:41:49Z,APP-06,ACME\mturner,svchost.exe,agent.exe,routine process execution,benign,routine process
PROC-00228,2026-09-09T17:51:09Z,JUMP-01,ACME\jsmith,CcmExec.exe,inventorysvc.exe,routine process execution,benign,routine process
PROC-00221,2026-09-09T17:53:21Z,FILE-03,ACME\adavis,services.exe,cmd.exe,routine process execution,benign,routine process
PROC-00325,2026-09-09T17:59:17Z,SCCM-01,ACME\jsmith,CcmExec.exe,powershell.exe,routine process execution,benign,routine process
PROC-00249,2026-09-09T18:08:21Z,JUMP-01,ACME\jsmith,services.exe,inventorysvc.exe,routine process execution,benign,routine process
PROC-00140,2026-09-09T18:14:25Z,JUMP-01,ACME\svc_sccm,services.exe,powershell.exe,routine process execution,benign,routine process
PROC-00068,2026-09-09T18:40:22Z,APP-06,ACME\svc_sccm,CcmExec.exe,inventorysvc.exe,routine process execution,benign,routine process
PROC-00183,2026-09-09T19:00:57Z,FILE-03,ACME\jsmith,explorer.exe,cmd.exe,routine process execution,benign,routine process
PROC-00089,2026-09-09T19:06:33Z,SCCM-01,ACME\svc_sccm,svchost.exe,powershell.exe,routine process execution,benign,routine process
PROC-00414,2026-09-09T19:20:04Z,OPS-WS-08,ACME\jsmith,svchost.exe,cmd.exe,routine process execution,benign,routine process
PROC-00407,2026-09-09T19:33:15Z,OPS-WS-08,ACME\mturner,explorer.exe,msiexec.exe,routine process execution,benign,routine process
PROC-00264,2026-09-09T19:35:35Z,APP-06,NT AUTHORITY\SYSTEM,CcmExec.exe,agent.exe,routine process execution,benign,routine process
PROC-00027,2026-09-09T19:36:42Z,FILE-03,ACME\jsmith,CcmExec.exe,cmd.exe,routine process execution,benign,routine process
PROC-00301,2026-09-09T19:56:55Z,JUMP-01,ACME\svc_sccm,services.exe,msiexec.exe,routine process execution,benign,routine process
PROC-00316,2026-09-09T20:36:44Z,APP-06,ACME\jsmith,services.exe,inventorysvc.exe,routine process execution,benign,routine process
PROC-00346,2026-09-09T20:39:22Z,DC-01,ACME\adavis,svchost.exe,inventorysvc.exe,routine process execution,benign,routine process
PROC-00442,2026-09-09T20:45:13Z,OPS-WS-08,ACME\mturner,CcmExec.exe,agent.exe,routine process execution,benign,routine process
PROC-00136,2026-09-09T20:47:52Z,APP-06,ACME\adavis,CcmExec.exe,inventorysvc.exe,routine process execution,benign,routine process
PROC-00037,2026-09-09T21:01:38Z,DC-01,ACME\jsmith,CcmExec.exe,agent.exe,routine process execution,benign,routine process
PROC-00425,2026-09-09T21:11:47Z,OPS-WS-08,ACME\mturner,CcmExec.exe,inventorysvc.exe,routine process execution,benign,routine process
PROC-00069,2026-09-09T21:17:42Z,FILE-03,NT AUTHORITY\SYSTEM,services.exe,msiexec.exe,routine process execution,benign,routine process
PROC-00088,2026-09-09T21:24:44Z,DC-01,ACME\adavis,services.exe,msiexec.exe,routine process execution,benign,routine process
PROC-00139,2026-09-09T21:25:01Z,ENG-WS-17,ACME\mturner,svchost.exe,inventorysvc.exe,routine process execution,benign,routine process
PROC-00287,2026-09-09T21:34:55Z,ENG-WS-17,ACME\adavis,CcmExec.exe,cmd.exe,routine process execution,benign,routine process
PROC-00014,2026-09-09T22:41:16Z,JUMP-01,ACME\svc_sccm,CcmExec.exe,msiexec.exe,routine process execution,benign,routine process
PROC-00404,2026-09-09T22:48:35Z,FILE-03,ACME\adavis,explorer.exe,cmd.exe,routine process execution,benign,routine process
PROC-00412,2026-09-09T22:55:22Z,APP-06,ACME\adavis,services.exe,msiexec.exe,routine process execution,benign,routine process
PROC-00121,2026-09-09T23:09:01Z,APP-06,ACME\svc_sccm,services.exe,msiexec.exe,routine process execution,benign,routine process
PROC-00497,2026-09-09T23:13:48Z,SCCM-01,NT AUTHORITY\SYSTEM,services.exe,cmd.exe,routine process execution,benign,routine process
PROC-00270,2026-09-09T23:15:24Z,OPS-WS-08,ACME\adavis,CcmExec.exe,inventorysvc.exe,routine process execution,benign,routine process
PROC-00138,2026-09-09T23:25:24Z,APP-06,NT AUTHORITY\SYSTEM,services.exe,inventorysvc.exe,routine process execution,benign,routine process
PROC-00145,2026-09-09T23:26:33Z,SCCM-01,NT AUTHORITY\SYSTEM,svchost.exe,msiexec.exe,routine process execution,benign,routine process
PROC-00015,2026-09-09T23:36:26Z,JUMP-01,ACME\jsmith,svchost.exe,agent.exe,routine process execution,benign,routine process
PROC-00293,2026-09-09T23:45:24Z,OPS-WS-08,ACME\adavis,services.exe,cmd.exe,routine process execution,benign,routine process
PROC-00275,2026-09-09T23:50:29Z,OPS-WS-08,ACME\mturner,services.exe,msiexec.exe,routine process execution,benign,routine process
PROC-00342,2026-09-09T23:51:05Z,FILE-03,NT AUTHORITY\SYSTEM,svchost.exe,cmd.exe,routine process execution,benign,routine process
PROC-00333,2026-09-10T00:02:43Z,FILE-03,ACME\adavis,svchost.exe,powershell.exe,routine process execution,benign,routine process
PROC-00477,2026-09-10T00:03:12Z,OPS-WS-08,NT AUTHORITY\SYSTEM,svchost.exe,agent.exe,routine process execution,benign,routine process
PROC-00199,2026-09-10T00:19:37Z,JUMP-01,NT AUTHORITY\SYSTEM,services.exe,powershell.exe,routine process execution,benign,routine process
PROC-00377,2026-09-10T00:23:37Z,SCCM-01,ACME\jsmith,services.exe,powershell.exe,routine process execution,benign,routine process
PROC-00343,2026-09-10T00:42:57Z,ENG-WS-17,ACME\adavis,services.exe,inventorysvc.exe,routine process execution,benign,routine process
PROC-00311,2026-09-10T00:51:27Z,ENG-WS-17,ACME\svc_sccm,services.exe,powershell.exe,routine process execution,benign,routine process
PROC-00222,2026-09-10T00:51:38Z,SCCM-01,ACME\mturner,explorer.exe,msiexec.exe,routine process execution,benign,routine process
PROC-00193,2026-09-10T00:55:25Z,JUMP-01,ACME\mturner,CcmExec.exe,agent.exe,routine process execution,benign,routine process
PROC-00059,2026-09-10T01:09:01Z,APP-06,ACME\adavis,CcmExec.exe,powershell.exe,routine process execution,benign,routine process
PROC-00049,2026-09-10T01:12:24Z,FILE-03,NT AUTHORITY\SYSTEM,services.exe,cmd.exe,routine process execution,benign,routine process
PROC-00131,2026-09-10T01:20:26Z,OPS-WS-08,NT AUTHORITY\SYSTEM,services.exe,msiexec.exe,routine process execution,benign,routine process
PROC-00390,2026-09-10T01:33:35Z,FILE-03,ACME\mturner,CcmExec.exe,inventorysvc.exe,routine process execution,benign,routine process
PROC-00229,2026-09-10T01:39:25Z,ENG-WS-17,NT AUTHORITY\SYSTEM,CcmExec.exe,powershell.exe,routine process execution,benign,routine process
PROC-00128,2026-09-10T02:02:33Z,FILE-03,ACME\svc_sccm,explorer.exe,inventorysvc.exe,routine process execution,benign,routine process
PROC-00439,2026-09-10T02:10:27Z,SCCM-01,ACME\mturner,svchost.exe,agent.exe,routine process execution,benign,routine process
PROC-00227,2026-09-10T02:20:04Z,ENG-WS-17,ACME\jsmith,services.exe,msiexec.exe,routine process execution,benign,routine process
PROC-00362,2026-09-10T02:29:15Z,ENG-WS-17,ACME\jsmith,services.exe,msiexec.exe,routine process execution,benign,routine process
PROC-00470,2026-09-10T02:30:37Z,FILE-03,ACME\svc_sccm,services.exe,powershell.exe,routine process execution,benign,routine process
PROC-00134,2026-09-10T02:40:48Z,OPS-WS-08,ACME\mturner,explorer.exe,cmd.exe,routine process execution,benign,routine process
PROC-00353,2026-09-10T03:05:21Z,APP-06,ACME\jsmith,explorer.exe,cmd.exe,routine process execution,benign,routine process
PROC-00148,2026-09-10T03:12:20Z,APP-06,NT AUTHORITY\SYSTEM,svchost.exe,msiexec.exe,routine process execution,benign,routine process
PROC-00428,2026-09-10T03:44:44Z,FILE-03,ACME\svc_sccm,explorer.exe,cmd.exe,routine process execution,benign,routine process
PROC-00281,2026-09-10T03:52:18Z,FILE-03,ACME\svc_sccm,svchost.exe,msiexec.exe,routine process execution,benign,routine process
PROC-00460,2026-09-10T04:09:47Z,ENG-WS-17,ACME\adavis,svchost.exe,powershell.exe,routine process execution,benign,routine process
PROC-00080,2026-09-10T04:25:23Z,OPS-WS-08,ACME\mturner,services.exe,inventorysvc.exe,routine process execution,benign,routine process
PROC-00307,2026-09-10T04:37:00Z,OPS-WS-08,ACME\svc_sccm,CcmExec.exe,inventorysvc.exe,routine process execution,benign,routine process
PROC-00119,2026-09-10T04:37:28Z,DC-01,NT AUTHORITY\SYSTEM,svchost.exe,msiexec.exe,routine process execution,benign,routine process
PROC-00187,2026-09-10T04:43:40Z,SCCM-01,ACME\adavis,svchost.exe,powershell.exe,routine process execution,benign,routine process
PROC-00403,2026-09-10T04:55:27Z,JUMP-01,ACME\svc_sccm,CcmExec.exe,cmd.exe,routine process execution,benign,routine process
PROC-00401,2026-09-10T05:01:48Z,APP-06,NT AUTHORITY\SYSTEM,svchost.exe,cmd.exe,routine process execution,benign,routine process
PROC-00123,2026-09-10T05:07:34Z,FILE-03,NT AUTHORITY\SYSTEM,explorer.exe,msiexec.exe,routine process execution,benign,routine process
PROC-00313,2026-09-10T05:16:49Z,DC-01,NT AUTHORITY\SYSTEM,CcmExec.exe,cmd.exe,routine process execution,benign,routine process
PROC-00498,2026-09-10T05:42:13Z,OPS-WS-08,ACME\adavis,CcmExec.exe,cmd.exe,routine process execution,benign,routine process
PROC-00110,2026-09-10T05:44:16Z,ENG-WS-17,ACME\adavis,services.exe,powershell.exe,routine process execution,benign,routine process
PROC-00418,2026-09-10T05:50:23Z,FILE-03,ACME\mturner,svchost.exe,powershell.exe,routine process execution,benign,routine process
PROC-00159,2026-09-10T05:53:10Z,SCCM-01,ACME\svc_sccm,services.exe,msiexec.exe,routine process execution,benign,routine process
PROC-00452,2026-09-10T05:56:19Z,DC-01,ACME\jsmith,explorer.exe,msiexec.exe,routine process execution,benign,routine process
PROC-00175,2026-09-10T06:03:09Z,FILE-03,ACME\svc_sccm,services.exe,inventorysvc.exe,routine process execution,benign,routine process
PROC-00328,2026-09-10T06:10:16Z,DC-01,NT AUTHORITY\SYSTEM,services.exe,powershell.exe,routine process execution,benign,routine process
PROC-00435,2026-09-10T06:13:35Z,JUMP-01,NT AUTHORITY\SYSTEM,svchost.exe,agent.exe,routine process execution,benign,routine process
PROC-00386,2026-09-10T06:25:48Z,JUMP-01,ACME\jsmith,explorer.exe,powershell.exe,routine process execution,benign,routine process
PROC-00103,2026-09-10T06:32:46Z,FILE-03,ACME\svc_sccm,explorer.exe,powershell.exe,routine process execution,benign,routine process
PROC-00169,2026-09-10T06:38:49Z,DC-01,ACME\adavis,explorer.exe,powershell.exe,routine process execution,benign,routine process
PROC-00392,2026-09-10T06:52:16Z,OPS-WS-08,ACME\mturner,CcmExec.exe,cmd.exe,routine process execution,benign,routine process
PROC-00245,2026-09-10T06:54:55Z,JUMP-01,ACME\jsmith,svchost.exe,inventorysvc.exe,routine process execution,benign,routine process
PROC-00196,2026-09-10T06:57:06Z,OPS-WS-08,NT AUTHORITY\SYSTEM,explorer.exe,inventorysvc.exe,routine process execution,benign,routine process
PROC-00208,2026-09-10T06:57:41Z,JUMP-01,ACME\svc_sccm,services.exe,msiexec.exe,routine process execution,benign,routine process
PROC-00398,2026-09-10T07:07:30Z,SCCM-01,ACME\jsmith,services.exe,inventorysvc.exe,routine process execution,benign,routine process
PROC-00461,2026-09-10T07:41:08Z,JUMP-01,ACME\mturner,explorer.exe,powershell.exe,routine process execution,benign,routine process
PROC-00327,2026-09-10T07:43:43Z,APP-06,ACME\jsmith,svchost.exe,powershell.exe,routine process execution,benign,routine process
PROC-00254,2026-09-10T07:53:38Z,SCCM-01,ACME\jsmith,svchost.exe,inventorysvc.exe,routine process execution,benign,routine process
PROC-00057,2026-09-10T08:09:16Z,APP-06,ACME\svc_sccm,svchost.exe,cmd.exe,routine process execution,benign,routine process
PROC-00259,2026-09-10T08:11:54Z,APP-06,NT AUTHORITY\SYSTEM,services.exe,cmd.exe,routine process execution,benign,routine process
PROC-00475,2026-09-10T08:13:52Z,SCCM-01,ACME\adavis,explorer.exe,cmd.exe,routine process execution,benign,routine process
PROC-00168,2026-09-10T08:36:10Z,OPS-WS-08,ACME\svc_sccm,svchost.exe,msiexec.exe,routine process execution,benign,routine process
PROC-00368,2026-09-10T08:43:22Z,SCCM-01,ACME\adavis,svchost.exe,agent.exe,routine process execution,benign,routine process
PROC-00207,2026-09-10T09:19:39Z,FILE-03,NT AUTHORITY\SYSTEM,explorer.exe,powershell.exe,routine process execution,benign,routine process
PROC-00441,2026-09-10T09:33:28Z,JUMP-01,ACME\svc_sccm,services.exe,agent.exe,routine process execution,benign,routine process
PROC-00142,2026-09-10T09:34:15Z,FILE-03,ACME\adavis,services.exe,powershell.exe,routine process execution,benign,routine process
PROC-00295,2026-09-10T09:43:58Z,OPS-WS-08,ACME\jsmith,svchost.exe,inventorysvc.exe,routine process execution,benign,routine process
PROC-00310,2026-09-10T09:45:11Z,FILE-03,ACME\mturner,explorer.exe,cmd.exe,routine process execution,benign,routine process
PROC-00276,2026-09-10T09:46:33Z,FILE-03,NT AUTHORITY\SYSTEM,services.exe,msiexec.exe,routine process execution,benign,routine process
PROC-00135,2026-09-10T09:46:47Z,JUMP-01,NT AUTHORITY\SYSTEM,CcmExec.exe,cmd.exe,routine process execution,benign,routine process
PROC-00297,2026-09-10T09:53:39Z,JUMP-01,ACME\mturner,CcmExec.exe,msiexec.exe,routine process execution,benign,routine process
PROC-00106,2026-09-10T10:02:17Z,FILE-03,ACME\jsmith,svchost.exe,msiexec.exe,routine process execution,benign,routine process
PROC-00318,2026-09-10T10:16:25Z,FILE-03,ACME\jsmith,services.exe,inventorysvc.exe,routine process execution,benign,routine process
PROC-00252,2026-09-10T10:19:27Z,DC-01,ACME\svc_sccm,svchost.exe,cmd.exe,routine process execution,benign,routine process
PROC-00321,2026-09-10T10:22:15Z,DC-01,ACME\svc_sccm,services.exe,powershell.exe,routine process execution,benign,routine process
PROC-00099,2026-09-10T10:45:57Z,SCCM-01,ACME\jsmith,services.exe,inventorysvc.exe,routine process execution,benign,routine process
PROC-00448,2026-09-10T10:58:48Z,SCCM-01,ACME\adavis,services.exe,cmd.exe,routine process execution,benign,routine process
PROC-00178,2026-09-10T11:05:02Z,DC-01,ACME\jsmith,explorer.exe,powershell.exe,routine process execution,benign,routine process
PROC-00251,2026-09-10T11:25:52Z,DC-01,NT AUTHORITY\SYSTEM,CcmExec.exe,cmd.exe,routine process execution,benign,routine process
PROC-00204,2026-09-10T11:32:35Z,JUMP-01,ACME\svc_sccm,explorer.exe,inventorysvc.exe,routine process execution,benign,routine process
PROC-00268,2026-09-10T11:33:53Z,ENG-WS-17,ACME\mturner,services.exe,agent.exe,routine process execution,benign,routine process
PROC-00095,2026-09-10T11:38:32Z,OPS-WS-08,NT AUTHORITY\SYSTEM,svchost.exe,cmd.exe,routine process execution,benign,routine process
PROC-00154,2026-09-10T12:07:32Z,JUMP-01,NT AUTHORITY\SYSTEM,CcmExec.exe,cmd.exe,routine process execution,benign,routine process
PROC-00260,2026-09-10T12:12:18Z,JUMP-01,NT AUTHORITY\SYSTEM,CcmExec.exe,powershell.exe,routine process execution,benign,routine process
PROC-00179,2026-09-10T12:22:18Z,SCCM-01,ACME\jsmith,explorer.exe,cmd.exe,routine process execution,benign,routine process
PROC-00090,2026-09-10T12:29:22Z,ENG-WS-17,ACME\svc_sccm,explorer.exe,cmd.exe,routine process execution,benign,routine process
PROC-00112,2026-09-10T12:50:27Z,JUMP-01,ACME\jsmith,svchost.exe,cmd.exe,routine process execution,benign,routine process
PROC-00450,2026-09-10T12:51:10Z,SCCM-01,NT AUTHORITY\SYSTEM,CcmExec.exe,msiexec.exe,routine process execution,benign,routine process
PROC-00104,2026-09-10T13:05:35Z,JUMP-01,ACME\mturner,explorer.exe,cmd.exe,routine process execution,benign,routine process
PROC-00273,2026-09-10T13:08:16Z,JUMP-01,ACME\svc_sccm,explorer.exe,agent.exe,routine process execution,benign,routine process
PROC-00157,2026-09-10T13:11:55Z,OPS-WS-08,NT AUTHORITY\SYSTEM,explorer.exe,cmd.exe,routine process execution,benign,routine process
PROC-00329,2026-09-10T13:13:58Z,ENG-WS-17,ACME\adavis,services.exe,agent.exe,routine process execution,benign,routine process
PROC-00396,2026-09-10T13:24:53Z,DC-01,ACME\mturner,CcmExec.exe,agent.exe,routine process execution,benign,routine process
PROC-00051,2026-09-10T13:33:41Z,APP-06,ACME\mturner,services.exe,cmd.exe,routine process execution,benign,routine process
PROC-00149,2026-09-10T13:40:39Z,ENG-WS-17,ACME\svc_sccm,CcmExec.exe,powershell.exe,routine process execution,benign,routine process
PROC-00045,2026-09-10T13:41:24Z,DC-01,ACME\adavis,CcmExec.exe,agent.exe,routine process execution,benign,routine process
PROC-00410,2026-09-10T13:46:26Z,FILE-03,ACME\jsmith,CcmExec.exe,powershell.exe,routine process execution,benign,routine process
PROC-00033,2026-09-10T13:56:01Z,FILE-03,ACME\adavis,CcmExec.exe,agent.exe,routine process execution,benign,routine process
PROC-00247,2026-09-10T15:01:12Z,DC-01,ACME\jsmith,services.exe,msiexec.exe,routine process execution,benign,routine process
PROC-00042,2026-09-10T15:21:48Z,FILE-03,ACME\jsmith,services.exe,msiexec.exe,routine process execution,benign,routine process
PROC-00459,2026-09-10T15:35:46Z,SCCM-01,ACME\svc_sccm,svchost.exe,msiexec.exe,routine process execution,benign,routine process
PROC-00158,2026-09-10T15:43:38Z,FILE-03,ACME\jsmith,services.exe,powershell.exe,routine process execution,benign,routine process
PROC-00087,2026-09-10T15:44:32Z,SCCM-01,ACME\adavis,explorer.exe,cmd.exe,routine process execution,benign,routine process
PROC-00340,2026-09-10T16:02:08Z,OPS-WS-08,ACME\adavis,CcmExec.exe,cmd.exe,routine process execution,benign,routine process
PROC-00474,2026-09-10T16:09:10Z,FILE-03,ACME\svc_sccm,services.exe,powershell.exe,routine process execution,benign,routine process
PROC-00197,2026-09-10T16:20:00Z,JUMP-01,ACME\adavis,explorer.exe,agent.exe,routine process execution,benign,routine process
PROC-00465,2026-09-10T16:21:35Z,JUMP-01,NT AUTHORITY\SYSTEM,CcmExec.exe,powershell.exe,routine process execution,benign,routine process
PROC-00426,2026-09-10T16:42:57Z,OPS-WS-08,ACME\mturner,svchost.exe,inventorysvc.exe,routine process execution,benign,routine process
PROC-00256,2026-09-10T16:56:14Z,APP-06,NT AUTHORITY\SYSTEM,services.exe,powershell.exe,routine process execution,benign,routine process
PROC-00406,2026-09-10T16:59:16Z,JUMP-01,ACME\mturner,svchost.exe,inventorysvc.exe,routine process execution,benign,routine process
PROC-00381,2026-09-10T17:07:58Z,FILE-03,ACME\svc_sccm,CcmExec.exe,powershell.exe,routine process execution,benign,routine process
PROC-00120,2026-09-10T17:08:02Z,OPS-WS-08,ACME\mturner,CcmExec.exe,agent.exe,routine process execution,benign,routine process
PROC-00355,2026-09-10T17:14:48Z,ENG-WS-17,NT AUTHORITY\SYSTEM,svchost.exe,agent.exe,routine process execution,benign,routine process
PROC-00487,2026-09-10T17:20:53Z,ENG-WS-17,ACME\svc_sccm,svchost.exe,msiexec.exe,routine process execution,benign,routine process
PROC-00312,2026-09-10T17:23:08Z,APP-06,ACME\adavis,services.exe,agent.exe,routine process execution,benign,routine process
PROC-00013,2026-09-10T17:29:42Z,OPS-WS-08,ACME\adavis,CcmExec.exe,agent.exe,routine process execution,benign,routine process
PROC-00101,2026-09-10T18:00:31Z,APP-06,ACME\jsmith,services.exe,cmd.exe,routine process execution,benign,routine process
PROC-00082,2026-09-10T18:27:29Z,DC-01,ACME\jsmith,CcmExec.exe,cmd.exe,routine process execution,benign,routine process
PROC-00496,2026-09-10T18:27:47Z,FILE-03,ACME\svc_sccm,svchost.exe,agent.exe,routine process execution,benign,routine process
PROC-00294,2026-09-10T18:29:41Z,SCCM-01,ACME\jsmith,services.exe,msiexec.exe,routine process execution,benign,routine process
PROC-00416,2026-09-10T19:27:04Z,OPS-WS-08,ACME\adavis,services.exe,cmd.exe,routine process execution,benign,routine process
PROC-00072,2026-09-10T19:38:38Z,DC-01,ACME\jsmith,explorer.exe,cmd.exe,routine process execution,benign,routine process
PROC-00126,2026-09-10T20:22:56Z,OPS-WS-08,ACME\mturner,explorer.exe,msiexec.exe,routine process execution,benign,routine process
PROC-00285,2026-09-10T21:05:39Z,DC-01,ACME\mturner,services.exe,agent.exe,routine process execution,benign,routine process
PROC-00118,2026-09-10T21:36:52Z,APP-06,ACME\adavis,CcmExec.exe,cmd.exe,routine process execution,benign,routine process
PROC-00304,2026-09-10T22:03:13Z,SCCM-01,ACME\adavis,explorer.exe,msiexec.exe,routine process execution,benign,routine process
PROC-00240,2026-09-10T22:14:19Z,JUMP-01,ACME\adavis,svchost.exe,powershell.exe,routine process execution,benign,routine process
PROC-00298,2026-09-10T22:25:12Z,DC-01,ACME\svc_sccm,services.exe,inventorysvc.exe,routine process execution,benign,routine process
PROC-00491,2026-09-10T22:30:09Z,APP-06,NT AUTHORITY\SYSTEM,services.exe,cmd.exe,routine process execution,benign,routine process
PROC-00093,2026-09-10T22:31:44Z,FILE-03,ACME\adavis,services.exe,msiexec.exe,routine process execution,benign,routine process
PROC-00129,2026-09-10T22:45:56Z,OPS-WS-08,NT AUTHORITY\SYSTEM,svchost.exe,cmd.exe,routine process execution,benign,routine process
PROC-00166,2026-09-10T22:54:24Z,FILE-03,ACME\adavis,explorer.exe,msiexec.exe,routine process execution,benign,routine process
PROC-00309,2026-09-10T23:17:34Z,FILE-03,ACME\jsmith,CcmExec.exe,cmd.exe,routine process execution,benign,routine process
PROC-00073,2026-09-10T23:21:46Z,APP-06,ACME\adavis,explorer.exe,inventorysvc.exe,routine process execution,benign,routine process
PROC-00141,2026-09-10T23:31:46Z,OPS-WS-08,ACME\jsmith,services.exe,powershell.exe,routine process execution,benign,routine process
PROC-00369,2026-09-10T23:55:51Z,APP-06,ACME\svc_sccm,CcmExec.exe,inventorysvc.exe,routine process execution,benign,routine process
PROC-00483,2026-09-11T00:16:47Z,ENG-WS-17,ACME\jsmith,explorer.exe,cmd.exe,routine process execution,benign,routine process
PROC-00330,2026-09-11T00:16:56Z,DC-01,ACME\svc_sccm,services.exe,msiexec.exe,routine process execution,benign,routine process
PROC-00467,2026-09-11T00:30:09Z,FILE-03,ACME\svc_sccm,svchost.exe,msiexec.exe,routine process execution,benign,routine process
PROC-00124,2026-09-11T00:47:08Z,APP-06,ACME\svc_sccm,svchost.exe,inventorysvc.exe,routine process execution,benign,routine process
PROC-00389,2026-09-11T00:58:18Z,FILE-03,NT AUTHORITY\SYSTEM,svchost.exe,msiexec.exe,routine process execution,benign,routine process
PROC-00206,2026-09-11T01:16:52Z,APP-06,ACME\jsmith,explorer.exe,cmd.exe,routine process execution,benign,routine process
PROC-00363,2026-09-11T01:17:28Z,FILE-03,ACME\svc_sccm,svchost.exe,inventorysvc.exe,routine process execution,benign,routine process
PROC-00021,2026-09-11T01:33:13Z,JUMP-01,ACME\svc_sccm,svchost.exe,agent.exe,routine process execution,benign,routine process
PROC-00458,2026-09-11T01:41:30Z,JUMP-01,ACME\jsmith,CcmExec.exe,agent.exe,routine process execution,benign,routine process
PROC-00147,2026-09-11T01:41:49Z,JUMP-01,ACME\mturner,explorer.exe,powershell.exe,routine process execution,benign,routine process
PROC-00077,2026-09-11T01:49:58Z,SCCM-01,ACME\jsmith,explorer.exe,msiexec.exe,routine process execution,benign,routine process
PROC-00241,2026-09-11T02:23:14Z,ENG-WS-17,ACME\adavis,services.exe,powershell.exe,routine process execution,benign,routine process
PROC-00499,2026-09-11T02:24:37Z,OPS-WS-08,NT AUTHORITY\SYSTEM,explorer.exe,msiexec.exe,routine process execution,benign,routine process
PROC-00445,2026-09-11T02:30:05Z,OPS-WS-08,ACME\adavis,explorer.exe,msiexec.exe,routine process execution,benign,routine process
PROC-00380,2026-09-11T02:34:39Z,APP-06,ACME\jsmith,explorer.exe,msiexec.exe,routine process execution,benign,routine process
PROC-00348,2026-09-11T02:46:37Z,DC-01,ACME\jsmith,explorer.exe,msiexec.exe,routine process execution,benign,routine process
PROC-00322,2026-09-11T03:00:14Z,SCCM-01,ACME\mturner,CcmExec.exe,powershell.exe,routine process execution,benign,routine process
PROC-00278,2026-09-11T03:12:47Z,APP-06,ACME\mturner,CcmExec.exe,cmd.exe,routine process execution,benign,routine process
PROC-00188,2026-09-11T03:41:33Z,SCCM-01,ACME\svc_sccm,svchost.exe,msiexec.exe,routine process execution,benign,routine process
PROC-00016,2026-09-11T03:47:58Z,ENG-WS-17,NT AUTHORITY\SYSTEM,explorer.exe,powershell.exe,routine process execution,benign,routine process
PROC-00054,2026-09-11T03:57:35Z,OPS-WS-08,NT AUTHORITY\SYSTEM,services.exe,cmd.exe,routine process execution,benign,routine process
PROC-00058,2026-09-11T04:08:17Z,JUMP-01,ACME\svc_sccm,services.exe,msiexec.exe,routine process execution,benign,routine process
PROC-00302,2026-09-11T04:10:22Z,ENG-WS-17,NT AUTHORITY\SYSTEM,explorer.exe,powershell.exe,routine process execution,benign,routine process
PROC-00419,2026-09-11T04:11:05Z,DC-01,NT AUTHORITY\SYSTEM,CcmExec.exe,cmd.exe,routine process execution,benign,routine process
PROC-00071,2026-09-11T04:37:57Z,SCCM-01,NT AUTHORITY\SYSTEM,CcmExec.exe,inventorysvc.exe,routine process execution,benign,routine process
PROC-00236,2026-09-11T04:47:39Z,JUMP-01,ACME\svc_sccm,svchost.exe,powershell.exe,routine process execution,benign,routine process
PROC-00479,2026-09-11T05:03:03Z,ENG-WS-17,ACME\jsmith,explorer.exe,cmd.exe,routine process execution,benign,routine process
PROC-00085,2026-09-11T05:15:41Z,ENG-WS-17,ACME\mturner,CcmExec.exe,cmd.exe,routine process execution,benign,routine process
PROC-00371,2026-09-11T05:16:13Z,APP-06,ACME\svc_sccm,services.exe,msiexec.exe,routine process execution,benign,routine process
PROC-00495,2026-09-11T05:39:27Z,OPS-WS-08,ACME\adavis,svchost.exe,powershell.exe,routine process execution,benign,routine process
PROC-00190,2026-09-11T05:41:11Z,JUMP-01,ACME\mturner,services.exe,cmd.exe,routine process execution,benign,routine process
PROC-00091,2026-09-11T06:24:20Z,ENG-WS-17,NT AUTHORITY\SYSTEM,services.exe,cmd.exe,routine process execution,benign,routine process
PROC-00053,2026-09-11T06:44:19Z,DC-01,ACME\svc_sccm,CcmExec.exe,inventorysvc.exe,routine process execution,benign,routine process
PROC-00438,2026-09-11T06:48:28Z,SCCM-01,ACME\mturner,CcmExec.exe,inventorysvc.exe,routine process execution,benign,routine process
PROC-00216,2026-09-11T07:07:35Z,DC-01,ACME\mturner,services.exe,inventorysvc.exe,routine process execution,benign,routine process
PROC-00176,2026-09-11T07:29:27Z,DC-01,ACME\mturner,explorer.exe,inventorysvc.exe,routine process execution,benign,routine process
PROC-00025,2026-09-11T07:35:07Z,SCCM-01,ACME\jsmith,services.exe,cmd.exe,routine process execution,benign,routine process
PROC-00265,2026-09-11T07:42:01Z,DC-01,ACME\svc_sccm,CcmExec.exe,agent.exe,routine process execution,benign,routine process
PROC-00456,2026-09-11T08:13:36Z,FILE-03,NT AUTHORITY\SYSTEM,explorer.exe,msiexec.exe,routine process execution,benign,routine process
PROC-00114,2026-09-11T08:19:39Z,APP-06,ACME\adavis,CcmExec.exe,inventorysvc.exe,routine process execution,benign,routine process
PROC-00284,2026-09-11T08:31:29Z,SCCM-01,ACME\svc_sccm,explorer.exe,cmd.exe,routine process execution,benign,routine process
PROC-00317,2026-09-11T09:15:33Z,APP-06,ACME\jsmith,svchost.exe,inventorysvc.exe,routine process execution,benign,routine process
PROC-00152,2026-09-11T09:23:16Z,APP-06,ACME\mturner,CcmExec.exe,inventorysvc.exe,routine process execution,benign,routine process
PROC-00331,2026-09-11T09:25:45Z,JUMP-01,ACME\svc_sccm,CcmExec.exe,agent.exe,routine process execution,benign,routine process
PROC-00375,2026-09-11T09:44:14Z,DC-01,ACME\svc_sccm,svchost.exe,msiexec.exe,routine process execution,benign,routine process
PROC-00125,2026-09-11T09:59:26Z,DC-01,ACME\adavis,explorer.exe,cmd.exe,routine process execution,benign,routine process
PROC-00486,2026-09-11T10:22:43Z,APP-06,ACME\adavis,svchost.exe,agent.exe,routine process execution,benign,routine process
PROC-00031,2026-09-11T10:26:46Z,ENG-WS-17,ACME\jsmith,services.exe,cmd.exe,routine process execution,benign,routine process
PROC-00455,2026-09-11T10:51:13Z,SCCM-01,ACME\mturner,services.exe,cmd.exe,routine process execution,benign,routine process
PROC-00255,2026-09-11T11:04:56Z,FILE-03,ACME\svc_sccm,CcmExec.exe,inventorysvc.exe,routine process execution,benign,routine process
PROC-00242,2026-09-11T11:06:31Z,SCCM-01,ACME\mturner,CcmExec.exe,msiexec.exe,routine process execution,benign,routine process
PROC-00347,2026-09-11T11:11:53Z,APP-06,NT AUTHORITY\SYSTEM,explorer.exe,agent.exe,routine process execution,benign,routine process
PROC-00488,2026-09-11T11:28:29Z,ENG-WS-17,ACME\svc_sccm,services.exe,cmd.exe,routine process execution,benign,routine process
PROC-00239,2026-09-11T11:32:25Z,SCCM-01,ACME\svc_sccm,svchost.exe,msiexec.exe,routine process execution,benign,routine process
PROC-00282,2026-09-11T11:32:37Z,ENG-WS-17,ACME\svc_sccm,explorer.exe,agent.exe,routine process execution,benign,routine process
PROC-00105,2026-09-11T11:32:52Z,SCCM-01,ACME\adavis,CcmExec.exe,inventorysvc.exe,routine process execution,benign,routine process
PROC-00086,2026-09-11T11:44:35Z,JUMP-01,ACME\mturner,explorer.exe,msiexec.exe,routine process execution,benign,routine process
