finding_id,host,evidence,expected_decision,expected_confidence,analyst_decision,analyst_confidence,evidence_gap,note
F-00100,APP-API-03,routine context,context,high,,,,practice row
F-00101,APP-API-02,routine context,context,high,,,,practice row
F-00102,APP-API-02,routine context,context,high,,,,practice row
F-00103,FIN-WS-14,routine context,context,high,,,,practice row
F-00104,FIN-WS-14,routine context,context,high,,,,practice row
F-00105,FILE-02,routine context,context,high,,,,practice row
F-00106,DEPLOY-01,routine context,context,high,,,,practice row
F-00107,FIN-WS-14,routine context,context,high,,,,practice row
F-00108,FILE-02,routine context,context,high,,,,practice row
F-00109,APP-API-03,routine context,context,high,,,,practice row
F-00110,JUMP-01,routine context,context,high,,,,practice row
F-00111,APP-API-02,routine context,context,high,,,,practice row
F-00112,APP-API-03,routine context,context,high,,,,practice row
F-00113,JUMP-01,routine context,context,high,,,,practice row
F-00114,APP-API-03,routine context,context,high,,,,practice row
F-00115,APP-API-03,routine context,context,high,,,,practice row
F-00116,APP-API-02,routine context,context,high,,,,practice row
F-00117,APP-API-02,routine context,context,high,,,,practice row
F-00118,APP-API-03,routine context,context,high,,,,practice row
F-00119,APP-API-02,routine context,context,high,,,,practice row
F-00120,APP-API-02,routine context,context,high,,,,practice row
F-00121,FIN-WS-14,routine context,context,high,,,,practice row
F-00122,APP-API-02,routine context,context,high,,,,practice row
F-00123,APP-API-03,routine context,context,high,,,,practice row
F-00124,FIN-WS-14,routine context,context,high,,,,practice row
F-00125,APP-API-02,routine context,context,high,,,,practice row
F-00126,APP-API-03,routine context,context,high,,,,practice row
F-00127,FILE-02,routine context,context,high,,,,practice row
F-00128,JUMP-01,routine context,context,high,,,,practice row
F-00129,APP-API-02,routine context,context,high,,,,practice row
F-00130,DEPLOY-01,routine context,context,high,,,,practice row
F-00131,DEPLOY-01,routine context,context,high,,,,practice row
F-00132,FIN-WS-14,routine context,context,high,,,,practice row
F-00133,JUMP-01,routine context,context,high,,,,practice row
F-00134,APP-API-03,routine context,context,high,,,,practice row
F-00135,FILE-02,routine context,context,high,,,,practice row
F-00136,JUMP-01,routine context,context,high,,,,practice row
F-00137,APP-API-03,routine context,context,high,,,,practice row
F-00138,APP-API-02,routine context,context,high,,,,practice row
F-00139,FIN-WS-14,routine context,context,high,,,,practice row
F-00140,JUMP-01,routine context,context,high,,,,practice row
F-00141,JUMP-01,routine context,context,high,,,,practice row
F-00142,APP-API-02,routine context,context,high,,,,practice row
F-00143,APP-API-02,routine context,context,high,,,,practice row
F-00144,DEPLOY-01,routine context,context,high,,,,practice row
F-00145,FILE-02,routine context,context,high,,,,practice row
F-00146,FIN-WS-14,routine context,context,high,,,,practice row
F-00147,DEPLOY-01,routine context,context,high,,,,practice row
F-00148,APP-API-02,routine context,context,high,,,,practice row
F-00149,APP-API-03,routine context,context,high,,,,practice row
F-00150,APP-API-02,routine context,context,high,,,,practice row
F-00151,APP-API-02,routine context,context,high,,,,practice row
F-00152,FIN-WS-14,routine context,context,high,,,,practice row
F-00153,APP-API-03,routine context,context,high,,,,practice row
F-00154,APP-API-03,routine context,context,high,,,,practice row
F-00155,FILE-02,routine context,context,high,,,,practice row
F-00156,JUMP-01,routine context,context,high,,,,practice row
F-00157,APP-API-03,routine context,context,high,,,,practice row
F-00158,FIN-WS-14,routine context,context,high,,,,practice row
F-00159,JUMP-01,routine context,context,high,,,,practice row
F-00160,FIN-WS-14,routine context,context,high,,,,practice row
F-00161,DEPLOY-01,routine context,context,high,,,,practice row
F-00162,APP-API-03,routine context,context,high,,,,practice row
F-00163,APP-API-02,routine context,context,high,,,,practice row
F-00164,DEPLOY-01,routine context,context,high,,,,practice row
F-00165,APP-API-03,routine context,context,high,,,,practice row
F-00166,FIN-WS-14,routine context,context,high,,,,practice row
F-00167,DEPLOY-01,routine context,context,high,,,,practice row
F-00168,APP-API-03,routine context,context,high,,,,practice row
F-00169,JUMP-01,routine context,context,high,,,,practice row
F-00170,FILE-02,routine context,context,high,,,,practice row
F-00171,FIN-WS-14,routine context,context,high,,,,practice row
F-00172,APP-API-02,routine context,context,high,,,,practice row
F-00173,DEPLOY-01,routine context,context,high,,,,practice row
F-00174,FILE-02,routine context,context,high,,,,practice row
F-00175,APP-API-03,routine context,context,high,,,,practice row
F-00176,DEPLOY-01,routine context,context,high,,,,practice row
F-00177,APP-API-03,routine context,context,high,,,,practice row
F-00178,FIN-WS-14,routine context,context,high,,,,practice row
F-00179,APP-API-03,routine context,context,high,,,,practice row
F-00180,APP-API-03,routine context,context,high,,,,practice row
F-00181,FIN-WS-14,routine context,context,high,,,,practice row
F-00182,DEPLOY-01,routine context,context,high,,,,practice row
F-00183,APP-API-02,routine context,context,high,,,,practice row
F-00184,FILE-02,routine context,context,high,,,,practice row
F-00185,DEPLOY-01,routine context,context,high,,,,practice row
F-00186,JUMP-01,routine context,context,high,,,,practice row
F-00187,APP-API-02,routine context,context,high,,,,practice row
F-00188,JUMP-01,routine context,context,high,,,,practice row
F-00189,FIN-WS-14,routine context,context,high,,,,practice row
F-00190,APP-API-02,routine context,context,high,,,,practice row
F-00191,APP-API-03,routine context,context,high,,,,practice row
F-00192,FIN-WS-14,routine context,context,high,,,,practice row
F-00193,DEPLOY-01,routine context,context,high,,,,practice row
F-00194,FILE-02,routine context,context,high,,,,practice row
F-00195,DEPLOY-01,routine context,context,high,,,,practice row
F-00196,APP-API-03,routine context,context,high,,,,practice row
F-00197,JUMP-01,routine context,context,high,,,,practice row
F-00198,DEPLOY-01,routine context,context,high,,,,practice row
F-00199,FILE-02,routine context,context,high,,,,practice row
F-00200,APP-API-02,routine context,context,high,,,,practice row
F-00201,FILE-02,routine context,context,high,,,,practice row
F-00202,FILE-02,routine context,context,high,,,,practice row
F-00203,FILE-02,routine context,context,high,,,,practice row
F-00204,DEPLOY-01,routine context,context,high,,,,practice row
F-00205,APP-API-03,routine context,context,high,,,,practice row
F-00206,DEPLOY-01,routine context,context,high,,,,practice row
F-00207,DEPLOY-01,routine context,context,high,,,,practice row
F-00208,FIN-WS-14,routine context,context,high,,,,practice row
F-00209,JUMP-01,routine context,context,high,,,,practice row
F-00210,APP-API-03,routine context,context,high,,,,practice row
F-00211,APP-API-02,routine context,context,high,,,,practice row
F-00212,FIN-WS-14,routine context,context,high,,,,practice row
F-00213,APP-API-02,routine context,context,high,,,,practice row
F-00214,FILE-02,routine context,context,high,,,,practice row
F-00215,APP-API-02,routine context,context,high,,,,practice row
F-00216,FIN-WS-14,routine context,context,high,,,,practice row
F-00217,APP-API-03,routine context,context,high,,,,practice row
F-00218,APP-API-02,routine context,context,high,,,,practice row
F-00219,DEPLOY-01,routine context,context,high,,,,practice row
F-00220,JUMP-01,routine context,context,high,,,,practice row
F-00221,APP-API-02,routine context,context,high,,,,practice row
F-00222,APP-API-02,routine context,context,high,,,,practice row
F-00223,FILE-02,routine context,context,high,,,,practice row
F-00224,APP-API-03,routine context,context,high,,,,practice row
F-00225,JUMP-01,routine context,context,high,,,,practice row
F-00226,FIN-WS-14,routine context,context,high,,,,practice row
F-00227,DEPLOY-01,routine context,context,high,,,,practice row
F-00228,APP-API-02,routine context,context,high,,,,practice row
F-00229,FILE-02,routine context,context,high,,,,practice row
F-00230,APP-API-03,routine context,context,high,,,,practice row
F-00231,FIN-WS-14,routine context,context,high,,,,practice row
F-00232,APP-API-03,routine context,context,high,,,,practice row
F-00233,APP-API-02,routine context,context,high,,,,practice row
F-00234,APP-API-02,routine context,context,high,,,,practice row
F-00235,APP-API-02,routine context,context,high,,,,practice row
F-00236,FILE-02,routine context,context,high,,,,practice row
F-00237,FILE-02,routine context,context,high,,,,practice row
F-00238,JUMP-01,routine context,context,high,,,,practice row
F-00239,APP-API-02,routine context,context,high,,,,practice row
F-00240,APP-API-02,routine context,context,high,,,,practice row
F-00241,JUMP-01,routine context,context,high,,,,practice row
F-00242,FIN-WS-14,routine context,context,high,,,,practice row
F-00243,APP-API-02,routine context,context,high,,,,practice row
F-00244,APP-API-02,routine context,context,high,,,,practice row
F-00245,APP-API-02,routine context,context,high,,,,practice row
F-00246,DEPLOY-01,routine context,context,high,,,,practice row
F-00247,DEPLOY-01,routine context,context,high,,,,practice row
F-00248,FIN-WS-14,routine context,context,high,,,,practice row
F-00249,FILE-02,routine context,context,high,,,,practice row
F-00250,FILE-02,routine context,context,high,,,,practice row
F-00251,APP-API-03,routine context,context,high,,,,practice row
F-00252,DEPLOY-01,routine context,context,high,,,,practice row
F-00253,FILE-02,routine context,context,high,,,,practice row
F-00254,FILE-02,routine context,context,high,,,,practice row
F-00255,DEPLOY-01,routine context,context,high,,,,practice row
F-00256,APP-API-03,routine context,context,high,,,,practice row
F-00257,APP-API-03,routine context,context,high,,,,practice row
F-00258,FIN-WS-14,routine context,context,high,,,,practice row
F-00259,FIN-WS-14,routine context,context,high,,,,practice row
F-00260,FILE-02,routine context,context,high,,,,practice row
F-00261,APP-API-03,routine context,context,high,,,,practice row
F-00262,FIN-WS-14,routine context,context,high,,,,practice row
F-00263,FIN-WS-14,routine context,context,high,,,,practice row
F-00264,JUMP-01,routine context,context,high,,,,practice row
F-00265,APP-API-02,routine context,context,high,,,,practice row
F-00266,DEPLOY-01,routine context,context,high,,,,practice row
F-00267,DEPLOY-01,routine context,context,high,,,,practice row
F-00268,JUMP-01,routine context,context,high,,,,practice row
F-00269,APP-API-03,routine context,context,high,,,,practice row
F-00270,DEPLOY-01,routine context,context,high,,,,practice row
F-00271,FILE-02,routine context,context,high,,,,practice row
F-00272,FIN-WS-14,routine context,context,high,,,,practice row
F-00273,DEPLOY-01,routine context,context,high,,,,practice row
F-00274,FILE-02,routine context,context,high,,,,practice row
F-00275,DEPLOY-01,routine context,context,high,,,,practice row
F-00276,APP-API-02,routine context,context,high,,,,practice row
F-00277,APP-API-02,routine context,context,high,,,,practice row
F-00278,JUMP-01,routine context,context,high,,,,practice row
F-00279,APP-API-03,routine context,context,high,,,,practice row
F-00280,JUMP-01,routine context,context,high,,,,practice row
F-00281,JUMP-01,routine context,context,high,,,,practice row
F-00282,APP-API-02,routine context,context,high,,,,practice row
F-00283,FILE-02,routine context,context,high,,,,practice row
F-00284,FILE-02,routine context,context,high,,,,practice row
F-00285,JUMP-01,routine context,context,high,,,,practice row
F-00286,FIN-WS-14,routine context,context,high,,,,practice row
F-00287,FIN-WS-14,routine context,context,high,,,,practice row
F-00288,FIN-WS-14,routine context,context,high,,,,practice row
F-00289,DEPLOY-01,routine context,context,high,,,,practice row
F-00290,FIN-WS-14,routine context,context,high,,,,practice row
F-00291,DEPLOY-01,routine context,context,high,,,,practice row
F-00292,FIN-WS-14,routine context,context,high,,,,practice row
F-00293,DEPLOY-01,routine context,context,high,,,,practice row
F-00294,FIN-WS-14,routine context,context,high,,,,practice row
F-00295,DEPLOY-01,routine context,context,high,,,,practice row
F-00296,DEPLOY-01,routine context,context,high,,,,practice row
F-00297,APP-API-03,routine context,context,high,,,,practice row
F-00298,APP-API-03,routine context,context,high,,,,practice row
F-00299,JUMP-01,routine context,context,high,,,,practice row
F-00300,JUMP-01,routine context,context,high,,,,practice row
F-00301,APP-API-03,routine context,context,high,,,,practice row
F-00302,DEPLOY-01,routine context,context,high,,,,practice row
F-00303,FILE-02,routine context,context,high,,,,practice row
F-00304,FIN-WS-14,routine context,context,high,,,,practice row
F-00305,JUMP-01,routine context,context,high,,,,practice row
F-00306,FILE-02,routine context,context,high,,,,practice row
F-00307,APP-API-03,routine context,context,high,,,,practice row
F-00308,FIN-WS-14,routine context,context,high,,,,practice row
F-00309,FIN-WS-14,routine context,context,high,,,,practice row
F-00310,FILE-02,routine context,context,high,,,,practice row
F-00311,JUMP-01,routine context,context,high,,,,practice row
F-00312,APP-API-03,routine context,context,high,,,,practice row
F-00313,FILE-02,routine context,context,high,,,,practice row
F-00314,APP-API-02,routine context,context,high,,,,practice row
F-00315,APP-API-02,routine context,context,high,,,,practice row
F-00316,APP-API-03,routine context,context,high,,,,practice row
F-00317,APP-API-03,routine context,context,high,,,,practice row
F-00318,FILE-02,routine context,context,high,,,,practice row
F-00319,APP-API-03,routine context,context,high,,,,practice row
F-00320,APP-API-02,routine context,context,high,,,,practice row
F-00321,FILE-02,routine context,context,high,,,,practice row
F-00322,DEPLOY-01,routine context,context,high,,,,practice row
F-00323,DEPLOY-01,routine context,context,high,,,,practice row
F-00324,JUMP-01,routine context,context,high,,,,practice row
F-00325,JUMP-01,routine context,context,high,,,,practice row
F-00326,JUMP-01,routine context,context,high,,,,practice row
F-00327,JUMP-01,routine context,context,high,,,,practice row
F-00328,DEPLOY-01,routine context,context,high,,,,practice row
F-00329,FILE-02,routine context,context,high,,,,practice row
F-00330,APP-API-03,routine context,context,high,,,,practice row
F-00331,APP-API-03,routine context,context,high,,,,practice row
F-00332,FILE-02,routine context,context,high,,,,practice row
F-00333,JUMP-01,routine context,context,high,,,,practice row
F-00334,DEPLOY-01,routine context,context,high,,,,practice row
F-00335,DEPLOY-01,routine context,context,high,,,,practice row
F-00336,FIN-WS-14,routine context,context,high,,,,practice row
F-00337,DEPLOY-01,routine context,context,high,,,,practice row
F-00338,JUMP-01,routine context,context,high,,,,practice row
F-00339,DEPLOY-01,routine context,context,high,,,,practice row
F-00340,JUMP-01,routine context,context,high,,,,practice row
F-00341,APP-API-03,routine context,context,high,,,,practice row
F-00342,FILE-02,routine context,context,high,,,,practice row
F-00343,APP-API-02,routine context,context,high,,,,practice row
F-00344,FIN-WS-14,routine context,context,high,,,,practice row
F-00345,APP-API-03,routine context,context,high,,,,practice row
F-00346,DEPLOY-01,routine context,context,high,,,,practice row
F-00347,FILE-02,routine context,context,high,,,,practice row
F-00348,APP-API-02,routine context,context,high,,,,practice row
F-00349,DEPLOY-01,routine context,context,high,,,,practice row
F-00350,DEPLOY-01,routine context,context,high,,,,practice row
F-00351,FILE-02,routine context,context,high,,,,practice row
F-00352,JUMP-01,routine context,context,high,,,,practice row
F-00353,DEPLOY-01,routine context,context,high,,,,practice row
F-00354,DEPLOY-01,routine context,context,high,,,,practice row
F-00355,JUMP-01,routine context,context,high,,,,practice row
F-00356,FILE-02,routine context,context,high,,,,practice row
F-00357,APP-API-03,routine context,context,high,,,,practice row
F-00358,APP-API-02,routine context,context,high,,,,practice row
F-00359,DEPLOY-01,routine context,context,high,,,,practice row
F-00360,FILE-02,routine context,context,high,,,,practice row
F-00361,FILE-02,routine context,context,high,,,,practice row
F-00362,FIN-WS-14,routine context,context,high,,,,practice row
F-00363,JUMP-01,routine context,context,high,,,,practice row
F-00364,FIN-WS-14,routine context,context,high,,,,practice row
F-00365,APP-API-02,routine context,context,high,,,,practice row
F-00366,JUMP-01,routine context,context,high,,,,practice row
F-00367,JUMP-01,routine context,context,high,,,,practice row
F-00368,FILE-02,routine context,context,high,,,,practice row
F-00369,FIN-WS-14,routine context,context,high,,,,practice row
F-00370,JUMP-01,routine context,context,high,,,,practice row
F-00371,APP-API-03,routine context,context,high,,,,practice row
F-00372,DEPLOY-01,routine context,context,high,,,,practice row
F-00373,FIN-WS-14,routine context,context,high,,,,practice row
F-00374,APP-API-03,routine context,context,high,,,,practice row
F-00375,APP-API-03,routine context,context,high,,,,practice row
F-00376,FILE-02,routine context,context,high,,,,practice row
F-00377,JUMP-01,routine context,context,high,,,,practice row
F-00378,DEPLOY-01,routine context,context,high,,,,practice row
F-00379,FILE-02,routine context,context,high,,,,practice row
F-00380,APP-API-02,routine context,context,high,,,,practice row
F-00381,DEPLOY-01,routine context,context,high,,,,practice row
F-00382,APP-API-03,routine context,context,high,,,,practice row
F-00383,FIN-WS-14,routine context,context,high,,,,practice row
F-00384,FILE-02,routine context,context,high,,,,practice row
F-00385,JUMP-01,routine context,context,high,,,,practice row
F-00386,APP-API-02,routine context,context,high,,,,practice row
F-00387,FILE-02,routine context,context,high,,,,practice row
F-00388,APP-API-03,routine context,context,high,,,,practice row
F-00389,FIN-WS-14,routine context,context,high,,,,practice row
F-00390,JUMP-01,routine context,context,high,,,,practice row
F-00391,APP-API-03,routine context,context,high,,,,practice row
F-00392,DEPLOY-01,routine context,context,high,,,,practice row
F-00393,FILE-02,routine context,context,high,,,,practice row
F-00394,JUMP-01,routine context,context,high,,,,practice row
F-00395,JUMP-01,routine context,context,high,,,,practice row
F-00396,APP-API-02,routine context,context,high,,,,practice row
F-00397,FILE-02,routine context,context,high,,,,practice row
F-00398,APP-API-02,routine context,context,high,,,,practice row
F-00399,APP-API-02,routine context,context,high,,,,practice row
F-00400,APP-API-02,routine context,context,high,,,,practice row
F-00401,APP-API-02,routine context,context,high,,,,practice row
F-00402,DEPLOY-01,routine context,context,high,,,,practice row
F-00403,FIN-WS-14,routine context,context,high,,,,practice row
F-00404,FILE-02,routine context,context,high,,,,practice row
F-00405,DEPLOY-01,routine context,context,high,,,,practice row
F-00406,JUMP-01,routine context,context,high,,,,practice row
F-00407,FIN-WS-14,routine context,context,high,,,,practice row
F-00408,DEPLOY-01,routine context,context,high,,,,practice row
F-00409,APP-API-03,routine context,context,high,,,,practice row
F-00410,APP-API-02,routine context,context,high,,,,practice row
F-00411,FILE-02,routine context,context,high,,,,practice row
F-00412,APP-API-02,routine context,context,high,,,,practice row
F-00413,APP-API-02,routine context,context,high,,,,practice row
F-00414,FILE-02,routine context,context,high,,,,practice row
F-00415,DEPLOY-01,routine context,context,high,,,,practice row
F-00416,DEPLOY-01,routine context,context,high,,,,practice row
F-00417,JUMP-01,routine context,context,high,,,,practice row
F-00418,APP-API-03,routine context,context,high,,,,practice row
F-00419,FILE-02,routine context,context,high,,,,practice row
F-00420,FILE-02,routine context,context,high,,,,practice row
F-00421,FILE-02,routine context,context,high,,,,practice row
F-00422,APP-API-03,routine context,context,high,,,,practice row
F-00423,JUMP-01,routine context,context,high,,,,practice row
F-00424,APP-API-03,routine context,context,high,,,,practice row
F-00425,APP-API-03,routine context,context,high,,,,practice row
F-00426,FILE-02,routine context,context,high,,,,practice row
F-00427,JUMP-01,routine context,context,high,,,,practice row
F-00428,FILE-02,routine context,context,high,,,,practice row
F-00429,DEPLOY-01,routine context,context,high,,,,practice row
F-00430,FIN-WS-14,routine context,context,high,,,,practice row
F-00431,APP-API-03,routine context,context,high,,,,practice row
F-00432,APP-API-02,routine context,context,high,,,,practice row
F-00433,JUMP-01,routine context,context,high,,,,practice row
F-00434,FIN-WS-14,routine context,context,high,,,,practice row
F-00435,APP-API-03,routine context,context,high,,,,practice row
F-00436,FILE-02,routine context,context,high,,,,practice row
F-00437,JUMP-01,routine context,context,high,,,,practice row
F-00438,FILE-02,routine context,context,high,,,,practice row
F-00439,APP-API-03,routine context,context,high,,,,practice row
F-00440,DEPLOY-01,routine context,context,high,,,,practice row
F-00441,APP-API-02,routine context,context,high,,,,practice row
F-00442,JUMP-01,routine context,context,high,,,,practice row
F-00443,FIN-WS-14,routine context,context,high,,,,practice row
F-00444,FILE-02,routine context,context,high,,,,practice row
F-00445,FILE-02,routine context,context,high,,,,practice row
F-00446,DEPLOY-01,routine context,context,high,,,,practice row
F-00447,APP-API-02,routine context,context,high,,,,practice row
F-00448,FILE-02,routine context,context,high,,,,practice row
F-00449,APP-API-02,routine context,context,high,,,,practice row
F-00450,APP-API-03,routine context,context,high,,,,practice row
F-00451,FIN-WS-14,routine context,context,high,,,,practice row
F-00452,DEPLOY-01,routine context,context,high,,,,practice row
F-00453,APP-API-03,routine context,context,high,,,,practice row
F-00454,APP-API-03,routine context,context,high,,,,practice row
F-00455,DEPLOY-01,routine context,context,high,,,,practice row
F-00456,FILE-02,routine context,context,high,,,,practice row
F-00457,APP-API-02,routine context,context,high,,,,practice row
F-00458,JUMP-01,routine context,context,high,,,,practice row
F-00459,APP-API-03,routine context,context,high,,,,practice row
F-00460,JUMP-01,routine context,context,high,,,,practice row
F-00461,FIN-WS-14,routine context,context,high,,,,practice row
F-00462,APP-API-03,routine context,context,high,,,,practice row
F-00463,APP-API-03,routine context,context,high,,,,practice row
F-00464,APP-API-02,routine context,context,high,,,,practice row
F-00465,FILE-02,routine context,context,high,,,,practice row
F-00466,FILE-02,routine context,context,high,,,,practice row
F-00467,APP-API-03,routine context,context,high,,,,practice row
F-00468,FILE-02,routine context,context,high,,,,practice row
F-00469,JUMP-01,routine context,context,high,,,,practice row
F-00470,APP-API-03,routine context,context,high,,,,practice row
F-00471,DEPLOY-01,routine context,context,high,,,,practice row
F-00472,APP-API-03,routine context,context,high,,,,practice row
F-00473,FILE-02,routine context,context,high,,,,practice row
F-00474,FILE-02,routine context,context,high,,,,practice row
F-00475,DEPLOY-01,routine context,context,high,,,,practice row
F-00476,FILE-02,routine context,context,high,,,,practice row
F-00477,APP-API-03,routine context,context,high,,,,practice row
F-00478,FIN-WS-14,routine context,context,high,,,,practice row
F-00479,DEPLOY-01,routine context,context,high,,,,practice row
F-00480,FILE-02,routine context,context,high,,,,practice row
F-00481,FIN-WS-14,routine context,context,high,,,,practice row
F-00482,APP-API-03,routine context,context,high,,,,practice row
F-00483,JUMP-01,routine context,context,high,,,,practice row
F-00484,FIN-WS-14,routine context,context,high,,,,practice row
F-00485,APP-API-02,routine context,context,high,,,,practice row
F-00486,JUMP-01,routine context,context,high,,,,practice row
F-00487,JUMP-01,routine context,context,high,,,,practice row
F-00488,JUMP-01,routine context,context,high,,,,practice row
F-00489,APP-API-02,routine context,context,high,,,,practice row
F-00490,JUMP-01,routine context,context,high,,,,practice row
F-00491,APP-API-02,routine context,context,high,,,,practice row
F-00492,DEPLOY-01,routine context,context,high,,,,practice row
F-00493,FILE-02,routine context,context,high,,,,practice row
F-00494,JUMP-01,routine context,context,high,,,,practice row
F-00495,FILE-02,routine context,context,high,,,,practice row
F-00496,APP-API-02,routine context,context,high,,,,practice row
F-00497,JUMP-01,routine context,context,high,,,,practice row
F-00498,APP-API-02,routine context,context,high,,,,practice row
F-00499,DEPLOY-01,routine context,context,high,,,,practice row
F-00500,DEPLOY-01,routine context,context,high,,,,practice row
F-00501,FIN-WS-14,routine context,context,high,,,,practice row
F-00502,FILE-02,routine context,context,high,,,,practice row
F-00503,APP-API-02,routine context,context,high,,,,practice row
F-00504,APP-API-02,routine context,context,high,,,,practice row
F-00505,JUMP-01,routine context,context,high,,,,practice row
F-00506,FILE-02,routine context,context,high,,,,practice row
F-00507,FILE-02,routine context,context,high,,,,practice row
F-00508,JUMP-01,routine context,context,high,,,,practice row
F-00509,FILE-02,routine context,context,high,,,,practice row
F-00510,DEPLOY-01,routine context,context,high,,,,practice row
F-00511,JUMP-01,routine context,context,high,,,,practice row
F-00512,JUMP-01,routine context,context,high,,,,practice row
F-00513,FIN-WS-14,routine context,context,high,,,,practice row
F-00514,FILE-02,routine context,context,high,,,,practice row
F-00515,JUMP-01,routine context,context,high,,,,practice row
F-00516,APP-API-03,routine context,context,high,,,,practice row
F-00517,DEPLOY-01,routine context,context,high,,,,practice row
F-00518,FIN-WS-14,routine context,context,high,,,,practice row
F-00519,FIN-WS-14,routine context,context,high,,,,practice row
F-00520,FILE-02,routine context,context,high,,,,practice row
F-00521,JUMP-01,routine context,context,high,,,,practice row
F-00522,FIN-WS-14,routine context,context,high,,,,practice row
F-00523,APP-API-03,routine context,context,high,,,,practice row
F-00524,DEPLOY-01,routine context,context,high,,,,practice row
F-00525,APP-API-03,routine context,context,high,,,,practice row
F-00526,APP-API-02,routine context,context,high,,,,practice row
F-00527,FILE-02,routine context,context,high,,,,practice row
F-00528,JUMP-01,routine context,context,high,,,,practice row
F-00529,FIN-WS-14,routine context,context,high,,,,practice row
F-00530,FIN-WS-14,routine context,context,high,,,,practice row
F-00531,JUMP-01,routine context,context,high,,,,practice row
F-00532,APP-API-03,routine context,context,high,,,,practice row
F-00533,FIN-WS-14,routine context,context,high,,,,practice row
F-00534,FIN-WS-14,routine context,context,high,,,,practice row
F-00535,FILE-02,routine context,context,high,,,,practice row
F-00536,APP-API-03,routine context,context,high,,,,practice row
F-00537,FIN-WS-14,routine context,context,high,,,,practice row
F-00538,FILE-02,routine context,context,high,,,,practice row
F-00539,APP-API-03,routine context,context,high,,,,practice row
F-00540,APP-API-03,routine context,context,high,,,,practice row
F-00541,APP-API-02,routine context,context,high,,,,practice row
F-00542,JUMP-01,routine context,context,high,,,,practice row
F-00543,JUMP-01,routine context,context,high,,,,practice row
F-00544,FILE-02,routine context,context,high,,,,practice row
F-00545,FIN-WS-14,routine context,context,high,,,,practice row
F-00546,FIN-WS-14,routine context,context,high,,,,practice row
F-00547,DEPLOY-01,routine context,context,high,,,,practice row
F-00548,DEPLOY-01,routine context,context,high,,,,practice row
F-00549,APP-API-03,routine context,context,high,,,,practice row
F-00550,FILE-02,routine context,context,high,,,,practice row
F-00551,FILE-02,routine context,context,high,,,,practice row
F-00552,DEPLOY-01,routine context,context,high,,,,practice row
F-00553,DEPLOY-01,routine context,context,high,,,,practice row
F-00554,DEPLOY-01,routine context,context,high,,,,practice row
F-00555,FIN-WS-14,routine context,context,high,,,,practice row
F-00556,APP-API-02,routine context,context,high,,,,practice row
F-00557,FILE-02,routine context,context,high,,,,practice row
F-00558,DEPLOY-01,routine context,context,high,,,,practice row
F-00559,FIN-WS-14,routine context,context,high,,,,practice row
F-00560,DEPLOY-01,routine context,context,high,,,,practice row
F-00561,APP-API-02,routine context,context,high,,,,practice row
F-00562,FIN-WS-14,routine context,context,high,,,,practice row
F-00563,JUMP-01,routine context,context,high,,,,practice row
F-00564,FILE-02,routine context,context,high,,,,practice row
F-00565,JUMP-01,routine context,context,high,,,,practice row
F-00566,APP-API-02,routine context,context,high,,,,practice row
F-00567,APP-API-02,routine context,context,high,,,,practice row
F-00568,JUMP-01,routine context,context,high,,,,practice row
F-00569,JUMP-01,routine context,context,high,,,,practice row
F-00570,APP-API-03,routine context,context,high,,,,practice row
F-00571,APP-API-02,routine context,context,high,,,,practice row
F-00572,JUMP-01,routine context,context,high,,,,practice row
F-00573,JUMP-01,routine context,context,high,,,,practice row
F-00574,FILE-02,routine context,context,high,,,,practice row
F-00575,DEPLOY-01,routine context,context,high,,,,practice row
F-00576,JUMP-01,routine context,context,high,,,,practice row
F-00577,JUMP-01,routine context,context,high,,,,practice row
F-00578,FIN-WS-14,routine context,context,high,,,,practice row
F-00579,APP-API-03,routine context,context,high,,,,practice row
F-00580,APP-API-03,routine context,context,high,,,,practice row
F-00581,JUMP-01,routine context,context,high,,,,practice row
F-00582,FILE-02,routine context,context,high,,,,practice row
F-00583,FILE-02,routine context,context,high,,,,practice row
F-00584,FIN-WS-14,routine context,context,high,,,,practice row
F-00585,JUMP-01,routine context,context,high,,,,practice row
F-00586,JUMP-01,routine context,context,high,,,,practice row
F-00587,FIN-WS-14,routine context,context,high,,,,practice row
F-00588,APP-API-03,routine context,context,high,,,,practice row
F-00589,FIN-WS-14,routine context,context,high,,,,practice row
F-00590,APP-API-03,routine context,context,high,,,,practice row
F-00591,JUMP-01,routine context,context,high,,,,practice row
F-00592,FILE-02,routine context,context,high,,,,practice row
F-00593,APP-API-02,routine context,context,high,,,,practice row
F-00594,APP-API-03,routine context,context,high,,,,practice row
F-00595,JUMP-01,routine context,context,high,,,,practice row
F-00596,FILE-02,routine context,context,high,,,,practice row
F-00597,DEPLOY-01,routine context,context,high,,,,practice row
F-00598,APP-API-03,routine context,context,high,,,,practice row
F-00599,FIN-WS-14,routine context,context,high,,,,practice row
F-00600,FIN-WS-14,routine context,context,high,,,,practice row
F-00601,FIN-WS-14,routine context,context,high,,,,practice row
F-00602,FIN-WS-14,routine context,context,high,,,,practice row
F-00603,FILE-02,routine context,context,high,,,,practice row
F-00604,JUMP-01,routine context,context,high,,,,practice row
F-00605,APP-API-03,routine context,context,high,,,,practice row
F-00606,FILE-02,routine context,context,high,,,,practice row
F-00607,APP-API-03,routine context,context,high,,,,practice row
F-00608,FIN-WS-14,routine context,context,high,,,,practice row
F-00609,JUMP-01,routine context,context,high,,,,practice row
F-00610,APP-API-02,routine context,context,high,,,,practice row
F-00611,DEPLOY-01,routine context,context,high,,,,practice row
F-00612,APP-API-02,routine context,context,high,,,,practice row
F-00613,DEPLOY-01,routine context,context,high,,,,practice row
F-00614,APP-API-03,routine context,context,high,,,,practice row
F-00615,FIN-WS-14,routine context,context,high,,,,practice row
F-00616,APP-API-03,routine context,context,high,,,,practice row
F-00617,DEPLOY-01,routine context,context,high,,,,practice row
F-00618,APP-API-02,routine context,context,high,,,,practice row
F-00619,FILE-02,routine context,context,high,,,,practice row
F-00620,APP-API-02,routine context,context,high,,,,practice row
F-00621,APP-API-02,routine context,context,high,,,,practice row
F-00622,APP-API-02,routine context,context,high,,,,practice row
F-00623,APP-API-03,routine context,context,high,,,,practice row
F-00624,JUMP-01,routine context,context,high,,,,practice row
F-00625,APP-API-03,routine context,context,high,,,,practice row
F-00626,JUMP-01,routine context,context,high,,,,practice row
F-00627,FILE-02,routine context,context,high,,,,practice row
F-00628,FIN-WS-14,routine context,context,high,,,,practice row
F-00629,JUMP-01,routine context,context,high,,,,practice row
F-00630,APP-API-03,routine context,context,high,,,,practice row
F-00631,FILE-02,routine context,context,high,,,,practice row
F-00632,FIN-WS-14,routine context,context,high,,,,practice row
F-00633,JUMP-01,routine context,context,high,,,,practice row
F-00634,JUMP-01,routine context,context,high,,,,practice row
F-00635,FIN-WS-14,routine context,context,high,,,,practice row
F-00636,APP-API-03,routine context,context,high,,,,practice row
F-00637,APP-API-03,routine context,context,high,,,,practice row
F-00638,APP-API-03,routine context,context,high,,,,practice row
F-00639,APP-API-03,routine context,context,high,,,,practice row
F-00640,FILE-02,routine context,context,high,,,,practice row
F-00641,FIN-WS-14,routine context,context,high,,,,practice row
F-00642,FILE-02,routine context,context,high,,,,practice row
F-00643,JUMP-01,routine context,context,high,,,,practice row
F-00644,APP-API-02,routine context,context,high,,,,practice row
F-00645,APP-API-02,routine context,context,high,,,,practice row
F-00646,DEPLOY-01,routine context,context,high,,,,practice row
F-00647,DEPLOY-01,routine context,context,high,,,,practice row
F-00648,FIN-WS-14,routine context,context,high,,,,practice row
F-00649,APP-API-03,routine context,context,high,,,,practice row
F-00650,FILE-02,routine context,context,high,,,,practice row
F-00651,JUMP-01,routine context,context,high,,,,practice row
F-00652,APP-API-02,routine context,context,high,,,,practice row
F-00653,FIN-WS-14,routine context,context,high,,,,practice row
F-00654,APP-API-03,routine context,context,high,,,,practice row
F-00655,FIN-WS-14,routine context,context,high,,,,practice row
F-00656,APP-API-02,routine context,context,high,,,,practice row
F-00657,JUMP-01,routine context,context,high,,,,practice row
F-00658,FIN-WS-14,routine context,context,high,,,,practice row
F-00659,FILE-02,routine context,context,high,,,,practice row
F-00660,FILE-02,routine context,context,high,,,,practice row
F-00661,FILE-02,routine context,context,high,,,,practice row
F-00662,JUMP-01,routine context,context,high,,,,practice row
F-00663,FIN-WS-14,routine context,context,high,,,,practice row
F-00664,FILE-02,routine context,context,high,,,,practice row
F-00665,FILE-02,routine context,context,high,,,,practice row
F-00666,JUMP-01,routine context,context,high,,,,practice row
F-00667,FIN-WS-14,routine context,context,high,,,,practice row
F-00668,APP-API-02,routine context,context,high,,,,practice row
F-00669,JUMP-01,routine context,context,high,,,,practice row
F-00670,DEPLOY-01,routine context,context,high,,,,practice row
F-00671,JUMP-01,routine context,context,high,,,,practice row
F-00672,DEPLOY-01,routine context,context,high,,,,practice row
F-00673,FIN-WS-14,routine context,context,high,,,,practice row
F-00674,JUMP-01,routine context,context,high,,,,practice row
F-00675,FILE-02,routine context,context,high,,,,practice row
F-00676,APP-API-03,routine context,context,high,,,,practice row
F-00677,DEPLOY-01,routine context,context,high,,,,practice row
F-00678,FILE-02,routine context,context,high,,,,practice row
F-00679,APP-API-02,routine context,context,high,,,,practice row
F-00680,FIN-WS-14,routine context,context,high,,,,practice row
F-00681,APP-API-03,routine context,context,high,,,,practice row
F-00682,DEPLOY-01,routine context,context,high,,,,practice row
F-00683,APP-API-03,routine context,context,high,,,,practice row
F-00684,FIN-WS-14,routine context,context,high,,,,practice row
F-00685,APP-API-02,routine context,context,high,,,,practice row
F-00686,DEPLOY-01,routine context,context,high,,,,practice row
F-00687,FIN-WS-14,routine context,context,high,,,,practice row
F-00688,APP-API-03,routine context,context,high,,,,practice row
F-00689,JUMP-01,routine context,context,high,,,,practice row
F-00690,APP-API-03,routine context,context,high,,,,practice row
F-00691,DEPLOY-01,routine context,context,high,,,,practice row
F-00692,DEPLOY-01,routine context,context,high,,,,practice row
F-00693,APP-API-02,routine context,context,high,,,,practice row
F-00694,DEPLOY-01,routine context,context,high,,,,practice row
F-00695,APP-API-02,routine context,context,high,,,,practice row
F-00696,APP-API-03,routine context,context,high,,,,practice row
F-00697,APP-API-02,routine context,context,high,,,,practice row
F-00698,DEPLOY-01,routine context,context,high,,,,practice row
F-00699,FILE-02,routine context,context,high,,,,practice row
F-00700,FILE-02,routine context,context,high,,,,practice row
F-00701,JUMP-01,routine context,context,high,,,,practice row
F-00702,APP-API-03,routine context,context,high,,,,practice row
F-00703,APP-API-02,routine context,context,high,,,,practice row
F-00704,FIN-WS-14,routine context,context,high,,,,practice row
F-00705,APP-API-02,routine context,context,high,,,,practice row
F-00706,JUMP-01,routine context,context,high,,,,practice row
F-00707,FILE-02,routine context,context,high,,,,practice row
F-00708,APP-API-02,routine context,context,high,,,,practice row
F-00709,FIN-WS-14,routine context,context,high,,,,practice row
F-00710,FILE-02,routine context,context,high,,,,practice row
F-00711,DEPLOY-01,routine context,context,high,,,,practice row
F-00712,APP-API-02,routine context,context,high,,,,practice row
F-00713,APP-API-02,routine context,context,high,,,,practice row
F-00714,JUMP-01,routine context,context,high,,,,practice row
F-00715,DEPLOY-01,routine context,context,high,,,,practice row
F-00716,FILE-02,routine context,context,high,,,,practice row
F-00717,APP-API-03,routine context,context,high,,,,practice row
F-00718,APP-API-02,routine context,context,high,,,,practice row
F-00719,DEPLOY-01,routine context,context,high,,,,practice row
F-00720,APP-API-03,routine context,context,high,,,,practice row
F-00721,DEPLOY-01,routine context,context,high,,,,practice row
F-00722,APP-API-02,routine context,context,high,,,,practice row
F-00723,FIN-WS-14,routine context,context,high,,,,practice row
F-00724,FIN-WS-14,routine context,context,high,,,,practice row
F-00725,DEPLOY-01,routine context,context,high,,,,practice row
F-00726,JUMP-01,routine context,context,high,,,,practice row
F-00727,FILE-02,routine context,context,high,,,,practice row
F-00728,FIN-WS-14,routine context,context,high,,,,practice row
F-00729,JUMP-01,routine context,context,high,,,,practice row
F-00730,DEPLOY-01,routine context,context,high,,,,practice row
F-00731,JUMP-01,routine context,context,high,,,,practice row
F-00732,FIN-WS-14,routine context,context,high,,,,practice row
F-00733,APP-API-03,routine context,context,high,,,,practice row
F-00734,FIN-WS-14,routine context,context,high,,,,practice row
F-00735,FILE-02,routine context,context,high,,,,practice row
F-00736,JUMP-01,routine context,context,high,,,,practice row
F-00737,FIN-WS-14,routine context,context,high,,,,practice row
F-00738,FILE-02,routine context,context,high,,,,practice row
F-00739,FILE-02,routine context,context,high,,,,practice row
F-00740,APP-API-03,routine context,context,high,,,,practice row
F-00741,FIN-WS-14,routine context,context,high,,,,practice row
F-00742,FILE-02,routine context,context,high,,,,practice row
F-00743,APP-API-02,routine context,context,high,,,,practice row
F-00744,DEPLOY-01,routine context,context,high,,,,practice row
F-00745,DEPLOY-01,routine context,context,high,,,,practice row
F-00746,JUMP-01,routine context,context,high,,,,practice row
F-00747,DEPLOY-01,routine context,context,high,,,,practice row
F-00748,FIN-WS-14,routine context,context,high,,,,practice row
F-00749,FILE-02,routine context,context,high,,,,practice row
F-00750,DEPLOY-01,routine context,context,high,,,,practice row
F-00751,FIN-WS-14,routine context,context,high,,,,practice row
F-00752,FIN-WS-14,routine context,context,high,,,,practice row
F-00753,DEPLOY-01,routine context,context,high,,,,practice row
F-00754,JUMP-01,routine context,context,high,,,,practice row
F-00755,DEPLOY-01,routine context,context,high,,,,practice row
F-00756,APP-API-03,routine context,context,high,,,,practice row
F-00757,FILE-02,routine context,context,high,,,,practice row
F-00758,FIN-WS-14,routine context,context,high,,,,practice row
F-00759,APP-API-03,routine context,context,high,,,,practice row
F-00760,JUMP-01,routine context,context,high,,,,practice row
F-00761,DEPLOY-01,routine context,context,high,,,,practice row
F-00762,FIN-WS-14,routine context,context,high,,,,practice row
F-00763,JUMP-01,routine context,context,high,,,,practice row
F-00764,FIN-WS-14,routine context,context,high,,,,practice row
F-00765,FILE-02,routine context,context,high,,,,practice row
F-00766,DEPLOY-01,routine context,context,high,,,,practice row
F-00767,APP-API-03,routine context,context,high,,,,practice row
F-00768,FILE-02,routine context,context,high,,,,practice row
F-00769,APP-API-03,routine context,context,high,,,,practice row
F-00770,DEPLOY-01,routine context,context,high,,,,practice row
F-00771,FILE-02,routine context,context,high,,,,practice row
F-00772,JUMP-01,routine context,context,high,,,,practice row
F-00773,DEPLOY-01,routine context,context,high,,,,practice row
F-00774,APP-API-03,routine context,context,high,,,,practice row
F-00775,APP-API-02,routine context,context,high,,,,practice row
F-00776,APP-API-02,routine context,context,high,,,,practice row
F-00777,FIN-WS-14,routine context,context,high,,,,practice row
F-00778,FILE-02,routine context,context,high,,,,practice row
F-00779,APP-API-02,routine context,context,high,,,,practice row
F-00780,APP-API-02,routine context,context,high,,,,practice row
F-00781,JUMP-01,routine context,context,high,,,,practice row
F-00782,FIN-WS-14,routine context,context,high,,,,practice row
F-00783,FILE-02,routine context,context,high,,,,practice row
F-00784,JUMP-01,routine context,context,high,,,,practice row
F-00785,FIN-WS-14,routine context,context,high,,,,practice row
F-00786,APP-API-03,routine context,context,high,,,,practice row
F-00787,DEPLOY-01,routine context,context,high,,,,practice row
F-00788,FIN-WS-14,routine context,context,high,,,,practice row
F-00789,DEPLOY-01,routine context,context,high,,,,practice row
F-00790,FILE-02,routine context,context,high,,,,practice row
F-00791,JUMP-01,routine context,context,high,,,,practice row
F-00792,JUMP-01,routine context,context,high,,,,practice row
F-00793,DEPLOY-01,routine context,context,high,,,,practice row
F-00794,FILE-02,routine context,context,high,,,,practice row
F-00795,JUMP-01,routine context,context,high,,,,practice row
F-00796,APP-API-02,routine context,context,high,,,,practice row
F-00797,DEPLOY-01,routine context,context,high,,,,practice row
F-00798,FILE-02,routine context,context,high,,,,practice row
F-00799,DEPLOY-01,routine context,context,high,,,,practice row
F-00800,DEPLOY-01,routine context,context,high,,,,practice row
F-00801,APP-API-02,routine context,context,high,,,,practice row
F-00802,JUMP-01,routine context,context,high,,,,practice row
F-00803,DEPLOY-01,routine context,context,high,,,,practice row
F-00804,FIN-WS-14,routine context,context,high,,,,practice row
F-00805,FILE-02,routine context,context,high,,,,practice row
F-00806,APP-API-03,routine context,context,high,,,,practice row
F-00807,FIN-WS-14,routine context,context,high,,,,practice row
F-00808,FIN-WS-14,routine context,context,high,,,,practice row
F-00809,FILE-02,routine context,context,high,,,,practice row
F-00810,DEPLOY-01,routine context,context,high,,,,practice row
F-00811,APP-API-03,routine context,context,high,,,,practice row
F-00812,JUMP-01,routine context,context,high,,,,practice row
F-00813,APP-API-03,routine context,context,high,,,,practice row
F-00814,FILE-02,routine context,context,high,,,,practice row
F-00815,APP-API-03,routine context,context,high,,,,practice row
F-00816,APP-API-03,routine context,context,high,,,,practice row
F-00817,APP-API-02,routine context,context,high,,,,practice row
F-00818,JUMP-01,routine context,context,high,,,,practice row
F-00819,APP-API-02,routine context,context,high,,,,practice row
F-00820,FILE-02,routine context,context,high,,,,practice row
F-00821,FIN-WS-14,routine context,context,high,,,,practice row
F-00822,JUMP-01,routine context,context,high,,,,practice row
F-00823,FILE-02,routine context,context,high,,,,practice row
F-00824,JUMP-01,routine context,context,high,,,,practice row
F-00825,APP-API-03,routine context,context,high,,,,practice row
F-00826,FIN-WS-14,routine context,context,high,,,,practice row
F-00827,APP-API-02,routine context,context,high,,,,practice row
F-00828,DEPLOY-01,routine context,context,high,,,,practice row
F-00829,APP-API-03,routine context,context,high,,,,practice row
F-00830,APP-API-03,routine context,context,high,,,,practice row
F-00831,APP-API-03,routine context,context,high,,,,practice row
F-00832,FILE-02,routine context,context,high,,,,practice row
F-00833,DEPLOY-01,routine context,context,high,,,,practice row
F-00834,JUMP-01,routine context,context,high,,,,practice row
F-00835,FIN-WS-14,routine context,context,high,,,,practice row
F-00836,DEPLOY-01,routine context,context,high,,,,practice row
F-00837,JUMP-01,routine context,context,high,,,,practice row
F-00838,DEPLOY-01,routine context,context,high,,,,practice row
F-00839,DEPLOY-01,routine context,context,high,,,,practice row
F-00840,FILE-02,routine context,context,high,,,,practice row
F-00841,DEPLOY-01,routine context,context,high,,,,practice row
F-00842,FIN-WS-14,routine context,context,high,,,,practice row
F-00843,DEPLOY-01,routine context,context,high,,,,practice row
F-00844,APP-API-03,routine context,context,high,,,,practice row
F-00845,APP-API-03,routine context,context,high,,,,practice row
F-00846,APP-API-02,routine context,context,high,,,,practice row
F-00847,FILE-02,routine context,context,high,,,,practice row
F-00848,JUMP-01,routine context,context,high,,,,practice row
F-00849,JUMP-01,routine context,context,high,,,,practice row
F-00850,JUMP-01,routine context,context,high,,,,practice row
F-00851,FILE-02,routine context,context,high,,,,practice row
F-00852,APP-API-02,routine context,context,high,,,,practice row
F-00853,DEPLOY-01,routine context,context,high,,,,practice row
F-00854,APP-API-02,routine context,context,high,,,,practice row
F-00855,JUMP-01,routine context,context,high,,,,practice row
F-00856,APP-API-02,routine context,context,high,,,,practice row
F-00857,DEPLOY-01,routine context,context,high,,,,practice row
F-00858,APP-API-02,routine context,context,high,,,,practice row
F-00859,FIN-WS-14,routine context,context,high,,,,practice row
F-00860,APP-API-02,routine context,context,high,,,,practice row
F-00861,APP-API-03,routine context,context,high,,,,practice row
F-00862,JUMP-01,routine context,context,high,,,,practice row
F-00863,APP-API-02,routine context,context,high,,,,practice row
F-00864,DEPLOY-01,routine context,context,high,,,,practice row
F-00865,FILE-02,routine context,context,high,,,,practice row
F-00866,APP-API-03,routine context,context,high,,,,practice row
F-00867,APP-API-03,routine context,context,high,,,,practice row
F-00868,FILE-02,routine context,context,high,,,,practice row
F-00869,APP-API-03,routine context,context,high,,,,practice row
F-00870,JUMP-01,routine context,context,high,,,,practice row
F-00871,APP-API-02,routine context,context,high,,,,practice row
F-00872,JUMP-01,routine context,context,high,,,,practice row
F-00873,APP-API-03,routine context,context,high,,,,practice row
F-00874,DEPLOY-01,routine context,context,high,,,,practice row
F-00875,JUMP-01,routine context,context,high,,,,practice row
F-00876,FIN-WS-14,routine context,context,high,,,,practice row
F-00877,FIN-WS-14,routine context,context,high,,,,practice row
F-00878,APP-API-03,routine context,context,high,,,,practice row
F-00879,JUMP-01,routine context,context,high,,,,practice row
F-00880,APP-API-02,routine context,context,high,,,,practice row
F-00881,FIN-WS-14,routine context,context,high,,,,practice row
F-00882,DEPLOY-01,routine context,context,high,,,,practice row
F-00883,APP-API-02,routine context,context,high,,,,practice row
F-00884,JUMP-01,routine context,context,high,,,,practice row
F-00885,APP-API-02,routine context,context,high,,,,practice row
F-00886,APP-API-03,routine context,context,high,,,,practice row
F-00887,APP-API-03,routine context,context,high,,,,practice row
F-00888,APP-API-03,routine context,context,high,,,,practice row
F-00889,FIN-WS-14,routine context,context,high,,,,practice row
F-00890,APP-API-02,routine context,context,high,,,,practice row
F-00891,APP-API-03,routine context,context,high,,,,practice row
F-00892,APP-API-02,routine context,context,high,,,,practice row
F-00893,APP-API-03,routine context,context,high,,,,practice row
F-00894,APP-API-03,routine context,context,high,,,,practice row
F-00895,APP-API-02,routine context,context,high,,,,practice row
F-00896,DEPLOY-01,routine context,context,high,,,,practice row
F-00897,APP-API-02,routine context,context,high,,,,practice row
F-00898,JUMP-01,routine context,context,high,,,,practice row
F-00899,APP-API-02,routine context,context,high,,,,practice row
F-00900,DEPLOY-01,routine context,context,high,,,,practice row
F-00901,DEPLOY-01,routine context,context,high,,,,practice row
F-00902,FILE-02,routine context,context,high,,,,practice row
F-00903,FILE-02,routine context,context,high,,,,practice row
F-00904,APP-API-02,routine context,context,high,,,,practice row
F-00905,DEPLOY-01,routine context,context,high,,,,practice row
F-00906,JUMP-01,routine context,context,high,,,,practice row
F-00907,APP-API-03,routine context,context,high,,,,practice row
F-00908,FILE-02,routine context,context,high,,,,practice row
F-00909,APP-API-03,routine context,context,high,,,,practice row
F-00910,APP-API-02,routine context,context,high,,,,practice row
F-00911,JUMP-01,routine context,context,high,,,,practice row
F-00912,FIN-WS-14,routine context,context,high,,,,practice row
F-00913,APP-API-03,routine context,context,high,,,,practice row
F-00914,FIN-WS-14,routine context,context,high,,,,practice row
F-00915,FILE-02,routine context,context,high,,,,practice row
F-00916,APP-API-03,routine context,context,high,,,,practice row
F-00917,JUMP-01,routine context,context,high,,,,practice row
F-00918,APP-API-02,routine context,context,high,,,,practice row
F-00919,JUMP-01,routine context,context,high,,,,practice row
F-00920,APP-API-03,routine context,context,high,,,,practice row
F-00921,FILE-02,routine context,context,high,,,,practice row
F-00922,APP-API-02,routine context,context,high,,,,practice row
F-00923,APP-API-03,routine context,context,high,,,,practice row
F-00924,FIN-WS-14,routine context,context,high,,,,practice row
F-00925,APP-API-03,routine context,context,high,,,,practice row
F-00926,JUMP-01,routine context,context,high,,,,practice row
F-00927,JUMP-01,routine context,context,high,,,,practice row
F-00928,DEPLOY-01,routine context,context,high,,,,practice row
F-00929,FILE-02,routine context,context,high,,,,practice row
F-00930,APP-API-02,routine context,context,high,,,,practice row
F-00931,APP-API-02,routine context,context,high,,,,practice row
F-00932,APP-API-03,routine context,context,high,,,,practice row
F-00933,FILE-02,routine context,context,high,,,,practice row
F-00934,APP-API-02,routine context,context,high,,,,practice row
F-00935,DEPLOY-01,routine context,context,high,,,,practice row
F-00936,DEPLOY-01,routine context,context,high,,,,practice row
F-00937,JUMP-01,routine context,context,high,,,,practice row
F-00938,APP-API-02,routine context,context,high,,,,practice row
F-00939,DEPLOY-01,routine context,context,high,,,,practice row
F-00940,APP-API-02,routine context,context,high,,,,practice row
F-00941,DEPLOY-01,routine context,context,high,,,,practice row
F-00942,APP-API-02,routine context,context,high,,,,practice row
F-00943,FIN-WS-14,routine context,context,high,,,,practice row
F-00944,FIN-WS-14,routine context,context,high,,,,practice row
F-00945,APP-API-03,routine context,context,high,,,,practice row
F-00946,APP-API-02,routine context,context,high,,,,practice row
F-00947,JUMP-01,routine context,context,high,,,,practice row
F-00948,DEPLOY-01,routine context,context,high,,,,practice row
F-00949,FILE-02,routine context,context,high,,,,practice row
F-00950,JUMP-01,routine context,context,high,,,,practice row
F-00951,FIN-WS-14,routine context,context,high,,,,practice row
F-00952,JUMP-01,routine context,context,high,,,,practice row
F-00953,FIN-WS-14,routine context,context,high,,,,practice row
F-00954,APP-API-02,routine context,context,high,,,,practice row
F-00955,FIN-WS-14,routine context,context,high,,,,practice row
F-00956,APP-API-03,routine context,context,high,,,,practice row
F-00957,APP-API-02,routine context,context,high,,,,practice row
F-00958,FIN-WS-14,routine context,context,high,,,,practice row
F-00959,APP-API-02,routine context,context,high,,,,practice row
F-00960,FILE-02,routine context,context,high,,,,practice row
F-00961,FILE-02,routine context,context,high,,,,practice row
F-00962,APP-API-02,routine context,context,high,,,,practice row
F-00963,JUMP-01,routine context,context,high,,,,practice row
F-00964,FIN-WS-14,routine context,context,high,,,,practice row
F-00965,DEPLOY-01,routine context,context,high,,,,practice row
F-00966,FIN-WS-14,routine context,context,high,,,,practice row
F-00967,FILE-02,routine context,context,high,,,,practice row
F-00968,APP-API-03,routine context,context,high,,,,practice row
F-00969,FIN-WS-14,routine context,context,high,,,,practice row
F-00970,DEPLOY-01,routine context,context,high,,,,practice row
F-00971,FILE-02,routine context,context,high,,,,practice row
F-00972,FILE-02,routine context,context,high,,,,practice row
F-00973,FIN-WS-14,routine context,context,high,,,,practice row
F-00974,APP-API-03,routine context,context,high,,,,practice row
F-00975,JUMP-01,routine context,context,high,,,,practice row
F-00976,APP-API-02,routine context,context,high,,,,practice row
F-00977,FIN-WS-14,routine context,context,high,,,,practice row
F-00978,DEPLOY-01,routine context,context,high,,,,practice row
F-00979,FILE-02,routine context,context,high,,,,practice row
F-00980,DEPLOY-01,routine context,context,high,,,,practice row
F-00981,APP-API-03,routine context,context,high,,,,practice row
F-00982,FIN-WS-14,routine context,context,high,,,,practice row
F-00983,APP-API-02,routine context,context,high,,,,practice row
F-00984,APP-API-02,routine context,context,high,,,,practice row
F-00985,FIN-WS-14,routine context,context,high,,,,practice row
F-00986,DEPLOY-01,routine context,context,high,,,,practice row
F-00987,DEPLOY-01,routine context,context,high,,,,practice row
F-00988,FILE-02,routine context,context,high,,,,practice row
F-00989,APP-API-02,routine context,context,high,,,,practice row
F-00990,DEPLOY-01,routine context,context,high,,,,practice row
F-00991,APP-API-03,routine context,context,high,,,,practice row
F-00992,FILE-02,routine context,context,high,,,,practice row
F-00993,APP-API-03,routine context,context,high,,,,practice row
F-00994,APP-API-02,routine context,context,high,,,,practice row
F-00995,FILE-02,routine context,context,high,,,,practice row
F-00996,APP-API-02,routine context,context,high,,,,practice row
F-00997,APP-API-03,routine context,context,high,,,,practice row
F-00998,FILE-02,routine context,context,high,,,,practice row
F-00999,FIN-WS-14,routine context,context,high,,,,practice row
F-01000,JUMP-01,routine context,context,high,,,,practice row
F-01001,APP-API-03,routine context,context,high,,,,practice row
F-01002,APP-API-03,routine context,context,high,,,,practice row
F-01003,FILE-02,routine context,context,high,,,,practice row
F-01004,APP-API-02,routine context,context,high,,,,practice row
F-01005,DEPLOY-01,routine context,context,high,,,,practice row
F-01006,FILE-02,routine context,context,high,,,,practice row
F-01007,APP-API-02,routine context,context,high,,,,practice row
F-01008,FIN-WS-14,routine context,context,high,,,,practice row
F-01009,DEPLOY-01,routine context,context,high,,,,practice row
F-01010,JUMP-01,routine context,context,high,,,,practice row
F-01011,FIN-WS-14,routine context,context,high,,,,practice row
F-01012,JUMP-01,routine context,context,high,,,,practice row
F-01013,FILE-02,routine context,context,high,,,,practice row
F-01014,FIN-WS-14,routine context,context,high,,,,practice row
F-01015,FILE-02,routine context,context,high,,,,practice row
F-01016,FILE-02,routine context,context,high,,,,practice row
F-01017,JUMP-01,routine context,context,high,,,,practice row
F-01018,FILE-02,routine context,context,high,,,,practice row
F-01019,JUMP-01,routine context,context,high,,,,practice row
F-01020,APP-API-02,routine context,context,high,,,,practice row
F-01021,FILE-02,routine context,context,high,,,,practice row
F-01022,FIN-WS-14,routine context,context,high,,,,practice row
F-01023,FIN-WS-14,routine context,context,high,,,,practice row
F-01024,JUMP-01,routine context,context,high,,,,practice row
F-01025,JUMP-01,routine context,context,high,,,,practice row
F-01026,JUMP-01,routine context,context,high,,,,practice row
F-01027,FILE-02,routine context,context,high,,,,practice row
F-01028,APP-API-02,routine context,context,high,,,,practice row
F-01029,JUMP-01,routine context,context,high,,,,practice row
F-01030,JUMP-01,routine context,context,high,,,,practice row
F-01031,DEPLOY-01,routine context,context,high,,,,practice row
F-01032,APP-API-02,routine context,context,high,,,,practice row
F-01033,FILE-02,routine context,context,high,,,,practice row
F-01034,DEPLOY-01,routine context,context,high,,,,practice row
F-01035,APP-API-03,routine context,context,high,,,,practice row
F-01036,DEPLOY-01,routine context,context,high,,,,practice row
F-01037,DEPLOY-01,routine context,context,high,,,,practice row
F-01038,JUMP-01,routine context,context,high,,,,practice row
F-01039,DEPLOY-01,routine context,context,high,,,,practice row
F-01040,FILE-02,routine context,context,high,,,,practice row
F-01041,APP-API-03,routine context,context,high,,,,practice row
F-01042,APP-API-03,routine context,context,high,,,,practice row
F-01043,DEPLOY-01,routine context,context,high,,,,practice row
F-01044,JUMP-01,routine context,context,high,,,,practice row
F-01045,APP-API-02,routine context,context,high,,,,practice row
F-01046,FIN-WS-14,routine context,context,high,,,,practice row
F-01047,APP-API-02,routine context,context,high,,,,practice row
F-01048,JUMP-01,routine context,context,high,,,,practice row
F-01049,APP-API-03,routine context,context,high,,,,practice row
F-01050,APP-API-02,routine context,context,high,,,,practice row
F-01051,JUMP-01,routine context,context,high,,,,practice row
F-01052,DEPLOY-01,routine context,context,high,,,,practice row
F-01053,APP-API-03,routine context,context,high,,,,practice row
F-01054,DEPLOY-01,routine context,context,high,,,,practice row
F-01055,JUMP-01,routine context,context,high,,,,practice row
F-01056,DEPLOY-01,routine context,context,high,,,,practice row
F-01057,DEPLOY-01,routine context,context,high,,,,practice row
F-01058,FILE-02,routine context,context,high,,,,practice row
F-01059,APP-API-03,routine context,context,high,,,,practice row
F-01060,APP-API-02,routine context,context,high,,,,practice row
F-01061,DEPLOY-01,routine context,context,high,,,,practice row
F-01062,FIN-WS-14,routine context,context,high,,,,practice row
F-01063,JUMP-01,routine context,context,high,,,,practice row
F-01064,APP-API-03,routine context,context,high,,,,practice row
F-01065,JUMP-01,routine context,context,high,,,,practice row
F-01066,FILE-02,routine context,context,high,,,,practice row
F-01067,APP-API-03,routine context,context,high,,,,practice row
F-01068,FILE-02,routine context,context,high,,,,practice row
F-01069,DEPLOY-01,routine context,context,high,,,,practice row
F-01070,APP-API-03,routine context,context,high,,,,practice row
F-01071,DEPLOY-01,routine context,context,high,,,,practice row
F-01072,APP-API-02,routine context,context,high,,,,practice row
F-01073,APP-API-03,routine context,context,high,,,,practice row
F-01074,FIN-WS-14,routine context,context,high,,,,practice row
F-01075,DEPLOY-01,routine context,context,high,,,,practice row
F-01076,APP-API-03,routine context,context,high,,,,practice row
F-01077,FIN-WS-14,routine context,context,high,,,,practice row
F-01078,JUMP-01,routine context,context,high,,,,practice row
F-01079,FIN-WS-14,routine context,context,high,,,,practice row
F-01080,JUMP-01,routine context,context,high,,,,practice row
F-01081,FILE-02,routine context,context,high,,,,practice row
F-01082,APP-API-03,routine context,context,high,,,,practice row
F-01083,DEPLOY-01,routine context,context,high,,,,practice row
F-01084,FILE-02,routine context,context,high,,,,practice row
F-01085,APP-API-03,routine context,context,high,,,,practice row
F-01086,APP-API-02,routine context,context,high,,,,practice row
F-01087,FIN-WS-14,routine context,context,high,,,,practice row
F-01088,APP-API-03,routine context,context,high,,,,practice row
F-01089,APP-API-03,routine context,context,high,,,,practice row
F-01090,APP-API-02,routine context,context,high,,,,practice row
F-01091,APP-API-02,routine context,context,high,,,,practice row
F-01092,FILE-02,routine context,context,high,,,,practice row
F-01093,DEPLOY-01,routine context,context,high,,,,practice row
F-01094,FILE-02,routine context,context,high,,,,practice row
F-01095,FILE-02,routine context,context,high,,,,practice row
F-01096,APP-API-03,routine context,context,high,,,,practice row
F-01097,APP-API-02,routine context,context,high,,,,practice row
F-01098,FILE-02,routine context,context,high,,,,practice row
F-01099,APP-API-03,routine context,context,high,,,,practice row
F-01100,APP-API-02,routine context,context,high,,,,practice row
F-01101,FILE-02,routine context,context,high,,,,practice row
F-01102,APP-API-02,routine context,context,high,,,,practice row
F-01103,JUMP-01,routine context,context,high,,,,practice row
F-01104,DEPLOY-01,routine context,context,high,,,,practice row
F-01105,JUMP-01,routine context,context,high,,,,practice row
F-01106,FIN-WS-14,routine context,context,high,,,,practice row
F-01107,FILE-02,routine context,context,high,,,,practice row
F-01108,JUMP-01,routine context,context,high,,,,practice row
F-01109,APP-API-03,routine context,context,high,,,,practice row
F-01110,APP-API-02,routine context,context,high,,,,practice row
F-01111,APP-API-03,routine context,context,high,,,,practice row
F-01112,APP-API-02,routine context,context,high,,,,practice row
F-01113,APP-API-03,routine context,context,high,,,,practice row
F-01114,DEPLOY-01,routine context,context,high,,,,practice row
F-01115,APP-API-03,routine context,context,high,,,,practice row
F-01116,JUMP-01,routine context,context,high,,,,practice row
F-01117,FILE-02,routine context,context,high,,,,practice row
F-01118,APP-API-03,routine context,context,high,,,,practice row
F-01119,APP-API-02,routine context,context,high,,,,practice row
F-01120,DEPLOY-01,routine context,context,high,,,,practice row
F-01121,FILE-02,routine context,context,high,,,,practice row
F-01122,APP-API-03,routine context,context,high,,,,practice row
F-01123,APP-API-03,routine context,context,high,,,,practice row
F-01124,APP-API-02,routine context,context,high,,,,practice row
F-01125,APP-API-03,routine context,context,high,,,,practice row
F-01126,FIN-WS-14,routine context,context,high,,,,practice row
F-01127,FILE-02,routine context,context,high,,,,practice row
F-01128,DEPLOY-01,routine context,context,high,,,,practice row
F-01129,FIN-WS-14,routine context,context,high,,,,practice row
F-01130,DEPLOY-01,routine context,context,high,,,,practice row
F-01131,APP-API-03,routine context,context,high,,,,practice row
F-01132,FILE-02,routine context,context,high,,,,practice row
F-01133,JUMP-01,routine context,context,high,,,,practice row
F-01134,APP-API-03,routine context,context,high,,,,practice row
F-01135,FIN-WS-14,routine context,context,high,,,,practice row
F-01136,JUMP-01,routine context,context,high,,,,practice row
F-01137,FILE-02,routine context,context,high,,,,practice row
F-01138,FILE-02,routine context,context,high,,,,practice row
F-01139,JUMP-01,routine context,context,high,,,,practice row
F-01140,DEPLOY-01,routine context,context,high,,,,practice row
F-01141,DEPLOY-01,routine context,context,high,,,,practice row
F-01142,DEPLOY-01,routine context,context,high,,,,practice row
F-01143,FILE-02,routine context,context,high,,,,practice row
F-01144,FILE-02,routine context,context,high,,,,practice row
F-01145,APP-API-02,routine context,context,high,,,,practice row
F-01146,DEPLOY-01,routine context,context,high,,,,practice row
F-01147,FILE-02,routine context,context,high,,,,practice row
F-01148,JUMP-01,routine context,context,high,,,,practice row
F-01149,FILE-02,routine context,context,high,,,,practice row
F-01150,DEPLOY-01,routine context,context,high,,,,practice row
F-01151,APP-API-02,routine context,context,high,,,,practice row
F-01152,FILE-02,routine context,context,high,,,,practice row
F-01153,DEPLOY-01,routine context,context,high,,,,practice row
F-01154,DEPLOY-01,routine context,context,high,,,,practice row
F-01155,APP-API-03,routine context,context,high,,,,practice row
F-01156,FIN-WS-14,routine context,context,high,,,,practice row
F-01157,APP-API-03,routine context,context,high,,,,practice row
F-01158,DEPLOY-01,routine context,context,high,,,,practice row
F-01159,APP-API-03,routine context,context,high,,,,practice row
F-01160,FILE-02,routine context,context,high,,,,practice row
F-01161,JUMP-01,routine context,context,high,,,,practice row
F-01162,FIN-WS-14,routine context,context,high,,,,practice row
F-01163,APP-API-03,routine context,context,high,,,,practice row
F-01164,FILE-02,routine context,context,high,,,,practice row
F-01165,DEPLOY-01,routine context,context,high,,,,practice row
F-01166,APP-API-02,routine context,context,high,,,,practice row
F-01167,APP-API-02,routine context,context,high,,,,practice row
F-01168,APP-API-02,routine context,context,high,,,,practice row
F-01169,DEPLOY-01,routine context,context,high,,,,practice row
F-01170,APP-API-03,routine context,context,high,,,,practice row
F-01171,FILE-02,routine context,context,high,,,,practice row
F-01172,APP-API-02,routine context,context,high,,,,practice row
F-01173,FILE-02,routine context,context,high,,,,practice row
F-01174,DEPLOY-01,routine context,context,high,,,,practice row
F-01175,DEPLOY-01,routine context,context,high,,,,practice row
F-01176,APP-API-02,routine context,context,high,,,,practice row
F-01177,JUMP-01,routine context,context,high,,,,practice row
F-01178,APP-API-02,routine context,context,high,,,,practice row
F-01179,DEPLOY-01,routine context,context,high,,,,practice row
F-01180,DEPLOY-01,routine context,context,high,,,,practice row
F-01181,DEPLOY-01,routine context,context,high,,,,practice row
F-01182,APP-API-03,routine context,context,high,,,,practice row
F-01183,APP-API-03,routine context,context,high,,,,practice row
F-01184,FILE-02,routine context,context,high,,,,practice row
F-01185,DEPLOY-01,routine context,context,high,,,,practice row
F-01186,FIN-WS-14,routine context,context,high,,,,practice row
F-01187,FIN-WS-14,routine context,context,high,,,,practice row
F-01188,JUMP-01,routine context,context,high,,,,practice row
F-01189,FIN-WS-14,routine context,context,high,,,,practice row
F-01190,FILE-02,routine context,context,high,,,,practice row
F-01191,APP-API-03,routine context,context,high,,,,practice row
F-01192,DEPLOY-01,routine context,context,high,,,,practice row
F-01193,APP-API-02,routine context,context,high,,,,practice row
F-01194,DEPLOY-01,routine context,context,high,,,,practice row
F-01195,DEPLOY-01,routine context,context,high,,,,practice row
F-01196,DEPLOY-01,routine context,context,high,,,,practice row
F-01197,FILE-02,routine context,context,high,,,,practice row
F-01198,DEPLOY-01,routine context,context,high,,,,practice row
F-01199,FIN-WS-14,routine context,context,high,,,,practice row
F-01200,FILE-02,routine context,context,high,,,,practice row
F-01201,APP-API-03,routine context,context,high,,,,practice row
F-01202,APP-API-02,routine context,context,high,,,,practice row
F-01203,APP-API-03,routine context,context,high,,,,practice row
F-01204,JUMP-01,routine context,context,high,,,,practice row
F-01205,APP-API-03,routine context,context,high,,,,practice row
F-01206,JUMP-01,routine context,context,high,,,,practice row
F-01207,APP-API-02,routine context,context,high,,,,practice row
F-01208,APP-API-03,routine context,context,high,,,,practice row
F-01209,FIN-WS-14,routine context,context,high,,,,practice row
F-01210,DEPLOY-01,routine context,context,high,,,,practice row
F-01211,JUMP-01,routine context,context,high,,,,practice row
F-01212,JUMP-01,routine context,context,high,,,,practice row
F-01213,FILE-02,routine context,context,high,,,,practice row
F-01214,APP-API-02,routine context,context,high,,,,practice row
F-01215,FIN-WS-14,routine context,context,high,,,,practice row
F-01216,APP-API-03,routine context,context,high,,,,practice row
F-01217,DEPLOY-01,routine context,context,high,,,,practice row
F-01218,FIN-WS-14,routine context,context,high,,,,practice row
F-01219,FILE-02,routine context,context,high,,,,practice row
F-01220,DEPLOY-01,routine context,context,high,,,,practice row
F-01221,JUMP-01,routine context,context,high,,,,practice row
F-01222,FIN-WS-14,routine context,context,high,,,,practice row
F-01223,APP-API-02,routine context,context,high,,,,practice row
F-01224,JUMP-01,routine context,context,high,,,,practice row
F-01225,FILE-02,routine context,context,high,,,,practice row
F-01226,APP-API-02,routine context,context,high,,,,practice row
F-01227,FIN-WS-14,routine context,context,high,,,,practice row
F-01228,FIN-WS-14,routine context,context,high,,,,practice row
F-01229,JUMP-01,routine context,context,high,,,,practice row
F-01230,APP-API-02,routine context,context,high,,,,practice row
F-01231,DEPLOY-01,routine context,context,high,,,,practice row
F-01232,DEPLOY-01,routine context,context,high,,,,practice row
F-01233,DEPLOY-01,routine context,context,high,,,,practice row
F-01234,FIN-WS-14,routine context,context,high,,,,practice row
F-01235,APP-API-03,routine context,context,high,,,,practice row
F-01236,FIN-WS-14,routine context,context,high,,,,practice row
F-01237,FIN-WS-14,routine context,context,high,,,,practice row
F-01238,JUMP-01,routine context,context,high,,,,practice row
F-01239,JUMP-01,routine context,context,high,,,,practice row
F-01240,DEPLOY-01,routine context,context,high,,,,practice row
F-01241,APP-API-03,routine context,context,high,,,,practice row
F-01242,FIN-WS-14,routine context,context,high,,,,practice row
F-01243,FIN-WS-14,routine context,context,high,,,,practice row
F-01244,JUMP-01,routine context,context,high,,,,practice row
F-01245,JUMP-01,routine context,context,high,,,,practice row
F-01246,APP-API-03,routine context,context,high,,,,practice row
F-01247,FILE-02,routine context,context,high,,,,practice row
F-01248,FIN-WS-14,routine context,context,high,,,,practice row
F-01249,FILE-02,routine context,context,high,,,,practice row
F-01250,FILE-02,routine context,context,high,,,,practice row
F-01251,FILE-02,routine context,context,high,,,,practice row
F-01252,APP-API-02,routine context,context,high,,,,practice row
F-01253,DEPLOY-01,routine context,context,high,,,,practice row
F-01254,DEPLOY-01,routine context,context,high,,,,practice row
F-01255,APP-API-02,routine context,context,high,,,,practice row
F-01256,FILE-02,routine context,context,high,,,,practice row
F-01257,JUMP-01,routine context,context,high,,,,practice row
F-01258,FILE-02,routine context,context,high,,,,practice row
F-01259,FIN-WS-14,routine context,context,high,,,,practice row
F-01260,APP-API-03,routine context,context,high,,,,practice row
F-01261,FIN-WS-14,routine context,context,high,,,,practice row
F-01262,JUMP-01,routine context,context,high,,,,practice row
F-01263,FILE-02,routine context,context,high,,,,practice row
F-01264,FIN-WS-14,routine context,context,high,,,,practice row
F-01265,APP-API-03,routine context,context,high,,,,practice row
F-01266,FILE-02,routine context,context,high,,,,practice row
F-01267,APP-API-03,routine context,context,high,,,,practice row
F-01268,JUMP-01,routine context,context,high,,,,practice row
F-01269,DEPLOY-01,routine context,context,high,,,,practice row
F-01270,DEPLOY-01,routine context,context,high,,,,practice row
F-01271,APP-API-02,routine context,context,high,,,,practice row
F-01272,FILE-02,routine context,context,high,,,,practice row
F-01273,FIN-WS-14,routine context,context,high,,,,practice row
F-01274,APP-API-03,routine context,context,high,,,,practice row
F-01275,DEPLOY-01,routine context,context,high,,,,practice row
F-01276,FILE-02,routine context,context,high,,,,practice row
F-01277,FILE-02,routine context,context,high,,,,practice row
F-01278,DEPLOY-01,routine context,context,high,,,,practice row
F-01279,FILE-02,routine context,context,high,,,,practice row
F-01280,JUMP-01,routine context,context,high,,,,practice row
F-01281,DEPLOY-01,routine context,context,high,,,,practice row
F-01282,APP-API-02,routine context,context,high,,,,practice row
F-01283,JUMP-01,routine context,context,high,,,,practice row
F-01284,FIN-WS-14,routine context,context,high,,,,practice row
F-01285,APP-API-03,routine context,context,high,,,,practice row
F-01286,APP-API-03,routine context,context,high,,,,practice row
F-01287,FILE-02,routine context,context,high,,,,practice row
F-01288,DEPLOY-01,routine context,context,high,,,,practice row
F-01289,JUMP-01,routine context,context,high,,,,practice row
F-01290,APP-API-02,routine context,context,high,,,,practice row
F-01291,APP-API-02,routine context,context,high,,,,practice row
F-01292,FILE-02,routine context,context,high,,,,practice row
F-01293,FIN-WS-14,routine context,context,high,,,,practice row
F-01294,APP-API-02,routine context,context,high,,,,practice row
F-01295,FIN-WS-14,routine context,context,high,,,,practice row
F-01296,APP-API-03,routine context,context,high,,,,practice row
F-01297,JUMP-01,routine context,context,high,,,,practice row
F-01298,APP-API-02,routine context,context,high,,,,practice row
F-01299,DEPLOY-01,routine context,context,high,,,,practice row
F-01300,DEPLOY-01,routine context,context,high,,,,practice row
F-01301,FIN-WS-14,routine context,context,high,,,,practice row
F-01302,FILE-02,routine context,context,high,,,,practice row
F-01303,APP-API-03,routine context,context,high,,,,practice row
F-01304,FIN-WS-14,routine context,context,high,,,,practice row
F-01305,APP-API-03,routine context,context,high,,,,practice row
F-01306,APP-API-03,routine context,context,high,,,,practice row
F-01307,FIN-WS-14,routine context,context,high,,,,practice row
F-01308,FIN-WS-14,routine context,context,high,,,,practice row
F-01309,APP-API-03,routine context,context,high,,,,practice row
F-01310,FILE-02,routine context,context,high,,,,practice row
F-01311,FIN-WS-14,routine context,context,high,,,,practice row
F-01312,FIN-WS-14,routine context,context,high,,,,practice row
F-01313,FILE-02,routine context,context,high,,,,practice row
F-01314,FILE-02,routine context,context,high,,,,practice row
F-01315,APP-API-02,routine context,context,high,,,,practice row
F-01316,JUMP-01,routine context,context,high,,,,practice row
F-01317,FILE-02,routine context,context,high,,,,practice row
F-01318,FIN-WS-14,routine context,context,high,,,,practice row
F-01319,APP-API-03,routine context,context,high,,,,practice row
F-01320,FILE-02,routine context,context,high,,,,practice row
F-01321,APP-API-02,routine context,context,high,,,,practice row
F-01322,JUMP-01,routine context,context,high,,,,practice row
F-01323,FIN-WS-14,routine context,context,high,,,,practice row
F-01324,JUMP-01,routine context,context,high,,,,practice row
F-01325,FIN-WS-14,routine context,context,high,,,,practice row
F-01326,APP-API-03,routine context,context,high,,,,practice row
F-01327,FIN-WS-14,routine context,context,high,,,,practice row
F-01328,APP-API-02,routine context,context,high,,,,practice row
F-01329,JUMP-01,routine context,context,high,,,,practice row
F-01330,DEPLOY-01,routine context,context,high,,,,practice row
F-01331,FILE-02,routine context,context,high,,,,practice row
F-01332,APP-API-02,routine context,context,high,,,,practice row
F-01333,APP-API-02,routine context,context,high,,,,practice row
F-01334,FIN-WS-14,routine context,context,high,,,,practice row
F-01335,FILE-02,routine context,context,high,,,,practice row
F-01336,APP-API-02,routine context,context,high,,,,practice row
F-01337,APP-API-03,routine context,context,high,,,,practice row
F-01338,APP-API-02,routine context,context,high,,,,practice row
F-01339,FIN-WS-14,routine context,context,high,,,,practice row
F-01340,FILE-02,routine context,context,high,,,,practice row
F-01341,JUMP-01,routine context,context,high,,,,practice row
F-01342,APP-API-02,routine context,context,high,,,,practice row
F-01343,JUMP-01,routine context,context,high,,,,practice row
F-01344,APP-API-02,routine context,context,high,,,,practice row
F-01345,DEPLOY-01,routine context,context,high,,,,practice row
F-01346,FIN-WS-14,routine context,context,high,,,,practice row
F-01347,DEPLOY-01,routine context,context,high,,,,practice row
F-01348,FILE-02,routine context,context,high,,,,practice row
F-01349,JUMP-01,routine context,context,high,,,,practice row
F-01350,FIN-WS-14,routine context,context,high,,,,practice row
F-01351,FILE-02,routine context,context,high,,,,practice row
F-01352,FILE-02,routine context,context,high,,,,practice row
F-01353,FIN-WS-14,routine context,context,high,,,,practice row
F-01354,APP-API-02,routine context,context,high,,,,practice row
F-01355,DEPLOY-01,routine context,context,high,,,,practice row
F-01356,FIN-WS-14,routine context,context,high,,,,practice row
F-01357,DEPLOY-01,routine context,context,high,,,,practice row
F-01358,APP-API-03,routine context,context,high,,,,practice row
F-01359,FIN-WS-14,routine context,context,high,,,,practice row
F-01360,FIN-WS-14,routine context,context,high,,,,practice row
F-01361,DEPLOY-01,routine context,context,high,,,,practice row
F-01362,APP-API-03,routine context,context,high,,,,practice row
F-01363,APP-API-02,routine context,context,high,,,,practice row
F-01364,JUMP-01,routine context,context,high,,,,practice row
F-01365,JUMP-01,routine context,context,high,,,,practice row
F-01366,FILE-02,routine context,context,high,,,,practice row
F-01367,DEPLOY-01,routine context,context,high,,,,practice row
F-01368,DEPLOY-01,routine context,context,high,,,,practice row
F-01369,FILE-02,routine context,context,high,,,,practice row
F-01370,JUMP-01,routine context,context,high,,,,practice row
F-01371,APP-API-03,routine context,context,high,,,,practice row
F-01372,FILE-02,routine context,context,high,,,,practice row
F-01373,DEPLOY-01,routine context,context,high,,,,practice row
F-01374,JUMP-01,routine context,context,high,,,,practice row
F-01375,APP-API-03,routine context,context,high,,,,practice row
F-01376,FILE-02,routine context,context,high,,,,practice row
F-01377,DEPLOY-01,routine context,context,high,,,,practice row
F-01378,DEPLOY-01,routine context,context,high,,,,practice row
F-01379,APP-API-02,routine context,context,high,,,,practice row
F-01380,DEPLOY-01,routine context,context,high,,,,practice row
F-01381,APP-API-03,routine context,context,high,,,,practice row
F-01382,DEPLOY-01,routine context,context,high,,,,practice row
F-01383,JUMP-01,routine context,context,high,,,,practice row
F-01384,FILE-02,routine context,context,high,,,,practice row
F-01385,APP-API-02,routine context,context,high,,,,practice row
F-01386,FILE-02,routine context,context,high,,,,practice row
F-01387,APP-API-02,routine context,context,high,,,,practice row
F-01388,JUMP-01,routine context,context,high,,,,practice row
F-01389,APP-API-03,routine context,context,high,,,,practice row
F-01390,APP-API-03,routine context,context,high,,,,practice row
F-01391,APP-API-02,routine context,context,high,,,,practice row
F-01392,DEPLOY-01,routine context,context,high,,,,practice row
F-01393,DEPLOY-01,routine context,context,high,,,,practice row
F-01394,JUMP-01,routine context,context,high,,,,practice row
F-01395,FILE-02,routine context,context,high,,,,practice row
F-01396,JUMP-01,routine context,context,high,,,,practice row
F-01397,DEPLOY-01,routine context,context,high,,,,practice row
F-01398,APP-API-02,routine context,context,high,,,,practice row
F-01399,APP-API-03,routine context,context,high,,,,practice row
F-01400,DEPLOY-01,routine context,context,high,,,,practice row
F-01401,APP-API-02,routine context,context,high,,,,practice row
F-01402,APP-API-03,routine context,context,high,,,,practice row
F-01403,FILE-02,routine context,context,high,,,,practice row
F-01404,APP-API-02,routine context,context,high,,,,practice row
F-01405,FILE-02,routine context,context,high,,,,practice row
F-01406,FILE-02,routine context,context,high,,,,practice row
F-01407,JUMP-01,routine context,context,high,,,,practice row
F-01408,FIN-WS-14,routine context,context,high,,,,practice row
F-01409,FILE-02,routine context,context,high,,,,practice row
F-01410,FILE-02,routine context,context,high,,,,practice row
F-01411,JUMP-01,routine context,context,high,,,,practice row
F-01412,FILE-02,routine context,context,high,,,,practice row
F-01413,FIN-WS-14,routine context,context,high,,,,practice row
F-01414,APP-API-03,routine context,context,high,,,,practice row
F-01415,FIN-WS-14,routine context,context,high,,,,practice row
F-01416,APP-API-02,routine context,context,high,,,,practice row
F-01417,DEPLOY-01,routine context,context,high,,,,practice row
F-01418,FIN-WS-14,routine context,context,high,,,,practice row
F-01419,DEPLOY-01,routine context,context,high,,,,practice row
F-01420,FILE-02,routine context,context,high,,,,practice row
F-01421,FIN-WS-14,routine context,context,high,,,,practice row
F-01422,DEPLOY-01,routine context,context,high,,,,practice row
F-01423,DEPLOY-01,routine context,context,high,,,,practice row
F-01424,APP-API-02,routine context,context,high,,,,practice row
F-01425,APP-API-02,routine context,context,high,,,,practice row
F-01426,DEPLOY-01,routine context,context,high,,,,practice row
F-01427,FILE-02,routine context,context,high,,,,practice row
F-01428,APP-API-02,routine context,context,high,,,,practice row
F-01429,FILE-02,routine context,context,high,,,,practice row
F-01430,APP-API-02,routine context,context,high,,,,practice row
F-01431,FIN-WS-14,routine context,context,high,,,,practice row
F-01432,FIN-WS-14,routine context,context,high,,,,practice row
F-01433,JUMP-01,routine context,context,high,,,,practice row
F-01434,APP-API-02,routine context,context,high,,,,practice row
F-01435,FIN-WS-14,routine context,context,high,,,,practice row
F-01436,FIN-WS-14,routine context,context,high,,,,practice row
F-01437,APP-API-02,routine context,context,high,,,,practice row
F-01438,APP-API-02,routine context,context,high,,,,practice row
F-01439,JUMP-01,routine context,context,high,,,,practice row
F-01440,DEPLOY-01,routine context,context,high,,,,practice row
F-01441,JUMP-01,routine context,context,high,,,,practice row
F-01442,FILE-02,routine context,context,high,,,,practice row
F-01443,APP-API-02,routine context,context,high,,,,practice row
F-01444,FIN-WS-14,routine context,context,high,,,,practice row
F-01445,JUMP-01,routine context,context,high,,,,practice row
F-01446,FILE-02,routine context,context,high,,,,practice row
F-01447,DEPLOY-01,routine context,context,high,,,,practice row
F-01448,DEPLOY-01,routine context,context,high,,,,practice row
F-01449,FILE-02,routine context,context,high,,,,practice row
F-01450,APP-API-02,routine context,context,high,,,,practice row
F-01451,FIN-WS-14,routine context,context,high,,,,practice row
F-01452,DEPLOY-01,routine context,context,high,,,,practice row
F-01453,DEPLOY-01,routine context,context,high,,,,practice row
F-01454,DEPLOY-01,routine context,context,high,,,,practice row
F-01455,APP-API-02,routine context,context,high,,,,practice row
F-01456,FILE-02,routine context,context,high,,,,practice row
F-01457,DEPLOY-01,routine context,context,high,,,,practice row
F-01458,FIN-WS-14,routine context,context,high,,,,practice row
F-01459,APP-API-02,routine context,context,high,,,,practice row
F-01460,FIN-WS-14,routine context,context,high,,,,practice row
F-01461,APP-API-03,routine context,context,high,,,,practice row
F-01462,FILE-02,routine context,context,high,,,,practice row
F-01463,JUMP-01,routine context,context,high,,,,practice row
F-01464,JUMP-01,routine context,context,high,,,,practice row
F-01465,JUMP-01,routine context,context,high,,,,practice row
F-01466,DEPLOY-01,routine context,context,high,,,,practice row
F-01467,FILE-02,routine context,context,high,,,,practice row
F-01468,JUMP-01,routine context,context,high,,,,practice row
F-01469,DEPLOY-01,routine context,context,high,,,,practice row
F-01470,APP-API-03,routine context,context,high,,,,practice row
F-01471,FIN-WS-14,routine context,context,high,,,,practice row
F-01472,DEPLOY-01,routine context,context,high,,,,practice row
F-01473,APP-API-03,routine context,context,high,,,,practice row
F-01474,DEPLOY-01,routine context,context,high,,,,practice row
F-01475,FILE-02,routine context,context,high,,,,practice row
F-01476,FIN-WS-14,routine context,context,high,,,,practice row
F-01477,FILE-02,routine context,context,high,,,,practice row
F-01478,FILE-02,routine context,context,high,,,,practice row
F-01479,FIN-WS-14,routine context,context,high,,,,practice row
F-01480,JUMP-01,routine context,context,high,,,,practice row
F-01481,JUMP-01,routine context,context,high,,,,practice row
F-01482,FILE-02,routine context,context,high,,,,practice row
F-01483,APP-API-02,routine context,context,high,,,,practice row
F-01484,FIN-WS-14,routine context,context,high,,,,practice row
F-01485,FILE-02,routine context,context,high,,,,practice row
F-01486,APP-API-03,routine context,context,high,,,,practice row
F-01487,APP-API-02,routine context,context,high,,,,practice row
F-01488,APP-API-02,routine context,context,high,,,,practice row
F-01489,DEPLOY-01,routine context,context,high,,,,practice row
F-01490,APP-API-02,routine context,context,high,,,,practice row
F-01491,FIN-WS-14,routine context,context,high,,,,practice row
F-01492,FILE-02,routine context,context,high,,,,practice row
F-01493,FILE-02,routine context,context,high,,,,practice row
F-01494,APP-API-02,routine context,context,high,,,,practice row
F-01495,APP-API-02,routine context,context,high,,,,practice row
F-01496,JUMP-01,routine context,context,high,,,,practice row
F-01497,APP-API-02,routine context,context,high,,,,practice row
F-01498,APP-API-02,routine context,context,high,,,,practice row
F-01499,APP-API-03,routine context,context,high,,,,practice row
F-01500,APP-API-02,routine context,context,high,,,,practice row
F-01501,FIN-WS-14,routine context,context,high,,,,practice row
F-01502,APP-API-03,routine context,context,high,,,,practice row
F-01503,FIN-WS-14,routine context,context,high,,,,practice row
F-01504,APP-API-03,routine context,context,high,,,,practice row
F-01505,JUMP-01,routine context,context,high,,,,practice row
F-01506,FIN-WS-14,routine context,context,high,,,,practice row
F-01507,JUMP-01,routine context,context,high,,,,practice row
F-01508,DEPLOY-01,routine context,context,high,,,,practice row
F-01509,JUMP-01,routine context,context,high,,,,practice row
F-01510,APP-API-02,routine context,context,high,,,,practice row
F-01511,JUMP-01,routine context,context,high,,,,practice row
F-01512,FIN-WS-14,routine context,context,high,,,,practice row
F-01513,FILE-02,routine context,context,high,,,,practice row
F-01514,FIN-WS-14,routine context,context,high,,,,practice row
F-01515,JUMP-01,routine context,context,high,,,,practice row
F-01516,FIN-WS-14,routine context,context,high,,,,practice row
F-01517,JUMP-01,routine context,context,high,,,,practice row
F-01518,DEPLOY-01,routine context,context,high,,,,practice row
F-01519,DEPLOY-01,routine context,context,high,,,,practice row
F-01520,DEPLOY-01,routine context,context,high,,,,practice row
F-01521,FIN-WS-14,routine context,context,high,,,,practice row
F-01522,APP-API-02,routine context,context,high,,,,practice row
F-01523,APP-API-02,routine context,context,high,,,,practice row
F-01524,APP-API-02,routine context,context,high,,,,practice row
F-01525,JUMP-01,routine context,context,high,,,,practice row
F-01526,FILE-02,routine context,context,high,,,,practice row
F-01527,DEPLOY-01,routine context,context,high,,,,practice row
F-01528,FIN-WS-14,routine context,context,high,,,,practice row
F-01529,APP-API-02,routine context,context,high,,,,practice row
F-01530,FILE-02,routine context,context,high,,,,practice row
F-01531,JUMP-01,routine context,context,high,,,,practice row
F-01532,JUMP-01,routine context,context,high,,,,practice row
F-01533,FIN-WS-14,routine context,context,high,,,,practice row
F-01534,FIN-WS-14,routine context,context,high,,,,practice row
F-01535,JUMP-01,routine context,context,high,,,,practice row
F-01536,JUMP-01,routine context,context,high,,,,practice row
F-01537,DEPLOY-01,routine context,context,high,,,,practice row
F-01538,DEPLOY-01,routine context,context,high,,,,practice row
F-01539,APP-API-03,routine context,context,high,,,,practice row
F-01540,FIN-WS-14,routine context,context,high,,,,practice row
F-01541,APP-API-02,routine context,context,high,,,,practice row
F-01542,JUMP-01,routine context,context,high,,,,practice row
F-01543,APP-API-03,routine context,context,high,,,,practice row
F-01544,DEPLOY-01,routine context,context,high,,,,practice row
F-01545,DEPLOY-01,routine context,context,high,,,,practice row
F-01546,APP-API-03,routine context,context,high,,,,practice row
F-01547,JUMP-01,routine context,context,high,,,,practice row
F-01548,APP-API-03,routine context,context,high,,,,practice row
F-01549,FIN-WS-14,routine context,context,high,,,,practice row
F-01550,JUMP-01,routine context,context,high,,,,practice row
F-01551,APP-API-02,routine context,context,high,,,,practice row
F-01552,DEPLOY-01,routine context,context,high,,,,practice row
F-01553,JUMP-01,routine context,context,high,,,,practice row
F-01554,FIN-WS-14,routine context,context,high,,,,practice row
F-01555,JUMP-01,routine context,context,high,,,,practice row
F-01556,JUMP-01,routine context,context,high,,,,practice row
F-01557,JUMP-01,routine context,context,high,,,,practice row
F-01558,JUMP-01,routine context,context,high,,,,practice row
F-01559,APP-API-03,routine context,context,high,,,,practice row
F-01560,DEPLOY-01,routine context,context,high,,,,practice row
F-01561,FIN-WS-14,routine context,context,high,,,,practice row
F-01562,APP-API-02,routine context,context,high,,,,practice row
F-01563,APP-API-03,routine context,context,high,,,,practice row
F-01564,FIN-WS-14,routine context,context,high,,,,practice row
F-01565,JUMP-01,routine context,context,high,,,,practice row
F-01566,JUMP-01,routine context,context,high,,,,practice row
F-01567,JUMP-01,routine context,context,high,,,,practice row
F-01568,APP-API-02,routine context,context,high,,,,practice row
F-01569,DEPLOY-01,routine context,context,high,,,,practice row
F-01570,FILE-02,routine context,context,high,,,,practice row
F-01571,FIN-WS-14,routine context,context,high,,,,practice row
F-01572,APP-API-02,routine context,context,high,,,,practice row
F-01573,APP-API-02,routine context,context,high,,,,practice row
F-01574,JUMP-01,routine context,context,high,,,,practice row
F-01575,APP-API-03,routine context,context,high,,,,practice row
F-01576,JUMP-01,routine context,context,high,,,,practice row
F-01577,DEPLOY-01,routine context,context,high,,,,practice row
F-01578,DEPLOY-01,routine context,context,high,,,,practice row
F-01579,APP-API-03,routine context,context,high,,,,practice row
F-01580,DEPLOY-01,routine context,context,high,,,,practice row
F-01581,DEPLOY-01,routine context,context,high,,,,practice row
F-01582,FIN-WS-14,routine context,context,high,,,,practice row
F-01583,APP-API-02,routine context,context,high,,,,practice row
F-01584,DEPLOY-01,routine context,context,high,,,,practice row
F-01585,APP-API-02,routine context,context,high,,,,practice row
F-01586,DEPLOY-01,routine context,context,high,,,,practice row
F-01587,APP-API-02,routine context,context,high,,,,practice row
F-01588,APP-API-02,routine context,context,high,,,,practice row
F-01589,DEPLOY-01,routine context,context,high,,,,practice row
F-01590,DEPLOY-01,routine context,context,high,,,,practice row
F-01591,APP-API-02,routine context,context,high,,,,practice row
F-01592,DEPLOY-01,routine context,context,high,,,,practice row
F-01593,DEPLOY-01,routine context,context,high,,,,practice row
F-001,FIN-WS-14,known malicious rundll32 chain,confirmed compromised,high,,,,source host
F-002,APP-API-02,failed WinRM from FIN-WS-14,scope further,high,,,no successful auth from compromised source,do not overstate
F-003,APP-API-03,failed WinRM from FIN-WS-14,scope further,high,,,no successful auth or remote process,do not overstate
F-004,APP-API-02,successful WinRM from DEPLOY-01 using svc_deploy,approved activity,high,,,,nearby but unrelated
F-005,APP-API-02,responder RDP and triage after alert,authorized response,high,,,,response activity
F-006,APP-API-02,no matching malicious process/file evidence,not confirmed compromised,high,,,more EDR/network retention could raise confidence,scope boundary
