_time,detection_id,host,user,rule_name,severity
2026-09-28T13:00:00Z,ATD-013-N000,BUILD-02,ACME\\svc_build,Routine endpoint analytic,low
2026-09-28T13:01:01Z,ATD-013-N001,BUILD-02,ACME\\jpatel,Routine endpoint analytic,low
2026-09-28T13:02:02Z,ATD-013-N002,DEV-WS-07,ACME\\jpatel,Routine endpoint analytic,low
2026-09-28T13:03:03Z,ATD-013-N003,IR-JUMP-01,ACME\\jsmith,Routine endpoint analytic,low
2026-09-28T13:04:04Z,ATD-013-N004,DEV-WS-12,ACME\\rlee,Routine endpoint analytic,low
2026-09-28T13:05:05Z,ATD-013-N005,BUILD-02,ACME\\svc_build,Routine endpoint analytic,low
2026-09-28T13:06:06Z,ATD-013-N006,FILE-DEV-03,ACME\\jpatel,Routine endpoint analytic,low
2026-09-28T13:07:07Z,ATD-013-N007,DEV-WS-18,ACME\\jpatel,Routine endpoint analytic,low
2026-09-28T13:08:08Z,ATD-013-N008,DEV-WS-12,ACME\\jsmith,Routine endpoint analytic,low
2026-09-28T13:09:09Z,ATD-013-N009,BUILD-02,ACME\\jpatel,Routine endpoint analytic,low
2026-09-28T13:10:10Z,ATD-013-N010,DEV-WS-03,ACME\\rlee,Routine endpoint analytic,low
2026-09-28T13:11:11Z,ATD-013-N011,DEV-WS-12,ACME\\jpatel,Routine endpoint analytic,low
2026-09-28T13:12:12Z,ATD-013-N012,DEV-WS-07,ACME\\jsmith,Routine endpoint analytic,low
2026-09-28T13:13:13Z,ATD-013-N013,BUILD-02,ACME\\svc_build,Routine endpoint analytic,low
2026-09-28T13:14:14Z,ATD-013-N014,DEV-WS-12,ACME\\rlee,Routine endpoint analytic,low
2026-09-28T13:15:15Z,ATD-013-N015,FILE-DEV-03,ACME\\rlee,Routine endpoint analytic,low
2026-09-28T13:16:16Z,ATD-013-N016,IR-JUMP-01,ACME\\rlee,Routine endpoint analytic,low
2026-09-28T13:17:17Z,ATD-013-N017,DEV-WS-07,ACME\\jpatel,Routine endpoint analytic,low
2026-09-28T13:18:18Z,ATD-013-N018,DEV-WS-07,ACME\\rlee,Routine endpoint analytic,low
2026-09-28T13:19:19Z,ATD-013-N019,IR-JUMP-01,ACME\\svc_build,Routine endpoint analytic,low
2026-09-28T13:20:20Z,ATD-013-N020,DEV-WS-12,ACME\\jsmith,Routine endpoint analytic,low
2026-09-28T13:21:21Z,ATD-013-N021,DEV-WS-03,ACME\\jpatel,Routine endpoint analytic,low
2026-09-28T13:22:22Z,ATD-013-N022,IR-JUMP-01,ACME\\svc_build,Routine endpoint analytic,low
2026-09-28T13:23:23Z,ATD-013-N023,FILE-DEV-03,ACME\\jpatel,Routine endpoint analytic,low
2026-09-28T13:24:24Z,ATD-013-N024,DEV-WS-07,ACME\\rlee,Routine endpoint analytic,low
2026-09-28T13:25:25Z,ATD-013-N025,DEV-WS-03,ACME\\jsmith,Routine endpoint analytic,low
2026-09-28T13:26:26Z,ATD-013-N026,BUILD-02,ACME\\jsmith,Routine endpoint analytic,low
2026-09-28T13:27:27Z,ATD-013-N027,DEV-WS-18,ACME\\jpatel,Routine endpoint analytic,low
2026-09-28T13:28:28Z,ATD-013-N028,IR-JUMP-01,ACME\\jpatel,Routine endpoint analytic,low
2026-09-28T13:29:29Z,ATD-013-N029,DEV-WS-12,ACME\\svc_build,Routine endpoint analytic,low
2026-09-28T13:30:30Z,ATD-013-N030,DEV-WS-07,ACME\\rlee,Routine endpoint analytic,low
2026-09-28T13:31:31Z,ATD-013-N031,DEV-WS-03,ACME\\jpatel,Routine endpoint analytic,low
2026-09-28T13:32:32Z,ATD-013-N032,BUILD-02,ACME\\svc_build,Routine endpoint analytic,low
2026-09-28T13:33:33Z,ATD-013-N033,DEV-WS-12,ACME\\jpatel,Routine endpoint analytic,low
2026-09-28T13:34:34Z,ATD-013-N034,DEV-WS-03,ACME\\rlee,Routine endpoint analytic,low
2026-09-28T13:35:35Z,ATD-013-N035,IR-JUMP-01,ACME\\jpatel,Routine endpoint analytic,low
2026-09-28T13:36:36Z,ATD-013-N036,DEV-WS-12,ACME\\rlee,Routine endpoint analytic,low
2026-09-28T13:37:37Z,ATD-013-N037,BUILD-02,ACME\\jpatel,Routine endpoint analytic,low
2026-09-28T13:38:38Z,ATD-013-N038,FILE-DEV-03,ACME\\jsmith,Routine endpoint analytic,low
2026-09-28T13:39:39Z,ATD-013-N039,DEV-WS-03,ACME\\rlee,Routine endpoint analytic,low
2026-09-28T13:40:40Z,ATD-013-N040,IR-JUMP-01,ACME\\svc_build,Routine endpoint analytic,low
2026-09-28T13:41:41Z,ATD-013-N041,FILE-DEV-03,ACME\\jpatel,Routine endpoint analytic,low
2026-09-28T13:42:42Z,ATD-013-N042,DEV-WS-07,ACME\\jpatel,Routine endpoint analytic,low
2026-09-28T13:43:43Z,ATD-013-N043,DEV-WS-07,ACME\\svc_build,Routine endpoint analytic,low
2026-09-28T13:44:44Z,ATD-013-N044,DEV-WS-03,ACME\\rlee,Routine endpoint analytic,low
2026-09-28T13:45:45Z,ATD-013-N045,DEV-WS-12,ACME\\svc_build,Routine endpoint analytic,low
2026-09-28T13:46:46Z,ATD-013-N046,BUILD-02,ACME\\svc_build,Routine endpoint analytic,low
2026-09-28T13:47:47Z,ATD-013-N047,DEV-WS-12,ACME\\rlee,Routine endpoint analytic,low
2026-09-28T13:48:48Z,ATD-013-N048,IR-JUMP-01,ACME\\rlee,Routine endpoint analytic,low
2026-09-28T13:49:49Z,ATD-013-N049,IR-JUMP-01,ACME\\jpatel,Routine endpoint analytic,low
2026-09-28T13:50:50Z,ATD-013-N050,DEV-WS-07,ACME\\jsmith,Routine endpoint analytic,low
2026-09-28T13:51:51Z,ATD-013-N051,IR-JUMP-01,ACME\\svc_build,Routine endpoint analytic,low
2026-09-28T13:52:52Z,ATD-013-N052,DEV-WS-03,ACME\\jsmith,Routine endpoint analytic,low
2026-09-28T13:53:53Z,ATD-013-N053,DEV-WS-03,ACME\\rlee,Routine endpoint analytic,low
2026-09-28T13:54:54Z,ATD-013-N054,DEV-WS-07,ACME\\jsmith,Routine endpoint analytic,low
2026-09-28T13:55:55Z,ATD-013-N055,FILE-DEV-03,ACME\\jpatel,Routine endpoint analytic,low
2026-09-28T13:56:56Z,ATD-013-N056,DEV-WS-18,ACME\\jsmith,Routine endpoint analytic,low
2026-09-28T13:57:57Z,ATD-013-N057,DEV-WS-12,ACME\\jpatel,Routine endpoint analytic,low
2026-09-28T13:58:58Z,ATD-013-N058,DEV-WS-12,ACME\\svc_build,Routine endpoint analytic,low
2026-09-28T13:59:59Z,ATD-013-N059,IR-JUMP-01,ACME\\jpatel,Routine endpoint analytic,low
2026-09-28T14:00:00Z,ATD-013-N060,DEV-WS-07,ACME\\jsmith,Routine endpoint analytic,low
2026-09-28T14:01:01Z,ATD-013-N061,DEV-WS-18,ACME\\jsmith,Routine endpoint analytic,low
2026-09-28T14:02:02Z,ATD-013-N062,IR-JUMP-01,ACME\\jsmith,Routine endpoint analytic,low
2026-09-28T14:03:03Z,ATD-013-N063,FILE-DEV-03,ACME\\jsmith,Routine endpoint analytic,low
2026-09-28T14:04:04Z,ATD-013-N064,DEV-WS-03,ACME\\jsmith,Routine endpoint analytic,low
2026-09-28T14:05:05Z,ATD-013-N065,DEV-WS-03,ACME\\jsmith,Routine endpoint analytic,low
2026-09-28T14:06:06Z,ATD-013-N066,DEV-WS-07,ACME\\jsmith,Routine endpoint analytic,low
2026-09-28T14:07:07Z,ATD-013-N067,DEV-WS-12,ACME\\jpatel,Routine endpoint analytic,low
2026-09-28T14:08:08Z,ATD-013-N068,DEV-WS-12,ACME\\jsmith,Routine endpoint analytic,low
2026-09-28T14:09:09Z,ATD-013-N069,FILE-DEV-03,ACME\\svc_build,Routine endpoint analytic,low
2026-09-28T14:10:10Z,ATD-013-N070,DEV-WS-07,ACME\\jpatel,Routine endpoint analytic,low
2026-09-28T14:11:11Z,ATD-013-N071,DEV-WS-03,ACME\\svc_build,Routine endpoint analytic,low
2026-09-28T14:12:12Z,ATD-013-N072,FILE-DEV-03,ACME\\svc_build,Routine endpoint analytic,low
2026-09-28T14:13:13Z,ATD-013-N073,DEV-WS-03,ACME\\jpatel,Routine endpoint analytic,low
2026-09-28T14:14:14Z,ATD-013-N074,DEV-WS-18,ACME\\rlee,Routine endpoint analytic,low
2026-09-28T14:15:15Z,ATD-013-N075,DEV-WS-18,ACME\\svc_build,Routine endpoint analytic,low
2026-09-28T14:16:16Z,ATD-013-N076,BUILD-02,ACME\\svc_build,Routine endpoint analytic,low
2026-09-28T14:17:17Z,ATD-013-N077,DEV-WS-07,ACME\\rlee,Routine endpoint analytic,low
2026-09-28T14:18:18Z,ATD-013-N078,BUILD-02,ACME\\svc_build,Routine endpoint analytic,low
2026-09-28T14:19:19Z,ATD-013-N079,FILE-DEV-03,ACME\\jpatel,Routine endpoint analytic,low
2026-09-28T14:20:20Z,ATD-013-N080,FILE-DEV-03,ACME\\jsmith,Routine endpoint analytic,low
2026-09-28T14:21:21Z,ATD-013-N081,FILE-DEV-03,ACME\\jpatel,Routine endpoint analytic,low
2026-09-28T14:22:22Z,ATD-013-N082,DEV-WS-18,ACME\\jsmith,Routine endpoint analytic,low
2026-09-28T14:23:23Z,ATD-013-N083,BUILD-02,ACME\\rlee,Routine endpoint analytic,low
2026-09-28T14:24:24Z,ATD-013-N084,IR-JUMP-01,ACME\\jsmith,Routine endpoint analytic,low
2026-09-28T14:25:25Z,ATD-013-N085,BUILD-02,ACME\\svc_build,Routine endpoint analytic,low
2026-09-28T14:26:26Z,ATD-013-N086,DEV-WS-12,ACME\\jpatel,Routine endpoint analytic,low
2026-09-28T14:27:27Z,ATD-013-N087,DEV-WS-18,ACME\\rlee,Routine endpoint analytic,low
2026-09-28T14:28:28Z,ATD-013-N088,BUILD-02,ACME\\jpatel,Routine endpoint analytic,low
2026-09-28T14:29:29Z,ATD-013-N089,FILE-DEV-03,ACME\\rlee,Routine endpoint analytic,low
2026-09-28T14:30:30Z,ATD-013-N090,DEV-WS-18,ACME\\rlee,Routine endpoint analytic,low
2026-09-28T14:31:31Z,ATD-013-N091,DEV-WS-18,ACME\\jpatel,Routine endpoint analytic,low
2026-09-28T14:32:32Z,ATD-013-N092,DEV-WS-18,ACME\\svc_build,Routine endpoint analytic,low
2026-09-28T14:33:33Z,ATD-013-N093,IR-JUMP-01,ACME\\rlee,Routine endpoint analytic,low
2026-09-28T14:34:34Z,ATD-013-N094,DEV-WS-07,ACME\\jpatel,Routine endpoint analytic,low
2026-09-28T14:35:35Z,ATD-013-N095,DEV-WS-12,ACME\\jsmith,Routine endpoint analytic,low
2026-09-28T14:36:36Z,ATD-013-N096,DEV-WS-18,ACME\\jsmith,Routine endpoint analytic,low
2026-09-28T14:37:37Z,ATD-013-N097,BUILD-02,ACME\\svc_build,Routine endpoint analytic,low
2026-09-28T14:38:38Z,ATD-013-N098,DEV-WS-07,ACME\\rlee,Routine endpoint analytic,low
2026-09-28T14:39:39Z,ATD-013-N099,BUILD-02,ACME\\jsmith,Routine endpoint analytic,low
2026-09-28T14:40:40Z,ATD-013-N100,BUILD-02,ACME\\jsmith,Routine endpoint analytic,low
2026-09-28T14:41:41Z,ATD-013-N101,DEV-WS-03,ACME\\jsmith,Routine endpoint analytic,low
2026-09-28T14:42:42Z,ATD-013-N102,DEV-WS-18,ACME\\svc_build,Routine endpoint analytic,low
2026-09-28T14:43:43Z,ATD-013-N103,BUILD-02,ACME\\rlee,Routine endpoint analytic,low
2026-09-28T14:44:44Z,ATD-013-N104,IR-JUMP-01,ACME\\rlee,Routine endpoint analytic,low
2026-09-28T14:45:45Z,ATD-013-N105,BUILD-02,ACME\\rlee,Routine endpoint analytic,low
2026-09-28T14:46:46Z,ATD-013-N106,BUILD-02,ACME\\svc_build,Routine endpoint analytic,low
2026-09-28T14:47:47Z,ATD-013-N107,BUILD-02,ACME\\rlee,Routine endpoint analytic,low
2026-09-28T14:48:48Z,ATD-013-N108,IR-JUMP-01,ACME\\jpatel,Routine endpoint analytic,low
2026-09-28T14:49:49Z,ATD-013-N109,DEV-WS-18,ACME\\jpatel,Routine endpoint analytic,low
2026-09-28T14:50:50Z,ATD-013-N110,FILE-DEV-03,ACME\\rlee,Routine endpoint analytic,low
2026-09-28T14:51:51Z,ATD-013-N111,IR-JUMP-01,ACME\\rlee,Routine endpoint analytic,low
2026-09-28T14:52:52Z,ATD-013-N112,DEV-WS-12,ACME\\svc_build,Routine endpoint analytic,low
2026-09-28T14:53:53Z,ATD-013-N113,DEV-WS-03,ACME\\jsmith,Routine endpoint analytic,low
2026-09-28T14:54:54Z,ATD-013-N114,IR-JUMP-01,ACME\\jpatel,Routine endpoint analytic,low
2026-09-28T14:55:55Z,ATD-013-N115,DEV-WS-03,ACME\\jpatel,Routine endpoint analytic,low
2026-09-28T14:56:56Z,ATD-013-N116,DEV-WS-12,ACME\\jsmith,Routine endpoint analytic,low
2026-09-28T14:57:57Z,ATD-013-N117,IR-JUMP-01,ACME\\svc_build,Routine endpoint analytic,low
2026-09-28T14:58:58Z,ATD-013-N118,DEV-WS-03,ACME\\jpatel,Routine endpoint analytic,low
2026-09-28T14:59:59Z,ATD-013-N119,DEV-WS-03,ACME\\jsmith,Routine endpoint analytic,low
2026-09-28T15:00:00Z,ATD-013-N120,BUILD-02,ACME\\jsmith,Routine endpoint analytic,low
2026-09-28T15:01:01Z,ATD-013-N121,DEV-WS-03,ACME\\svc_build,Routine endpoint analytic,low
2026-09-28T15:02:02Z,ATD-013-N122,DEV-WS-12,ACME\\rlee,Routine endpoint analytic,low
2026-09-28T15:03:03Z,ATD-013-N123,FILE-DEV-03,ACME\\rlee,Routine endpoint analytic,low
2026-09-28T15:04:04Z,ATD-013-N124,IR-JUMP-01,ACME\\jpatel,Routine endpoint analytic,low
2026-09-28T15:05:05Z,ATD-013-N125,DEV-WS-07,ACME\\jsmith,Routine endpoint analytic,low
2026-09-28T15:06:06Z,ATD-013-N126,BUILD-02,ACME\\svc_build,Routine endpoint analytic,low
2026-09-28T15:07:07Z,ATD-013-N127,DEV-WS-18,ACME\\jsmith,Routine endpoint analytic,low
2026-09-28T15:08:08Z,ATD-013-N128,FILE-DEV-03,ACME\\jpatel,Routine endpoint analytic,low
2026-09-28T15:09:09Z,ATD-013-N129,DEV-WS-18,ACME\\svc_build,Routine endpoint analytic,low
2026-09-28T15:10:10Z,ATD-013-N130,FILE-DEV-03,ACME\\jpatel,Routine endpoint analytic,low
2026-09-28T15:11:11Z,ATD-013-N131,IR-JUMP-01,ACME\\jsmith,Routine endpoint analytic,low
2026-09-28T15:12:12Z,ATD-013-N132,FILE-DEV-03,ACME\\jpatel,Routine endpoint analytic,low
2026-09-28T15:13:13Z,ATD-013-N133,DEV-WS-03,ACME\\rlee,Routine endpoint analytic,low
2026-09-28T15:14:14Z,ATD-013-N134,BUILD-02,ACME\\jpatel,Routine endpoint analytic,low
2026-09-28T15:15:15Z,ATD-013-N135,DEV-WS-03,ACME\\svc_build,Routine endpoint analytic,low
2026-09-28T15:16:16Z,ATD-013-N136,DEV-WS-12,ACME\\svc_build,Routine endpoint analytic,low
2026-09-28T15:17:17Z,ATD-013-N137,FILE-DEV-03,ACME\\svc_build,Routine endpoint analytic,low
2026-09-28T15:18:18Z,ATD-013-N138,IR-JUMP-01,ACME\\jpatel,Routine endpoint analytic,low
2026-09-28T15:19:19Z,ATD-013-N139,IR-JUMP-01,ACME\\jpatel,Routine endpoint analytic,low
2026-09-28T15:20:20Z,ATD-013-N140,FILE-DEV-03,ACME\\rlee,Routine endpoint analytic,low
2026-09-28T15:21:21Z,ATD-013-N141,BUILD-02,ACME\\jpatel,Routine endpoint analytic,low
2026-09-28T15:22:22Z,ATD-013-N142,DEV-WS-07,ACME\\svc_build,Routine endpoint analytic,low
2026-09-28T15:23:23Z,ATD-013-N143,BUILD-02,ACME\\jsmith,Routine endpoint analytic,low
2026-09-28T15:24:24Z,ATD-013-N144,IR-JUMP-01,ACME\\rlee,Routine endpoint analytic,low
2026-09-28T15:25:25Z,ATD-013-N145,DEV-WS-03,ACME\\svc_build,Routine endpoint analytic,low
2026-09-28T15:26:26Z,ATD-013-N146,DEV-WS-07,ACME\\jsmith,Routine endpoint analytic,low
2026-09-28T15:27:27Z,ATD-013-N147,DEV-WS-03,ACME\\rlee,Routine endpoint analytic,low
2026-09-28T15:28:28Z,ATD-013-N148,DEV-WS-12,ACME\\svc_build,Routine endpoint analytic,low
2026-09-28T15:29:29Z,ATD-013-N149,DEV-WS-18,ACME\\svc_build,Routine endpoint analytic,low
2026-09-28T15:30:30Z,ATD-013-N150,DEV-WS-12,ACME\\jsmith,Routine endpoint analytic,low
2026-09-28T15:31:31Z,ATD-013-N151,DEV-WS-03,ACME\\rlee,Routine endpoint analytic,low
2026-09-28T15:32:32Z,ATD-013-N152,DEV-WS-12,ACME\\svc_build,Routine endpoint analytic,low
2026-09-28T15:33:33Z,ATD-013-N153,DEV-WS-18,ACME\\rlee,Routine endpoint analytic,low
2026-09-28T15:34:34Z,ATD-013-N154,DEV-WS-18,ACME\\rlee,Routine endpoint analytic,low
2026-09-28T15:35:35Z,ATD-013-N155,DEV-WS-18,ACME\\svc_build,Routine endpoint analytic,low
2026-09-28T15:36:36Z,ATD-013-N156,BUILD-02,ACME\\jsmith,Routine endpoint analytic,low
2026-09-28T15:37:37Z,ATD-013-N157,DEV-WS-18,ACME\\jsmith,Routine endpoint analytic,low
2026-09-28T15:38:38Z,ATD-013-N158,IR-JUMP-01,ACME\\jpatel,Routine endpoint analytic,low
2026-09-28T15:39:39Z,ATD-013-N159,DEV-WS-18,ACME\\jsmith,Routine endpoint analytic,low
2026-09-28T15:40:40Z,ATD-013-N160,IR-JUMP-01,ACME\\jsmith,Routine endpoint analytic,low
2026-09-28T15:41:41Z,ATD-013-N161,FILE-DEV-03,ACME\\jsmith,Routine endpoint analytic,low
2026-09-28T15:42:42Z,ATD-013-N162,FILE-DEV-03,ACME\\svc_build,Routine endpoint analytic,low
2026-09-28T15:43:43Z,ATD-013-N163,BUILD-02,ACME\\jsmith,Routine endpoint analytic,low
2026-09-28T15:44:44Z,ATD-013-N164,DEV-WS-12,ACME\\rlee,Routine endpoint analytic,low
2026-09-28T15:45:45Z,ATD-013-N165,FILE-DEV-03,ACME\\jpatel,Routine endpoint analytic,low
2026-09-28T15:46:46Z,ATD-013-N166,FILE-DEV-03,ACME\\jsmith,Routine endpoint analytic,low
2026-09-28T15:47:47Z,ATD-013-N167,BUILD-02,ACME\\jpatel,Routine endpoint analytic,low
2026-09-28T15:48:48Z,ATD-013-N168,DEV-WS-18,ACME\\svc_build,Routine endpoint analytic,low
2026-09-28T15:49:49Z,ATD-013-N169,IR-JUMP-01,ACME\\svc_build,Routine endpoint analytic,low
2026-09-28T15:50:50Z,ATD-013-N170,DEV-WS-03,ACME\\rlee,Routine endpoint analytic,low
2026-09-28T15:51:51Z,ATD-013-N171,BUILD-02,ACME\\jpatel,Routine endpoint analytic,low
2026-09-28T15:52:52Z,ATD-013-N172,DEV-WS-18,ACME\\svc_build,Routine endpoint analytic,low
2026-09-28T15:53:53Z,ATD-013-N173,DEV-WS-03,ACME\\jsmith,Routine endpoint analytic,low
2026-09-28T15:54:54Z,ATD-013-N174,IR-JUMP-01,ACME\\svc_build,Routine endpoint analytic,low
2026-09-28T15:55:55Z,ATD-013-N175,DEV-WS-18,ACME\\svc_build,Routine endpoint analytic,low
2026-09-28T15:56:56Z,ATD-013-N176,FILE-DEV-03,ACME\\svc_build,Routine endpoint analytic,low
2026-09-28T15:57:57Z,ATD-013-N177,DEV-WS-07,ACME\\svc_build,Routine endpoint analytic,low
2026-09-28T15:58:58Z,ATD-013-N178,FILE-DEV-03,ACME\\jsmith,Routine endpoint analytic,low
2026-09-28T15:59:59Z,ATD-013-N179,FILE-DEV-03,ACME\\svc_build,Routine endpoint analytic,low
2026-09-28T16:00:00Z,ATD-013-N180,DEV-WS-07,ACME\\jpatel,Routine endpoint analytic,low
2026-09-28T16:01:01Z,ATD-013-N181,DEV-WS-07,ACME\\svc_build,Routine endpoint analytic,low
2026-09-28T16:02:02Z,ATD-013-N182,DEV-WS-12,ACME\\jpatel,Routine endpoint analytic,low
2026-09-28T16:03:03Z,ATD-013-N183,BUILD-02,ACME\\svc_build,Routine endpoint analytic,low
2026-09-28T16:04:04Z,ATD-013-N184,FILE-DEV-03,ACME\\jpatel,Routine endpoint analytic,low
2026-09-28T16:05:05Z,ATD-013-N185,DEV-WS-03,ACME\\rlee,Routine endpoint analytic,low
2026-09-28T16:06:06Z,ATD-013-N186,BUILD-02,ACME\\jsmith,Routine endpoint analytic,low
2026-09-28T16:07:07Z,ATD-013-N187,FILE-DEV-03,ACME\\rlee,Routine endpoint analytic,low
2026-09-28T16:08:08Z,ATD-013-N188,BUILD-02,ACME\\svc_build,Routine endpoint analytic,low
2026-09-28T16:09:09Z,ATD-013-N189,FILE-DEV-03,ACME\\svc_build,Routine endpoint analytic,low
2026-09-28T16:10:10Z,ATD-013-N190,FILE-DEV-03,ACME\\svc_build,Routine endpoint analytic,low
2026-09-28T16:11:11Z,ATD-013-N191,DEV-WS-18,ACME\\jpatel,Routine endpoint analytic,low
2026-09-28T16:12:12Z,ATD-013-N192,DEV-WS-07,ACME\\rlee,Routine endpoint analytic,low
2026-09-28T16:13:13Z,ATD-013-N193,DEV-WS-18,ACME\\svc_build,Routine endpoint analytic,low
2026-09-28T16:14:14Z,ATD-013-N194,IR-JUMP-01,ACME\\jsmith,Routine endpoint analytic,low
2026-09-28T16:15:15Z,ATD-013-N195,DEV-WS-18,ACME\\jpatel,Routine endpoint analytic,low
2026-09-28T16:16:16Z,ATD-013-N196,IR-JUMP-01,ACME\\jpatel,Routine endpoint analytic,low
2026-09-28T16:17:17Z,ATD-013-N197,DEV-WS-07,ACME\\jpatel,Routine endpoint analytic,low
2026-09-28T16:18:18Z,ATD-013-N198,FILE-DEV-03,ACME\\svc_build,Routine endpoint analytic,low
2026-09-28T16:19:19Z,ATD-013-N199,DEV-WS-07,ACME\\rlee,Routine endpoint analytic,low
2026-09-28T16:20:20Z,ATD-013-N200,IR-JUMP-01,ACME\\rlee,Routine endpoint analytic,low
2026-09-28T16:21:21Z,ATD-013-N201,FILE-DEV-03,ACME\\rlee,Routine endpoint analytic,low
2026-09-28T16:22:22Z,ATD-013-N202,IR-JUMP-01,ACME\\rlee,Routine endpoint analytic,low
2026-09-28T16:23:23Z,ATD-013-N203,FILE-DEV-03,ACME\\svc_build,Routine endpoint analytic,low
2026-09-28T16:24:24Z,ATD-013-N204,FILE-DEV-03,ACME\\rlee,Routine endpoint analytic,low
2026-09-28T16:25:25Z,ATD-013-N205,FILE-DEV-03,ACME\\jpatel,Routine endpoint analytic,low
2026-09-28T16:26:26Z,ATD-013-N206,FILE-DEV-03,ACME\\svc_build,Routine endpoint analytic,low
2026-09-28T16:27:27Z,ATD-013-N207,BUILD-02,ACME\\jsmith,Routine endpoint analytic,low
2026-09-28T16:28:28Z,ATD-013-N208,FILE-DEV-03,ACME\\svc_build,Routine endpoint analytic,low
2026-09-28T16:29:29Z,ATD-013-N209,BUILD-02,ACME\\jpatel,Routine endpoint analytic,low
2026-09-28T14:06:00Z,ATD-013-001,DEV-WS-12,ACME\jpatel,Suspicious LSASS Access via Comsvcs,high
2026-09-28T14:14:00Z,ATD-013-002,DEV-WS-12,ACME\jpatel,Authentication from Credential-Access Host,medium
2026-09-28T16:32:32Z,ATD-013-N212,DEV-WS-03,ACME\\jpatel,Routine endpoint analytic,low
2026-09-28T16:33:33Z,ATD-013-N213,BUILD-02,ACME\\svc_build,Routine endpoint analytic,low
2026-09-28T16:34:34Z,ATD-013-N214,DEV-WS-03,ACME\\jsmith,Routine endpoint analytic,low
2026-09-28T16:35:35Z,ATD-013-N215,BUILD-02,ACME\\jsmith,Routine endpoint analytic,low
2026-09-28T16:36:36Z,ATD-013-N216,DEV-WS-07,ACME\\jpatel,Routine endpoint analytic,low
2026-09-28T16:37:37Z,ATD-013-N217,DEV-WS-12,ACME\\jpatel,Routine endpoint analytic,low
2026-09-28T16:38:38Z,ATD-013-N218,BUILD-02,ACME\\jsmith,Routine endpoint analytic,low
2026-09-28T16:39:39Z,ATD-013-N219,FILE-DEV-03,ACME\\jpatel,Routine endpoint analytic,low
2026-09-28T16:40:40Z,ATD-013-N220,DEV-WS-03,ACME\\rlee,Routine endpoint analytic,low
2026-09-28T16:41:41Z,ATD-013-N221,BUILD-02,ACME\\rlee,Routine endpoint analytic,low
2026-09-28T16:42:42Z,ATD-013-N222,DEV-WS-03,ACME\\jsmith,Routine endpoint analytic,low
2026-09-28T16:43:43Z,ATD-013-N223,BUILD-02,ACME\\rlee,Routine endpoint analytic,low
2026-09-28T16:44:44Z,ATD-013-N224,DEV-WS-18,ACME\\jpatel,Routine endpoint analytic,low
2026-09-28T16:45:45Z,ATD-013-N225,DEV-WS-12,ACME\\svc_build,Routine endpoint analytic,low
2026-09-28T16:46:46Z,ATD-013-N226,DEV-WS-12,ACME\\rlee,Routine endpoint analytic,low
2026-09-28T16:47:47Z,ATD-013-N227,BUILD-02,ACME\\svc_build,Routine endpoint analytic,low
2026-09-28T16:48:48Z,ATD-013-N228,IR-JUMP-01,ACME\\jpatel,Routine endpoint analytic,low
2026-09-28T16:49:49Z,ATD-013-N229,DEV-WS-12,ACME\\jsmith,Routine endpoint analytic,low
2026-09-28T16:50:50Z,ATD-013-N230,DEV-WS-03,ACME\\rlee,Routine endpoint analytic,low
2026-09-28T16:51:51Z,ATD-013-N231,BUILD-02,ACME\\jsmith,Routine endpoint analytic,low
2026-09-28T16:52:52Z,ATD-013-N232,BUILD-02,ACME\\jsmith,Routine endpoint analytic,low
2026-09-28T16:53:53Z,ATD-013-N233,IR-JUMP-01,ACME\\svc_build,Routine endpoint analytic,low
2026-09-28T16:54:54Z,ATD-013-N234,IR-JUMP-01,ACME\\jpatel,Routine endpoint analytic,low
2026-09-28T16:55:55Z,ATD-013-N235,DEV-WS-07,ACME\\jsmith,Routine endpoint analytic,low
2026-09-28T16:56:56Z,ATD-013-N236,DEV-WS-03,ACME\\svc_build,Routine endpoint analytic,low
2026-09-28T16:57:57Z,ATD-013-N237,DEV-WS-12,ACME\\rlee,Routine endpoint analytic,low
2026-09-28T16:58:58Z,ATD-013-N238,DEV-WS-03,ACME\\jsmith,Routine endpoint analytic,low
2026-09-28T16:59:59Z,ATD-013-N239,DEV-WS-07,ACME\\jsmith,Routine endpoint analytic,low
2026-09-28T13:00:00Z,ATD-013-N240,FILE-DEV-03,ACME\\svc_build,Routine endpoint analytic,low
2026-09-28T13:01:01Z,ATD-013-N241,DEV-WS-07,ACME\\jpatel,Routine endpoint analytic,low
2026-09-28T13:02:02Z,ATD-013-N242,FILE-DEV-03,ACME\\jpatel,Routine endpoint analytic,low
2026-09-28T13:03:03Z,ATD-013-N243,FILE-DEV-03,ACME\\rlee,Routine endpoint analytic,low
2026-09-28T13:04:04Z,ATD-013-N244,DEV-WS-18,ACME\\jsmith,Routine endpoint analytic,low
2026-09-28T13:05:05Z,ATD-013-N245,DEV-WS-07,ACME\\rlee,Routine endpoint analytic,low
2026-09-28T13:06:06Z,ATD-013-N246,FILE-DEV-03,ACME\\jsmith,Routine endpoint analytic,low
2026-09-28T13:07:07Z,ATD-013-N247,DEV-WS-18,ACME\\rlee,Routine endpoint analytic,low
2026-09-28T13:08:08Z,ATD-013-N248,BUILD-02,ACME\\jsmith,Routine endpoint analytic,low
2026-09-28T13:09:09Z,ATD-013-N249,DEV-WS-07,ACME\\jpatel,Routine endpoint analytic,low
2026-09-28T13:10:10Z,ATD-013-N250,DEV-WS-03,ACME\\rlee,Routine endpoint analytic,low
2026-09-28T13:11:11Z,ATD-013-N251,DEV-WS-03,ACME\\jpatel,Routine endpoint analytic,low
2026-09-28T13:12:12Z,ATD-013-N252,FILE-DEV-03,ACME\\jsmith,Routine endpoint analytic,low
2026-09-28T13:13:13Z,ATD-013-N253,DEV-WS-07,ACME\\jsmith,Routine endpoint analytic,low
2026-09-28T13:14:14Z,ATD-013-N254,DEV-WS-12,ACME\\jsmith,Routine endpoint analytic,low
2026-09-28T13:15:15Z,ATD-013-N255,DEV-WS-07,ACME\\jsmith,Routine endpoint analytic,low
2026-09-28T13:16:16Z,ATD-013-N256,FILE-DEV-03,ACME\\jpatel,Routine endpoint analytic,low
2026-09-28T13:17:17Z,ATD-013-N257,DEV-WS-12,ACME\\rlee,Routine endpoint analytic,low
2026-09-28T13:18:18Z,ATD-013-N258,DEV-WS-12,ACME\\jpatel,Routine endpoint analytic,low
2026-09-28T13:19:19Z,ATD-013-N259,BUILD-02,ACME\\svc_build,Routine endpoint analytic,low
2026-09-28T13:20:20Z,ATD-013-N260,FILE-DEV-03,ACME\\rlee,Routine endpoint analytic,low
2026-09-28T13:21:21Z,ATD-013-N261,DEV-WS-12,ACME\\jsmith,Routine endpoint analytic,low
2026-09-28T13:22:22Z,ATD-013-N262,BUILD-02,ACME\\svc_build,Routine endpoint analytic,low
2026-09-28T13:23:23Z,ATD-013-N263,IR-JUMP-01,ACME\\jsmith,Routine endpoint analytic,low
2026-09-28T13:24:24Z,ATD-013-N264,IR-JUMP-01,ACME\\rlee,Routine endpoint analytic,low
2026-09-28T13:25:25Z,ATD-013-N265,DEV-WS-07,ACME\\jsmith,Routine endpoint analytic,low
2026-09-28T13:26:26Z,ATD-013-N266,DEV-WS-03,ACME\\rlee,Routine endpoint analytic,low
2026-09-28T13:27:27Z,ATD-013-N267,IR-JUMP-01,ACME\\jpatel,Routine endpoint analytic,low
2026-09-28T13:28:28Z,ATD-013-N268,DEV-WS-12,ACME\\rlee,Routine endpoint analytic,low
2026-09-28T13:29:29Z,ATD-013-N269,DEV-WS-07,ACME\\jpatel,Routine endpoint analytic,low
2026-09-28T13:30:30Z,ATD-013-N270,BUILD-02,ACME\\jpatel,Routine endpoint analytic,low
2026-09-28T13:31:31Z,ATD-013-N271,DEV-WS-12,ACME\\svc_build,Routine endpoint analytic,low
2026-09-28T13:32:32Z,ATD-013-N272,DEV-WS-07,ACME\\svc_build,Routine endpoint analytic,low
2026-09-28T13:33:33Z,ATD-013-N273,IR-JUMP-01,ACME\\jpatel,Routine endpoint analytic,low
2026-09-28T13:34:34Z,ATD-013-N274,DEV-WS-18,ACME\\jpatel,Routine endpoint analytic,low
2026-09-28T13:35:35Z,ATD-013-N275,DEV-WS-12,ACME\\jsmith,Routine endpoint analytic,low
2026-09-28T13:36:36Z,ATD-013-N276,DEV-WS-12,ACME\\rlee,Routine endpoint analytic,low
2026-09-28T13:37:37Z,ATD-013-N277,DEV-WS-18,ACME\\svc_build,Routine endpoint analytic,low
2026-09-28T13:38:38Z,ATD-013-N278,DEV-WS-18,ACME\\svc_build,Routine endpoint analytic,low
2026-09-28T13:39:39Z,ATD-013-N279,DEV-WS-07,ACME\\jpatel,Routine endpoint analytic,low
2026-09-28T13:40:40Z,ATD-013-N280,DEV-WS-07,ACME\\jsmith,Routine endpoint analytic,low
2026-09-28T13:41:41Z,ATD-013-N281,IR-JUMP-01,ACME\\rlee,Routine endpoint analytic,low
2026-09-28T13:42:42Z,ATD-013-N282,DEV-WS-12,ACME\\jsmith,Routine endpoint analytic,low
2026-09-28T13:43:43Z,ATD-013-N283,IR-JUMP-01,ACME\\rlee,Routine endpoint analytic,low
2026-09-28T13:44:44Z,ATD-013-N284,DEV-WS-18,ACME\\jsmith,Routine endpoint analytic,low
2026-09-28T13:45:45Z,ATD-013-N285,DEV-WS-18,ACME\\jpatel,Routine endpoint analytic,low
2026-09-28T13:46:46Z,ATD-013-N286,FILE-DEV-03,ACME\\jsmith,Routine endpoint analytic,low
2026-09-28T13:47:47Z,ATD-013-N287,IR-JUMP-01,ACME\\jpatel,Routine endpoint analytic,low
2026-09-28T13:48:48Z,ATD-013-N288,FILE-DEV-03,ACME\\svc_build,Routine endpoint analytic,low
2026-09-28T13:49:49Z,ATD-013-N289,DEV-WS-18,ACME\\rlee,Routine endpoint analytic,low
2026-09-28T13:50:50Z,ATD-013-N290,FILE-DEV-03,ACME\\svc_build,Routine endpoint analytic,low
2026-09-28T13:51:51Z,ATD-013-N291,DEV-WS-18,ACME\\jsmith,Routine endpoint analytic,low
2026-09-28T13:52:52Z,ATD-013-N292,IR-JUMP-01,ACME\\rlee,Routine endpoint analytic,low
2026-09-28T13:53:53Z,ATD-013-N293,FILE-DEV-03,ACME\\rlee,Routine endpoint analytic,low
2026-09-28T13:54:54Z,ATD-013-N294,DEV-WS-03,ACME\\jpatel,Routine endpoint analytic,low
2026-09-28T13:55:55Z,ATD-013-N295,DEV-WS-18,ACME\\svc_build,Routine endpoint analytic,low
2026-09-28T13:56:56Z,ATD-013-N296,DEV-WS-18,ACME\\jsmith,Routine endpoint analytic,low
2026-09-28T13:57:57Z,ATD-013-N297,BUILD-02,ACME\\jsmith,Routine endpoint analytic,low
2026-09-28T13:58:58Z,ATD-013-N298,DEV-WS-12,ACME\\rlee,Routine endpoint analytic,low
2026-09-28T13:59:59Z,ATD-013-N299,DEV-WS-03,ACME\\svc_build,Routine endpoint analytic,low
2026-09-28T14:00:00Z,ATD-013-N300,DEV-WS-12,ACME\\svc_build,Routine endpoint analytic,low
2026-09-28T14:01:01Z,ATD-013-N301,DEV-WS-12,ACME\\svc_build,Routine endpoint analytic,low
2026-09-28T14:02:02Z,ATD-013-N302,DEV-WS-07,ACME\\jsmith,Routine endpoint analytic,low
2026-09-28T14:03:03Z,ATD-013-N303,DEV-WS-07,ACME\\rlee,Routine endpoint analytic,low
2026-09-28T14:04:04Z,ATD-013-N304,IR-JUMP-01,ACME\\rlee,Routine endpoint analytic,low
2026-09-28T14:05:05Z,ATD-013-N305,IR-JUMP-01,ACME\\svc_build,Routine endpoint analytic,low
2026-09-28T14:06:06Z,ATD-013-N306,IR-JUMP-01,ACME\\jpatel,Routine endpoint analytic,low
2026-09-28T14:07:07Z,ATD-013-N307,BUILD-02,ACME\\rlee,Routine endpoint analytic,low
2026-09-28T14:08:08Z,ATD-013-N308,DEV-WS-18,ACME\\rlee,Routine endpoint analytic,low
2026-09-28T14:09:09Z,ATD-013-N309,IR-JUMP-01,ACME\\jsmith,Routine endpoint analytic,low
2026-09-28T14:10:10Z,ATD-013-N310,FILE-DEV-03,ACME\\jpatel,Routine endpoint analytic,low
2026-09-28T14:11:11Z,ATD-013-N311,DEV-WS-18,ACME\\rlee,Routine endpoint analytic,low
2026-09-28T14:12:12Z,ATD-013-N312,BUILD-02,ACME\\svc_build,Routine endpoint analytic,low
2026-09-28T14:13:13Z,ATD-013-N313,DEV-WS-18,ACME\\jpatel,Routine endpoint analytic,low
2026-09-28T14:14:14Z,ATD-013-N314,FILE-DEV-03,ACME\\rlee,Routine endpoint analytic,low
2026-09-28T14:15:15Z,ATD-013-N315,BUILD-02,ACME\\jsmith,Routine endpoint analytic,low
2026-09-28T14:16:16Z,ATD-013-N316,DEV-WS-03,ACME\\jsmith,Routine endpoint analytic,low
2026-09-28T14:17:17Z,ATD-013-N317,DEV-WS-07,ACME\\jpatel,Routine endpoint analytic,low
2026-09-28T14:18:18Z,ATD-013-N318,DEV-WS-07,ACME\\rlee,Routine endpoint analytic,low
2026-09-28T14:19:19Z,ATD-013-N319,DEV-WS-03,ACME\\jpatel,Routine endpoint analytic,low
2026-09-28T14:20:20Z,ATD-013-N320,FILE-DEV-03,ACME\\jsmith,Routine endpoint analytic,low
2026-09-28T14:21:21Z,ATD-013-N321,IR-JUMP-01,ACME\\rlee,Routine endpoint analytic,low
2026-09-28T14:22:22Z,ATD-013-N322,DEV-WS-03,ACME\\jsmith,Routine endpoint analytic,low
2026-09-28T14:23:23Z,ATD-013-N323,DEV-WS-18,ACME\\jpatel,Routine endpoint analytic,low
2026-09-28T14:24:24Z,ATD-013-N324,DEV-WS-03,ACME\\jpatel,Routine endpoint analytic,low
2026-09-28T14:25:25Z,ATD-013-N325,DEV-WS-12,ACME\\svc_build,Routine endpoint analytic,low
2026-09-28T14:26:26Z,ATD-013-N326,IR-JUMP-01,ACME\\rlee,Routine endpoint analytic,low
2026-09-28T14:27:27Z,ATD-013-N327,BUILD-02,ACME\\rlee,Routine endpoint analytic,low
2026-09-28T14:28:28Z,ATD-013-N328,IR-JUMP-01,ACME\\rlee,Routine endpoint analytic,low
2026-09-28T14:29:29Z,ATD-013-N329,DEV-WS-12,ACME\\rlee,Routine endpoint analytic,low
2026-09-28T14:30:30Z,ATD-013-N330,IR-JUMP-01,ACME\\svc_build,Routine endpoint analytic,low
2026-09-28T14:31:31Z,ATD-013-N331,IR-JUMP-01,ACME\\svc_build,Routine endpoint analytic,low
2026-09-28T14:32:32Z,ATD-013-N332,IR-JUMP-01,ACME\\svc_build,Routine endpoint analytic,low
2026-09-28T14:33:33Z,ATD-013-N333,DEV-WS-12,ACME\\jpatel,Routine endpoint analytic,low
2026-09-28T14:34:34Z,ATD-013-N334,DEV-WS-18,ACME\\jsmith,Routine endpoint analytic,low
2026-09-28T14:35:35Z,ATD-013-N335,DEV-WS-12,ACME\\jpatel,Routine endpoint analytic,low
2026-09-28T14:36:36Z,ATD-013-N336,FILE-DEV-03,ACME\\rlee,Routine endpoint analytic,low
2026-09-28T14:37:37Z,ATD-013-N337,DEV-WS-07,ACME\\jpatel,Routine endpoint analytic,low
2026-09-28T14:38:38Z,ATD-013-N338,FILE-DEV-03,ACME\\svc_build,Routine endpoint analytic,low
2026-09-28T14:39:39Z,ATD-013-N339,DEV-WS-07,ACME\\rlee,Routine endpoint analytic,low
2026-09-28T14:40:40Z,ATD-013-N340,DEV-WS-18,ACME\\svc_build,Routine endpoint analytic,low
2026-09-28T14:41:41Z,ATD-013-N341,DEV-WS-18,ACME\\jsmith,Routine endpoint analytic,low
2026-09-28T14:42:42Z,ATD-013-N342,DEV-WS-07,ACME\\jpatel,Routine endpoint analytic,low
2026-09-28T14:43:43Z,ATD-013-N343,DEV-WS-12,ACME\\svc_build,Routine endpoint analytic,low
2026-09-28T14:44:44Z,ATD-013-N344,BUILD-02,ACME\\svc_build,Routine endpoint analytic,low
2026-09-28T14:45:45Z,ATD-013-N345,IR-JUMP-01,ACME\\svc_build,Routine endpoint analytic,low
2026-09-28T14:46:46Z,ATD-013-N346,BUILD-02,ACME\\svc_build,Routine endpoint analytic,low
2026-09-28T14:47:47Z,ATD-013-N347,DEV-WS-07,ACME\\svc_build,Routine endpoint analytic,low
2026-09-28T14:48:48Z,ATD-013-N348,DEV-WS-03,ACME\\jsmith,Routine endpoint analytic,low
2026-09-28T14:49:49Z,ATD-013-N349,FILE-DEV-03,ACME\\svc_build,Routine endpoint analytic,low
2026-09-28T14:50:50Z,ATD-013-N350,DEV-WS-18,ACME\\rlee,Routine endpoint analytic,low
2026-09-28T14:51:51Z,ATD-013-N351,DEV-WS-03,ACME\\jsmith,Routine endpoint analytic,low
2026-09-28T14:52:52Z,ATD-013-N352,DEV-WS-12,ACME\\jsmith,Routine endpoint analytic,low
2026-09-28T14:53:53Z,ATD-013-N353,IR-JUMP-01,ACME\\jsmith,Routine endpoint analytic,low
2026-09-28T14:54:54Z,ATD-013-N354,FILE-DEV-03,ACME\\jsmith,Routine endpoint analytic,low
2026-09-28T14:55:55Z,ATD-013-N355,BUILD-02,ACME\\rlee,Routine endpoint analytic,low
2026-09-28T14:56:56Z,ATD-013-N356,BUILD-02,ACME\\svc_build,Routine endpoint analytic,low
2026-09-28T14:57:57Z,ATD-013-N357,IR-JUMP-01,ACME\\jpatel,Routine endpoint analytic,low
2026-09-28T14:58:58Z,ATD-013-N358,DEV-WS-07,ACME\\jpatel,Routine endpoint analytic,low
2026-09-28T14:59:59Z,ATD-013-N359,IR-JUMP-01,ACME\\jpatel,Routine endpoint analytic,low
2026-09-28T15:00:00Z,ATD-013-N360,DEV-WS-18,ACME\\svc_build,Routine endpoint analytic,low
2026-09-28T15:01:01Z,ATD-013-N361,DEV-WS-12,ACME\\jpatel,Routine endpoint analytic,low
2026-09-28T15:02:02Z,ATD-013-N362,DEV-WS-07,ACME\\jpatel,Routine endpoint analytic,low
2026-09-28T15:03:03Z,ATD-013-N363,DEV-WS-12,ACME\\jpatel,Routine endpoint analytic,low
2026-09-28T15:04:04Z,ATD-013-N364,BUILD-02,ACME\\svc_build,Routine endpoint analytic,low
2026-09-28T15:05:05Z,ATD-013-N365,BUILD-02,ACME\\svc_build,Routine endpoint analytic,low
2026-09-28T15:06:06Z,ATD-013-N366,DEV-WS-12,ACME\\jsmith,Routine endpoint analytic,low
2026-09-28T15:07:07Z,ATD-013-N367,DEV-WS-18,ACME\\jsmith,Routine endpoint analytic,low
2026-09-28T15:08:08Z,ATD-013-N368,DEV-WS-12,ACME\\jpatel,Routine endpoint analytic,low
2026-09-28T15:09:09Z,ATD-013-N369,DEV-WS-03,ACME\\svc_build,Routine endpoint analytic,low
2026-09-28T15:10:10Z,ATD-013-N370,BUILD-02,ACME\\jsmith,Routine endpoint analytic,low
2026-09-28T15:11:11Z,ATD-013-N371,BUILD-02,ACME\\rlee,Routine endpoint analytic,low
2026-09-28T15:12:12Z,ATD-013-N372,FILE-DEV-03,ACME\\rlee,Routine endpoint analytic,low
2026-09-28T15:13:13Z,ATD-013-N373,IR-JUMP-01,ACME\\jpatel,Routine endpoint analytic,low
2026-09-28T15:14:14Z,ATD-013-N374,DEV-WS-03,ACME\\rlee,Routine endpoint analytic,low
2026-09-28T15:15:15Z,ATD-013-N375,DEV-WS-18,ACME\\svc_build,Routine endpoint analytic,low
2026-09-28T15:16:16Z,ATD-013-N376,DEV-WS-07,ACME\\jsmith,Routine endpoint analytic,low
2026-09-28T15:17:17Z,ATD-013-N377,BUILD-02,ACME\\svc_build,Routine endpoint analytic,low
2026-09-28T15:18:18Z,ATD-013-N378,BUILD-02,ACME\\jsmith,Routine endpoint analytic,low
2026-09-28T15:19:19Z,ATD-013-N379,FILE-DEV-03,ACME\\svc_build,Routine endpoint analytic,low
2026-09-28T15:20:20Z,ATD-013-N380,DEV-WS-07,ACME\\jpatel,Routine endpoint analytic,low
2026-09-28T15:21:21Z,ATD-013-N381,FILE-DEV-03,ACME\\jsmith,Routine endpoint analytic,low
2026-09-28T15:22:22Z,ATD-013-N382,IR-JUMP-01,ACME\\svc_build,Routine endpoint analytic,low
2026-09-28T15:23:23Z,ATD-013-N383,DEV-WS-07,ACME\\rlee,Routine endpoint analytic,low
2026-09-28T15:24:24Z,ATD-013-N384,DEV-WS-07,ACME\\jsmith,Routine endpoint analytic,low
2026-09-28T15:25:25Z,ATD-013-N385,FILE-DEV-03,ACME\\svc_build,Routine endpoint analytic,low
2026-09-28T15:26:26Z,ATD-013-N386,FILE-DEV-03,ACME\\rlee,Routine endpoint analytic,low
2026-09-28T15:27:27Z,ATD-013-N387,DEV-WS-03,ACME\\svc_build,Routine endpoint analytic,low
2026-09-28T15:28:28Z,ATD-013-N388,IR-JUMP-01,ACME\\svc_build,Routine endpoint analytic,low
2026-09-28T15:29:29Z,ATD-013-N389,DEV-WS-07,ACME\\rlee,Routine endpoint analytic,low
2026-09-28T15:30:30Z,ATD-013-N390,BUILD-02,ACME\\svc_build,Routine endpoint analytic,low
2026-09-28T15:31:31Z,ATD-013-N391,IR-JUMP-01,ACME\\jsmith,Routine endpoint analytic,low
2026-09-28T15:32:32Z,ATD-013-N392,DEV-WS-12,ACME\\rlee,Routine endpoint analytic,low
2026-09-28T15:33:33Z,ATD-013-N393,DEV-WS-18,ACME\\jpatel,Routine endpoint analytic,low
2026-09-28T15:34:34Z,ATD-013-N394,DEV-WS-03,ACME\\jpatel,Routine endpoint analytic,low
2026-09-28T15:35:35Z,ATD-013-N395,BUILD-02,ACME\\jsmith,Routine endpoint analytic,low
2026-09-28T15:36:36Z,ATD-013-N396,FILE-DEV-03,ACME\\jsmith,Routine endpoint analytic,low
2026-09-28T15:37:37Z,ATD-013-N397,DEV-WS-07,ACME\\jsmith,Routine endpoint analytic,low
2026-09-28T15:38:38Z,ATD-013-N398,DEV-WS-12,ACME\\jsmith,Routine endpoint analytic,low
2026-09-28T15:39:39Z,ATD-013-N399,FILE-DEV-03,ACME\\rlee,Routine endpoint analytic,low
2026-09-28T15:40:40Z,ATD-013-N400,IR-JUMP-01,ACME\\jpatel,Routine endpoint analytic,low
2026-09-28T15:41:41Z,ATD-013-N401,FILE-DEV-03,ACME\\rlee,Routine endpoint analytic,low
2026-09-28T15:42:42Z,ATD-013-N402,DEV-WS-12,ACME\\svc_build,Routine endpoint analytic,low
2026-09-28T15:43:43Z,ATD-013-N403,FILE-DEV-03,ACME\\svc_build,Routine endpoint analytic,low
2026-09-28T15:44:44Z,ATD-013-N404,DEV-WS-12,ACME\\svc_build,Routine endpoint analytic,low
2026-09-28T15:45:45Z,ATD-013-N405,IR-JUMP-01,ACME\\rlee,Routine endpoint analytic,low
2026-09-28T15:46:46Z,ATD-013-N406,IR-JUMP-01,ACME\\svc_build,Routine endpoint analytic,low
2026-09-28T15:47:47Z,ATD-013-N407,IR-JUMP-01,ACME\\rlee,Routine endpoint analytic,low
2026-09-28T15:48:48Z,ATD-013-N408,DEV-WS-03,ACME\\svc_build,Routine endpoint analytic,low
2026-09-28T15:49:49Z,ATD-013-N409,DEV-WS-18,ACME\\jsmith,Routine endpoint analytic,low
2026-09-28T15:50:50Z,ATD-013-N410,DEV-WS-03,ACME\\svc_build,Routine endpoint analytic,low
2026-09-28T15:51:51Z,ATD-013-N411,DEV-WS-12,ACME\\rlee,Routine endpoint analytic,low
2026-09-28T15:52:52Z,ATD-013-N412,IR-JUMP-01,ACME\\svc_build,Routine endpoint analytic,low
2026-09-28T15:53:53Z,ATD-013-N413,DEV-WS-18,ACME\\rlee,Routine endpoint analytic,low
2026-09-28T15:54:54Z,ATD-013-N414,IR-JUMP-01,ACME\\rlee,Routine endpoint analytic,low
2026-09-28T15:55:55Z,ATD-013-N415,DEV-WS-07,ACME\\rlee,Routine endpoint analytic,low
2026-09-28T15:56:56Z,ATD-013-N416,DEV-WS-12,ACME\\jsmith,Routine endpoint analytic,low
2026-09-28T15:57:57Z,ATD-013-N417,DEV-WS-12,ACME\\jpatel,Routine endpoint analytic,low
2026-09-28T15:58:58Z,ATD-013-N418,FILE-DEV-03,ACME\\rlee,Routine endpoint analytic,low
2026-09-28T15:59:59Z,ATD-013-N419,DEV-WS-07,ACME\\jsmith,Routine endpoint analytic,low
2026-09-28T16:00:00Z,ATD-013-N420,BUILD-02,ACME\\jpatel,Routine endpoint analytic,low
2026-09-28T16:01:01Z,ATD-013-N421,DEV-WS-18,ACME\\svc_build,Routine endpoint analytic,low
2026-09-28T16:02:02Z,ATD-013-N422,DEV-WS-03,ACME\\rlee,Routine endpoint analytic,low
2026-09-28T16:03:03Z,ATD-013-N423,IR-JUMP-01,ACME\\jsmith,Routine endpoint analytic,low
2026-09-28T16:04:04Z,ATD-013-N424,DEV-WS-07,ACME\\jpatel,Routine endpoint analytic,low
2026-09-28T16:05:05Z,ATD-013-N425,DEV-WS-12,ACME\\svc_build,Routine endpoint analytic,low
2026-09-28T16:06:06Z,ATD-013-N426,BUILD-02,ACME\\svc_build,Routine endpoint analytic,low
2026-09-28T16:07:07Z,ATD-013-N427,IR-JUMP-01,ACME\\jpatel,Routine endpoint analytic,low
2026-09-28T16:08:08Z,ATD-013-N428,BUILD-02,ACME\\svc_build,Routine endpoint analytic,low
2026-09-28T16:09:09Z,ATD-013-N429,DEV-WS-12,ACME\\rlee,Routine endpoint analytic,low
2026-09-28T16:10:10Z,ATD-013-N430,IR-JUMP-01,ACME\\jsmith,Routine endpoint analytic,low
2026-09-28T16:11:11Z,ATD-013-N431,IR-JUMP-01,ACME\\rlee,Routine endpoint analytic,low
2026-09-28T16:12:12Z,ATD-013-N432,DEV-WS-03,ACME\\svc_build,Routine endpoint analytic,low
2026-09-28T16:13:13Z,ATD-013-N433,DEV-WS-12,ACME\\jsmith,Routine endpoint analytic,low
2026-09-28T16:14:14Z,ATD-013-N434,IR-JUMP-01,ACME\\jpatel,Routine endpoint analytic,low
2026-09-28T16:15:15Z,ATD-013-N435,IR-JUMP-01,ACME\\rlee,Routine endpoint analytic,low
2026-09-28T16:16:16Z,ATD-013-N436,DEV-WS-18,ACME\\jpatel,Routine endpoint analytic,low
2026-09-28T16:17:17Z,ATD-013-N437,DEV-WS-03,ACME\\jpatel,Routine endpoint analytic,low
2026-09-28T16:18:18Z,ATD-013-N438,DEV-WS-03,ACME\\svc_build,Routine endpoint analytic,low
2026-09-28T16:19:19Z,ATD-013-N439,DEV-WS-12,ACME\\rlee,Routine endpoint analytic,low
2026-09-28T16:20:20Z,ATD-013-N440,FILE-DEV-03,ACME\\rlee,Routine endpoint analytic,low
2026-09-28T16:21:21Z,ATD-013-N441,DEV-WS-07,ACME\\jpatel,Routine endpoint analytic,low
2026-09-28T16:22:22Z,ATD-013-N442,DEV-WS-07,ACME\\svc_build,Routine endpoint analytic,low
2026-09-28T16:23:23Z,ATD-013-N443,DEV-WS-07,ACME\\svc_build,Routine endpoint analytic,low
2026-09-28T16:24:24Z,ATD-013-N444,BUILD-02,ACME\\rlee,Routine endpoint analytic,low
2026-09-28T16:25:25Z,ATD-013-N445,IR-JUMP-01,ACME\\rlee,Routine endpoint analytic,low
2026-09-28T16:26:26Z,ATD-013-N446,DEV-WS-03,ACME\\jsmith,Routine endpoint analytic,low
2026-09-28T16:27:27Z,ATD-013-N447,IR-JUMP-01,ACME\\svc_build,Routine endpoint analytic,low
2026-09-28T16:28:28Z,ATD-013-N448,DEV-WS-12,ACME\\jpatel,Routine endpoint analytic,low
2026-09-28T16:29:29Z,ATD-013-N449,DEV-WS-12,ACME\\jpatel,Routine endpoint analytic,low
2026-09-28T16:30:30Z,ATD-013-N450,DEV-WS-07,ACME\\rlee,Routine endpoint analytic,low
2026-09-28T16:31:31Z,ATD-013-N451,DEV-WS-12,ACME\\rlee,Routine endpoint analytic,low
2026-09-28T16:32:32Z,ATD-013-N452,DEV-WS-03,ACME\\rlee,Routine endpoint analytic,low
2026-09-28T16:33:33Z,ATD-013-N453,DEV-WS-03,ACME\\rlee,Routine endpoint analytic,low
2026-09-28T16:34:34Z,ATD-013-N454,DEV-WS-07,ACME\\jpatel,Routine endpoint analytic,low
2026-09-28T16:35:35Z,ATD-013-N455,FILE-DEV-03,ACME\\jpatel,Routine endpoint analytic,low
2026-09-28T16:36:36Z,ATD-013-N456,DEV-WS-12,ACME\\svc_build,Routine endpoint analytic,low
2026-09-28T16:37:37Z,ATD-013-N457,BUILD-02,ACME\\svc_build,Routine endpoint analytic,low
2026-09-28T16:38:38Z,ATD-013-N458,FILE-DEV-03,ACME\\jsmith,Routine endpoint analytic,low
2026-09-28T16:39:39Z,ATD-013-N459,BUILD-02,ACME\\svc_build,Routine endpoint analytic,low
2026-09-28T16:40:40Z,ATD-013-N460,FILE-DEV-03,ACME\\rlee,Routine endpoint analytic,low
2026-09-28T16:41:41Z,ATD-013-N461,FILE-DEV-03,ACME\\jpatel,Routine endpoint analytic,low
2026-09-28T16:42:42Z,ATD-013-N462,DEV-WS-03,ACME\\jsmith,Routine endpoint analytic,low
2026-09-28T16:43:43Z,ATD-013-N463,IR-JUMP-01,ACME\\svc_build,Routine endpoint analytic,low
2026-09-28T16:44:44Z,ATD-013-N464,FILE-DEV-03,ACME\\jpatel,Routine endpoint analytic,low
2026-09-28T16:45:45Z,ATD-013-N465,DEV-WS-03,ACME\\svc_build,Routine endpoint analytic,low
2026-09-28T16:46:46Z,ATD-013-N466,DEV-WS-03,ACME\\jpatel,Routine endpoint analytic,low
2026-09-28T16:47:47Z,ATD-013-N467,IR-JUMP-01,ACME\\svc_build,Routine endpoint analytic,low
2026-09-28T16:48:48Z,ATD-013-N468,IR-JUMP-01,ACME\\rlee,Routine endpoint analytic,low
2026-09-28T16:49:49Z,ATD-013-N469,DEV-WS-18,ACME\\svc_build,Routine endpoint analytic,low
2026-09-28T16:50:50Z,ATD-013-N470,DEV-WS-03,ACME\\jsmith,Routine endpoint analytic,low
2026-09-28T16:51:51Z,ATD-013-N471,IR-JUMP-01,ACME\\rlee,Routine endpoint analytic,low
2026-09-28T16:52:52Z,ATD-013-N472,FILE-DEV-03,ACME\\jsmith,Routine endpoint analytic,low
2026-09-28T16:53:53Z,ATD-013-N473,DEV-WS-03,ACME\\svc_build,Routine endpoint analytic,low
2026-09-28T16:54:54Z,ATD-013-N474,DEV-WS-18,ACME\\jsmith,Routine endpoint analytic,low
2026-09-28T16:55:55Z,ATD-013-N475,BUILD-02,ACME\\jsmith,Routine endpoint analytic,low
2026-09-28T16:56:56Z,ATD-013-N476,DEV-WS-12,ACME\\jpatel,Routine endpoint analytic,low
2026-09-28T16:57:57Z,ATD-013-N477,IR-JUMP-01,ACME\\svc_build,Routine endpoint analytic,low
2026-09-28T16:58:58Z,ATD-013-N478,DEV-WS-18,ACME\\rlee,Routine endpoint analytic,low
2026-09-28T16:59:59Z,ATD-013-N479,IR-JUMP-01,ACME\\jsmith,Routine endpoint analytic,low
2026-09-28T13:00:00Z,ATD-013-N480,BUILD-02,ACME\\svc_build,Routine endpoint analytic,low
2026-09-28T13:01:01Z,ATD-013-N481,IR-JUMP-01,ACME\\svc_build,Routine endpoint analytic,low
2026-09-28T13:02:02Z,ATD-013-N482,DEV-WS-03,ACME\\rlee,Routine endpoint analytic,low
2026-09-28T13:03:03Z,ATD-013-N483,DEV-WS-12,ACME\\svc_build,Routine endpoint analytic,low
2026-09-28T13:04:04Z,ATD-013-N484,DEV-WS-18,ACME\\jpatel,Routine endpoint analytic,low
2026-09-28T13:05:05Z,ATD-013-N485,DEV-WS-07,ACME\\svc_build,Routine endpoint analytic,low
2026-09-28T13:06:06Z,ATD-013-N486,DEV-WS-18,ACME\\rlee,Routine endpoint analytic,low
2026-09-28T13:07:07Z,ATD-013-N487,DEV-WS-03,ACME\\svc_build,Routine endpoint analytic,low
2026-09-28T13:08:08Z,ATD-013-N488,FILE-DEV-03,ACME\\svc_build,Routine endpoint analytic,low
2026-09-28T13:09:09Z,ATD-013-N489,DEV-WS-07,ACME\\jsmith,Routine endpoint analytic,low
2026-09-28T13:10:10Z,ATD-013-N490,DEV-WS-12,ACME\\rlee,Routine endpoint analytic,low
2026-09-28T13:11:11Z,ATD-013-N491,DEV-WS-12,ACME\\svc_build,Routine endpoint analytic,low
2026-09-28T13:12:12Z,ATD-013-N492,FILE-DEV-03,ACME\\rlee,Routine endpoint analytic,low
2026-09-28T13:13:13Z,ATD-013-N493,DEV-WS-03,ACME\\jsmith,Routine endpoint analytic,low
2026-09-28T13:14:14Z,ATD-013-N494,DEV-WS-07,ACME\\svc_build,Routine endpoint analytic,low
2026-09-28T13:15:15Z,ATD-013-N495,IR-JUMP-01,ACME\\jpatel,Routine endpoint analytic,low
2026-09-28T13:16:16Z,ATD-013-N496,DEV-WS-12,ACME\\rlee,Routine endpoint analytic,low
2026-09-28T13:17:17Z,ATD-013-N497,DEV-WS-03,ACME\\jpatel,Routine endpoint analytic,low
2026-09-28T13:18:18Z,ATD-013-N498,DEV-WS-07,ACME\\jsmith,Routine endpoint analytic,low
2026-09-28T13:19:19Z,ATD-013-N499,IR-JUMP-01,ACME\\jpatel,Routine endpoint analytic,low
