_time,host,user,process_name,parent_process,command_line,pid
2026-09-28T13:00:00Z,BUILD-02,ACME\\rlee,cmd.exe,explorer.exe,routine developer activity,3000
2026-09-28T13:01:01Z,DEV-WS-12,ACME\\svc_build,cmd.exe,explorer.exe,routine developer activity,3001
2026-09-28T13:02:02Z,FILE-DEV-03,ACME\\svc_build,powershell.exe,explorer.exe,routine developer activity,3002
2026-09-28T13:03:03Z,DEV-WS-12,ACME\\rlee,chrome.exe,explorer.exe,routine developer activity,3003
2026-09-28T13:04:04Z,FILE-DEV-03,ACME\\rlee,cmd.exe,explorer.exe,routine developer activity,3004
2026-09-28T13:05:05Z,DEV-WS-07,ACME\\jpatel,chrome.exe,explorer.exe,routine developer activity,3005
2026-09-28T13:06:06Z,BUILD-02,ACME\\jpatel,code.exe,explorer.exe,routine developer activity,3006
2026-09-28T13:07:07Z,DEV-WS-07,ACME\\jpatel,powershell.exe,explorer.exe,routine developer activity,3007
2026-09-28T13:08:08Z,DEV-WS-07,ACME\\svc_build,python.exe,explorer.exe,routine developer activity,3008
2026-09-28T13:09:09Z,DEV-WS-03,ACME\\jpatel,powershell.exe,explorer.exe,routine developer activity,3009
2026-09-28T13:10:10Z,FILE-DEV-03,ACME\\rlee,code.exe,explorer.exe,routine developer activity,3010
2026-09-28T13:11:11Z,DEV-WS-12,ACME\\rlee,msbuild.exe,explorer.exe,routine developer activity,3011
2026-09-28T13:12:12Z,DEV-WS-12,ACME\\jpatel,powershell.exe,explorer.exe,routine developer activity,3012
2026-09-28T13:13:13Z,DEV-WS-12,ACME\\svc_build,git.exe,explorer.exe,routine developer activity,3013
2026-09-28T13:14:14Z,FILE-DEV-03,ACME\\svc_build,code.exe,explorer.exe,routine developer activity,3014
2026-09-28T13:15:15Z,DEV-WS-12,ACME\\jpatel,code.exe,explorer.exe,routine developer activity,3015
2026-09-28T13:16:16Z,DEV-WS-12,ACME\\jpatel,msbuild.exe,explorer.exe,routine developer activity,3016
2026-09-28T13:17:17Z,DEV-WS-18,ACME\\rlee,python.exe,explorer.exe,routine developer activity,3017
2026-09-28T13:18:18Z,DEV-WS-12,ACME\\rlee,powershell.exe,explorer.exe,routine developer activity,3018
2026-09-28T13:19:19Z,DEV-WS-12,ACME\\svc_build,code.exe,explorer.exe,routine developer activity,3019
2026-09-28T13:20:20Z,DEV-WS-18,ACME\\jpatel,powershell.exe,explorer.exe,routine developer activity,3020
2026-09-28T13:21:21Z,DEV-WS-03,ACME\\rlee,python.exe,explorer.exe,routine developer activity,3021
2026-09-28T13:22:22Z,FILE-DEV-03,ACME\\rlee,code.exe,explorer.exe,routine developer activity,3022
2026-09-28T13:23:23Z,DEV-WS-18,ACME\\rlee,git.exe,explorer.exe,routine developer activity,3023
2026-09-28T13:24:24Z,DEV-WS-07,ACME\\svc_build,python.exe,explorer.exe,routine developer activity,3024
2026-09-28T13:25:25Z,BUILD-02,ACME\\jpatel,cmd.exe,explorer.exe,routine developer activity,3025
2026-09-28T13:26:26Z,DEV-WS-12,ACME\\rlee,git.exe,explorer.exe,routine developer activity,3026
2026-09-28T13:27:27Z,DEV-WS-18,ACME\\jpatel,git.exe,explorer.exe,routine developer activity,3027
2026-09-28T13:28:28Z,DEV-WS-07,ACME\\jpatel,cmd.exe,explorer.exe,routine developer activity,3028
2026-09-28T13:29:29Z,DEV-WS-12,ACME\\svc_build,chrome.exe,explorer.exe,routine developer activity,3029
2026-09-28T13:30:30Z,DEV-WS-07,ACME\\svc_build,chrome.exe,explorer.exe,routine developer activity,3030
2026-09-28T13:31:31Z,FILE-DEV-03,ACME\\jpatel,code.exe,explorer.exe,routine developer activity,3031
2026-09-28T13:32:32Z,FILE-DEV-03,ACME\\rlee,cmd.exe,explorer.exe,routine developer activity,3032
2026-09-28T13:33:33Z,DEV-WS-03,ACME\\svc_build,chrome.exe,explorer.exe,routine developer activity,3033
2026-09-28T13:34:34Z,DEV-WS-12,ACME\\svc_build,git.exe,explorer.exe,routine developer activity,3034
2026-09-28T13:35:35Z,DEV-WS-03,ACME\\rlee,chrome.exe,explorer.exe,routine developer activity,3035
2026-09-28T13:36:36Z,DEV-WS-07,ACME\\jpatel,git.exe,explorer.exe,routine developer activity,3036
2026-09-28T13:37:37Z,DEV-WS-12,ACME\\rlee,powershell.exe,explorer.exe,routine developer activity,3037
2026-09-28T13:38:38Z,BUILD-02,ACME\\svc_build,powershell.exe,explorer.exe,routine developer activity,3038
2026-09-28T13:39:39Z,DEV-WS-07,ACME\\svc_build,code.exe,explorer.exe,routine developer activity,3039
2026-09-28T13:40:40Z,DEV-WS-12,ACME\\svc_build,code.exe,explorer.exe,routine developer activity,3040
2026-09-28T13:41:41Z,DEV-WS-18,ACME\\rlee,powershell.exe,explorer.exe,routine developer activity,3041
2026-09-28T13:42:42Z,DEV-WS-03,ACME\\rlee,git.exe,explorer.exe,routine developer activity,3042
2026-09-28T13:43:43Z,DEV-WS-18,ACME\\jpatel,cmd.exe,explorer.exe,routine developer activity,3043
2026-09-28T13:44:44Z,DEV-WS-03,ACME\\rlee,python.exe,explorer.exe,routine developer activity,3044
2026-09-28T13:45:45Z,FILE-DEV-03,ACME\\svc_build,powershell.exe,explorer.exe,routine developer activity,3045
2026-09-28T13:46:46Z,DEV-WS-12,ACME\\jpatel,python.exe,explorer.exe,routine developer activity,3046
2026-09-28T13:47:47Z,DEV-WS-18,ACME\\svc_build,msbuild.exe,explorer.exe,routine developer activity,3047
2026-09-28T13:48:48Z,DEV-WS-12,ACME\\rlee,code.exe,explorer.exe,routine developer activity,3048
2026-09-28T13:49:49Z,DEV-WS-12,ACME\\jpatel,powershell.exe,explorer.exe,routine developer activity,3049
2026-09-28T13:50:50Z,DEV-WS-07,ACME\\jpatel,git.exe,explorer.exe,routine developer activity,3050
2026-09-28T13:51:51Z,DEV-WS-12,ACME\\svc_build,chrome.exe,explorer.exe,routine developer activity,3051
2026-09-28T13:52:52Z,DEV-WS-03,ACME\\svc_build,powershell.exe,explorer.exe,routine developer activity,3052
2026-09-28T13:53:53Z,FILE-DEV-03,ACME\\svc_build,msbuild.exe,explorer.exe,routine developer activity,3053
2026-09-28T13:54:54Z,FILE-DEV-03,ACME\\svc_build,python.exe,explorer.exe,routine developer activity,3054
2026-09-28T13:55:55Z,DEV-WS-03,ACME\\jpatel,msbuild.exe,explorer.exe,routine developer activity,3055
2026-09-28T13:56:56Z,DEV-WS-18,ACME\\jpatel,git.exe,explorer.exe,routine developer activity,3056
2026-09-28T13:57:57Z,BUILD-02,ACME\\jpatel,msbuild.exe,explorer.exe,routine developer activity,3057
2026-09-28T13:58:58Z,FILE-DEV-03,ACME\\jpatel,msbuild.exe,explorer.exe,routine developer activity,3058
2026-09-28T13:59:00Z,BUILD-02,ACME\\svc_build,git.exe,explorer.exe,routine developer activity,3059
2026-09-28T14:00:01Z,DEV-WS-12,ACME\\rlee,powershell.exe,explorer.exe,routine developer activity,3060
2026-09-28T14:01:02Z,FILE-DEV-03,ACME\\rlee,code.exe,explorer.exe,routine developer activity,3061
2026-09-28T14:02:03Z,DEV-WS-03,ACME\\svc_build,chrome.exe,explorer.exe,routine developer activity,3062
2026-09-28T14:03:04Z,BUILD-02,ACME\\rlee,cmd.exe,explorer.exe,routine developer activity,3063
2026-09-28T14:04:05Z,DEV-WS-18,ACME\\jpatel,code.exe,explorer.exe,routine developer activity,3064
2026-09-28T14:05:06Z,DEV-WS-07,ACME\\rlee,msbuild.exe,explorer.exe,routine developer activity,3065
2026-09-28T14:06:07Z,BUILD-02,ACME\\svc_build,msbuild.exe,explorer.exe,routine developer activity,3066
2026-09-28T14:07:08Z,FILE-DEV-03,ACME\\svc_build,chrome.exe,explorer.exe,routine developer activity,3067
2026-09-28T14:08:09Z,FILE-DEV-03,ACME\\rlee,powershell.exe,explorer.exe,routine developer activity,3068
2026-09-28T14:09:10Z,DEV-WS-07,ACME\\svc_build,msbuild.exe,explorer.exe,routine developer activity,3069
2026-09-28T14:10:11Z,DEV-WS-18,ACME\\svc_build,chrome.exe,explorer.exe,routine developer activity,3070
2026-09-28T14:11:12Z,BUILD-02,ACME\\rlee,python.exe,explorer.exe,routine developer activity,3071
2026-09-28T14:12:13Z,FILE-DEV-03,ACME\\jpatel,python.exe,explorer.exe,routine developer activity,3072
2026-09-28T14:13:14Z,DEV-WS-07,ACME\\svc_build,python.exe,explorer.exe,routine developer activity,3073
2026-09-28T14:14:15Z,DEV-WS-07,ACME\\jpatel,code.exe,explorer.exe,routine developer activity,3074
2026-09-28T14:15:16Z,DEV-WS-07,ACME\\rlee,msbuild.exe,explorer.exe,routine developer activity,3075
2026-09-28T14:16:17Z,FILE-DEV-03,ACME\\svc_build,msbuild.exe,explorer.exe,routine developer activity,3076
2026-09-28T14:17:18Z,DEV-WS-07,ACME\\svc_build,powershell.exe,explorer.exe,routine developer activity,3077
2026-09-28T14:18:19Z,DEV-WS-12,ACME\\jpatel,cmd.exe,explorer.exe,routine developer activity,3078
2026-09-28T14:19:20Z,DEV-WS-12,ACME\\jpatel,powershell.exe,explorer.exe,routine developer activity,3079
2026-09-28T14:20:21Z,BUILD-02,ACME\\svc_build,cmd.exe,explorer.exe,routine developer activity,3080
2026-09-28T14:21:22Z,BUILD-02,ACME\\rlee,python.exe,explorer.exe,routine developer activity,3081
2026-09-28T14:22:23Z,DEV-WS-18,ACME\\svc_build,msbuild.exe,explorer.exe,routine developer activity,3082
2026-09-28T14:23:24Z,DEV-WS-03,ACME\\svc_build,python.exe,explorer.exe,routine developer activity,3083
2026-09-28T14:24:25Z,DEV-WS-07,ACME\\rlee,msbuild.exe,explorer.exe,routine developer activity,3084
2026-09-28T14:25:26Z,DEV-WS-18,ACME\\svc_build,cmd.exe,explorer.exe,routine developer activity,3085
2026-09-28T14:26:27Z,DEV-WS-12,ACME\\rlee,powershell.exe,explorer.exe,routine developer activity,3086
2026-09-28T14:27:28Z,FILE-DEV-03,ACME\\jpatel,cmd.exe,explorer.exe,routine developer activity,3087
2026-09-28T14:28:29Z,DEV-WS-07,ACME\\rlee,code.exe,explorer.exe,routine developer activity,3088
2026-09-28T14:29:30Z,DEV-WS-03,ACME\\rlee,cmd.exe,explorer.exe,routine developer activity,3089
2026-09-28T14:30:31Z,FILE-DEV-03,ACME\\rlee,chrome.exe,explorer.exe,routine developer activity,3090
2026-09-28T14:31:32Z,DEV-WS-18,ACME\\rlee,python.exe,explorer.exe,routine developer activity,3091
2026-09-28T14:32:33Z,DEV-WS-07,ACME\\jpatel,code.exe,explorer.exe,routine developer activity,3092
2026-09-28T14:33:34Z,BUILD-02,ACME\\rlee,msbuild.exe,explorer.exe,routine developer activity,3093
2026-09-28T14:34:35Z,DEV-WS-12,ACME\\rlee,powershell.exe,explorer.exe,routine developer activity,3094
2026-09-28T14:35:36Z,DEV-WS-03,ACME\\rlee,powershell.exe,explorer.exe,routine developer activity,3095
2026-09-28T14:36:37Z,DEV-WS-12,ACME\\rlee,msbuild.exe,explorer.exe,routine developer activity,3096
2026-09-28T14:37:38Z,DEV-WS-12,ACME\\svc_build,msbuild.exe,explorer.exe,routine developer activity,3097
2026-09-28T14:38:39Z,BUILD-02,ACME\\jpatel,python.exe,explorer.exe,routine developer activity,3098
2026-09-28T14:39:40Z,FILE-DEV-03,ACME\\rlee,code.exe,explorer.exe,routine developer activity,3099
2026-09-28T14:40:41Z,DEV-WS-03,ACME\\rlee,cmd.exe,explorer.exe,routine developer activity,3100
2026-09-28T14:41:42Z,DEV-WS-12,ACME\\svc_build,chrome.exe,explorer.exe,routine developer activity,3101
2026-09-28T14:42:43Z,BUILD-02,ACME\\jpatel,python.exe,explorer.exe,routine developer activity,3102
2026-09-28T14:43:44Z,FILE-DEV-03,ACME\\rlee,code.exe,explorer.exe,routine developer activity,3103
2026-09-28T14:44:45Z,DEV-WS-03,ACME\\svc_build,chrome.exe,explorer.exe,routine developer activity,3104
2026-09-28T14:45:46Z,FILE-DEV-03,ACME\\svc_build,powershell.exe,explorer.exe,routine developer activity,3105
2026-09-28T14:46:47Z,DEV-WS-12,ACME\\jpatel,powershell.exe,explorer.exe,routine developer activity,3106
2026-09-28T14:47:48Z,DEV-WS-07,ACME\\svc_build,powershell.exe,explorer.exe,routine developer activity,3107
2026-09-28T14:48:49Z,DEV-WS-03,ACME\\jpatel,cmd.exe,explorer.exe,routine developer activity,3108
2026-09-28T14:49:50Z,DEV-WS-07,ACME\\jpatel,code.exe,explorer.exe,routine developer activity,3109
2026-09-28T14:50:51Z,DEV-WS-12,ACME\\rlee,code.exe,explorer.exe,routine developer activity,3110
2026-09-28T14:51:52Z,BUILD-02,ACME\\rlee,chrome.exe,explorer.exe,routine developer activity,3111
2026-09-28T14:52:53Z,BUILD-02,ACME\\jpatel,chrome.exe,explorer.exe,routine developer activity,3112
2026-09-28T14:53:54Z,DEV-WS-18,ACME\\svc_build,code.exe,explorer.exe,routine developer activity,3113
2026-09-28T14:54:55Z,FILE-DEV-03,ACME\\jpatel,python.exe,explorer.exe,routine developer activity,3114
2026-09-28T14:55:56Z,DEV-WS-07,ACME\\svc_build,git.exe,explorer.exe,routine developer activity,3115
2026-09-28T14:56:57Z,BUILD-02,ACME\\rlee,chrome.exe,explorer.exe,routine developer activity,3116
2026-09-28T14:57:58Z,DEV-WS-03,ACME\\jpatel,chrome.exe,explorer.exe,routine developer activity,3117
2026-09-28T14:58:00Z,DEV-WS-07,ACME\\svc_build,cmd.exe,explorer.exe,routine developer activity,3118
2026-09-28T14:59:01Z,BUILD-02,ACME\\svc_build,git.exe,explorer.exe,routine developer activity,3119
2026-09-28T15:00:02Z,DEV-WS-03,ACME\\jpatel,code.exe,explorer.exe,routine developer activity,3120
2026-09-28T15:01:03Z,BUILD-02,ACME\\svc_build,powershell.exe,explorer.exe,routine developer activity,3121
2026-09-28T15:02:04Z,DEV-WS-07,ACME\\svc_build,cmd.exe,explorer.exe,routine developer activity,3122
2026-09-28T15:03:05Z,FILE-DEV-03,ACME\\jpatel,powershell.exe,explorer.exe,routine developer activity,3123
2026-09-28T15:04:06Z,FILE-DEV-03,ACME\\rlee,powershell.exe,explorer.exe,routine developer activity,3124
2026-09-28T15:05:07Z,DEV-WS-07,ACME\\jpatel,git.exe,explorer.exe,routine developer activity,3125
2026-09-28T15:06:08Z,DEV-WS-12,ACME\\jpatel,cmd.exe,explorer.exe,routine developer activity,3126
2026-09-28T15:07:09Z,FILE-DEV-03,ACME\\svc_build,chrome.exe,explorer.exe,routine developer activity,3127
2026-09-28T15:08:10Z,DEV-WS-03,ACME\\jpatel,git.exe,explorer.exe,routine developer activity,3128
2026-09-28T15:09:11Z,DEV-WS-18,ACME\\jpatel,git.exe,explorer.exe,routine developer activity,3129
2026-09-28T15:10:12Z,DEV-WS-12,ACME\\svc_build,code.exe,explorer.exe,routine developer activity,3130
2026-09-28T15:11:13Z,DEV-WS-18,ACME\\rlee,code.exe,explorer.exe,routine developer activity,3131
2026-09-28T15:12:14Z,DEV-WS-18,ACME\\rlee,cmd.exe,explorer.exe,routine developer activity,3132
2026-09-28T15:13:15Z,BUILD-02,ACME\\svc_build,msbuild.exe,explorer.exe,routine developer activity,3133
2026-09-28T15:14:16Z,DEV-WS-03,ACME\\svc_build,cmd.exe,explorer.exe,routine developer activity,3134
2026-09-28T15:15:17Z,DEV-WS-03,ACME\\rlee,python.exe,explorer.exe,routine developer activity,3135
2026-09-28T15:16:18Z,FILE-DEV-03,ACME\\jpatel,python.exe,explorer.exe,routine developer activity,3136
2026-09-28T15:17:19Z,DEV-WS-18,ACME\\rlee,python.exe,explorer.exe,routine developer activity,3137
2026-09-28T15:18:20Z,DEV-WS-03,ACME\\rlee,python.exe,explorer.exe,routine developer activity,3138
2026-09-28T15:19:21Z,DEV-WS-12,ACME\\jpatel,code.exe,explorer.exe,routine developer activity,3139
2026-09-28T15:20:22Z,FILE-DEV-03,ACME\\svc_build,code.exe,explorer.exe,routine developer activity,3140
2026-09-28T15:21:23Z,DEV-WS-07,ACME\\svc_build,git.exe,explorer.exe,routine developer activity,3141
2026-09-28T15:22:24Z,DEV-WS-07,ACME\\svc_build,code.exe,explorer.exe,routine developer activity,3142
2026-09-28T15:23:25Z,DEV-WS-18,ACME\\svc_build,chrome.exe,explorer.exe,routine developer activity,3143
2026-09-28T15:24:26Z,DEV-WS-18,ACME\\jpatel,git.exe,explorer.exe,routine developer activity,3144
2026-09-28T15:25:27Z,FILE-DEV-03,ACME\\jpatel,python.exe,explorer.exe,routine developer activity,3145
2026-09-28T15:26:28Z,DEV-WS-03,ACME\\svc_build,msbuild.exe,explorer.exe,routine developer activity,3146
2026-09-28T15:27:29Z,BUILD-02,ACME\\svc_build,msbuild.exe,explorer.exe,routine developer activity,3147
2026-09-28T15:28:30Z,DEV-WS-03,ACME\\jpatel,git.exe,explorer.exe,routine developer activity,3148
2026-09-28T15:29:31Z,FILE-DEV-03,ACME\\jpatel,code.exe,explorer.exe,routine developer activity,3149
2026-09-28T15:30:32Z,DEV-WS-07,ACME\\svc_build,powershell.exe,explorer.exe,routine developer activity,3150
2026-09-28T15:31:33Z,DEV-WS-03,ACME\\rlee,chrome.exe,explorer.exe,routine developer activity,3151
2026-09-28T15:32:34Z,DEV-WS-07,ACME\\rlee,python.exe,explorer.exe,routine developer activity,3152
2026-09-28T15:33:35Z,DEV-WS-07,ACME\\svc_build,git.exe,explorer.exe,routine developer activity,3153
2026-09-28T15:34:36Z,FILE-DEV-03,ACME\\jpatel,git.exe,explorer.exe,routine developer activity,3154
2026-09-28T15:35:37Z,DEV-WS-18,ACME\\jpatel,git.exe,explorer.exe,routine developer activity,3155
2026-09-28T15:36:38Z,DEV-WS-03,ACME\\rlee,msbuild.exe,explorer.exe,routine developer activity,3156
2026-09-28T15:37:39Z,FILE-DEV-03,ACME\\svc_build,chrome.exe,explorer.exe,routine developer activity,3157
2026-09-28T15:38:40Z,DEV-WS-03,ACME\\svc_build,git.exe,explorer.exe,routine developer activity,3158
2026-09-28T15:39:41Z,BUILD-02,ACME\\svc_build,cmd.exe,explorer.exe,routine developer activity,3159
2026-09-28T15:40:42Z,DEV-WS-03,ACME\\rlee,powershell.exe,explorer.exe,routine developer activity,3160
2026-09-28T15:41:43Z,DEV-WS-18,ACME\\rlee,powershell.exe,explorer.exe,routine developer activity,3161
2026-09-28T15:42:44Z,FILE-DEV-03,ACME\\jpatel,code.exe,explorer.exe,routine developer activity,3162
2026-09-28T15:43:45Z,FILE-DEV-03,ACME\\jpatel,msbuild.exe,explorer.exe,routine developer activity,3163
2026-09-28T15:44:46Z,DEV-WS-12,ACME\\svc_build,python.exe,explorer.exe,routine developer activity,3164
2026-09-28T15:45:47Z,DEV-WS-03,ACME\\rlee,python.exe,explorer.exe,routine developer activity,3165
2026-09-28T15:46:48Z,DEV-WS-12,ACME\\svc_build,msbuild.exe,explorer.exe,routine developer activity,3166
2026-09-28T15:47:49Z,BUILD-02,ACME\\svc_build,python.exe,explorer.exe,routine developer activity,3167
2026-09-28T15:48:50Z,DEV-WS-18,ACME\\svc_build,msbuild.exe,explorer.exe,routine developer activity,3168
2026-09-28T15:49:51Z,DEV-WS-12,ACME\\svc_build,chrome.exe,explorer.exe,routine developer activity,3169
2026-09-28T15:50:52Z,DEV-WS-07,ACME\\jpatel,chrome.exe,explorer.exe,routine developer activity,3170
2026-09-28T15:51:53Z,BUILD-02,ACME\\jpatel,msbuild.exe,explorer.exe,routine developer activity,3171
2026-09-28T15:52:54Z,FILE-DEV-03,ACME\\svc_build,python.exe,explorer.exe,routine developer activity,3172
2026-09-28T15:53:55Z,DEV-WS-07,ACME\\svc_build,chrome.exe,explorer.exe,routine developer activity,3173
2026-09-28T15:54:56Z,DEV-WS-03,ACME\\rlee,chrome.exe,explorer.exe,routine developer activity,3174
2026-09-28T15:55:57Z,DEV-WS-07,ACME\\rlee,cmd.exe,explorer.exe,routine developer activity,3175
2026-09-28T15:56:58Z,DEV-WS-12,ACME\\rlee,code.exe,explorer.exe,routine developer activity,3176
2026-09-28T15:57:00Z,DEV-WS-12,ACME\\svc_build,python.exe,explorer.exe,routine developer activity,3177
2026-09-28T15:58:01Z,DEV-WS-18,ACME\\rlee,python.exe,explorer.exe,routine developer activity,3178
2026-09-28T15:59:02Z,DEV-WS-07,ACME\\svc_build,code.exe,explorer.exe,routine developer activity,3179
2026-09-28T16:00:03Z,DEV-WS-18,ACME\\svc_build,git.exe,explorer.exe,routine developer activity,3180
2026-09-28T16:01:04Z,FILE-DEV-03,ACME\\jpatel,python.exe,explorer.exe,routine developer activity,3181
2026-09-28T16:02:05Z,DEV-WS-18,ACME\\jpatel,chrome.exe,explorer.exe,routine developer activity,3182
2026-09-28T16:03:06Z,BUILD-02,ACME\\jpatel,powershell.exe,explorer.exe,routine developer activity,3183
2026-09-28T16:04:07Z,BUILD-02,ACME\\svc_build,powershell.exe,explorer.exe,routine developer activity,3184
2026-09-28T16:05:08Z,FILE-DEV-03,ACME\\rlee,msbuild.exe,explorer.exe,routine developer activity,3185
2026-09-28T16:06:09Z,DEV-WS-03,ACME\\svc_build,code.exe,explorer.exe,routine developer activity,3186
2026-09-28T16:07:10Z,DEV-WS-18,ACME\\jpatel,powershell.exe,explorer.exe,routine developer activity,3187
2026-09-28T16:08:11Z,DEV-WS-03,ACME\\svc_build,git.exe,explorer.exe,routine developer activity,3188
2026-09-28T16:09:12Z,DEV-WS-07,ACME\\rlee,msbuild.exe,explorer.exe,routine developer activity,3189
2026-09-28T16:10:13Z,BUILD-02,ACME\\rlee,msbuild.exe,explorer.exe,routine developer activity,3190
2026-09-28T16:11:14Z,DEV-WS-03,ACME\\rlee,git.exe,explorer.exe,routine developer activity,3191
2026-09-28T16:12:15Z,DEV-WS-07,ACME\\jpatel,cmd.exe,explorer.exe,routine developer activity,3192
2026-09-28T16:13:16Z,DEV-WS-03,ACME\\jpatel,git.exe,explorer.exe,routine developer activity,3193
2026-09-28T16:14:17Z,BUILD-02,ACME\\jpatel,msbuild.exe,explorer.exe,routine developer activity,3194
2026-09-28T16:15:18Z,DEV-WS-18,ACME\\svc_build,python.exe,explorer.exe,routine developer activity,3195
2026-09-28T16:16:19Z,FILE-DEV-03,ACME\\rlee,git.exe,explorer.exe,routine developer activity,3196
2026-09-28T16:17:20Z,DEV-WS-12,ACME\\svc_build,powershell.exe,explorer.exe,routine developer activity,3197
2026-09-28T16:18:21Z,DEV-WS-18,ACME\\rlee,msbuild.exe,explorer.exe,routine developer activity,3198
2026-09-28T16:19:22Z,DEV-WS-03,ACME\\svc_build,cmd.exe,explorer.exe,routine developer activity,3199
2026-09-28T16:20:23Z,DEV-WS-18,ACME\\svc_build,cmd.exe,explorer.exe,routine developer activity,3200
2026-09-28T16:21:24Z,DEV-WS-12,ACME\\svc_build,git.exe,explorer.exe,routine developer activity,3201
2026-09-28T16:22:25Z,DEV-WS-03,ACME\\jpatel,chrome.exe,explorer.exe,routine developer activity,3202
2026-09-28T16:23:26Z,DEV-WS-18,ACME\\jpatel,chrome.exe,explorer.exe,routine developer activity,3203
2026-09-28T16:24:27Z,DEV-WS-18,ACME\\svc_build,code.exe,explorer.exe,routine developer activity,3204
2026-09-28T16:25:28Z,DEV-WS-12,ACME\\jpatel,git.exe,explorer.exe,routine developer activity,3205
2026-09-28T16:26:29Z,DEV-WS-07,ACME\\svc_build,msbuild.exe,explorer.exe,routine developer activity,3206
2026-09-28T16:27:30Z,BUILD-02,ACME\\rlee,powershell.exe,explorer.exe,routine developer activity,3207
2026-09-28T16:28:31Z,DEV-WS-18,ACME\\svc_build,msbuild.exe,explorer.exe,routine developer activity,3208
2026-09-28T16:29:32Z,DEV-WS-03,ACME\\rlee,powershell.exe,explorer.exe,routine developer activity,3209
2026-09-28T16:30:33Z,DEV-WS-07,ACME\\jpatel,git.exe,explorer.exe,routine developer activity,3210
2026-09-28T16:31:34Z,FILE-DEV-03,ACME\\rlee,code.exe,explorer.exe,routine developer activity,3211
2026-09-28T16:32:35Z,DEV-WS-03,ACME\\jpatel,msbuild.exe,explorer.exe,routine developer activity,3212
2026-09-28T16:33:36Z,DEV-WS-03,ACME\\rlee,python.exe,explorer.exe,routine developer activity,3213
2026-09-28T16:34:37Z,DEV-WS-03,ACME\\svc_build,msbuild.exe,explorer.exe,routine developer activity,3214
2026-09-28T16:35:38Z,DEV-WS-18,ACME\\rlee,chrome.exe,explorer.exe,routine developer activity,3215
2026-09-28T16:36:39Z,BUILD-02,ACME\\jpatel,code.exe,explorer.exe,routine developer activity,3216
2026-09-28T16:37:40Z,FILE-DEV-03,ACME\\svc_build,python.exe,explorer.exe,routine developer activity,3217
2026-09-28T16:38:41Z,DEV-WS-03,ACME\\jpatel,git.exe,explorer.exe,routine developer activity,3218
2026-09-28T16:39:42Z,DEV-WS-07,ACME\\rlee,powershell.exe,explorer.exe,routine developer activity,3219
2026-09-28T14:05:00Z,DEV-WS-12,ACME\jpatel,powershell.exe,explorer.exe,powershell.exe -NoP -W Hidden -File C:\Users\jpatel\AppData\Local\Temp\diag.ps1,6124
2026-09-28T14:06:00Z,DEV-WS-12,ACME\jpatel,rundll32.exe,powershell.exe,"rundll32.exe C:\Windows\System32\comsvcs.dll, MiniDump 744 C:\ProgramData\Diag\lsass.dmp full",6210
2026-09-28T14:09:00Z,DEV-WS-12,ACME\jpatel,powershell.exe,powershell.exe,Compress-Archive C:\ProgramData\Diag\lsass.dmp C:\ProgramData\Diag\diag-0928.zip,6288
2026-09-28T16:43:46Z,DEV-WS-12,ACME\\rlee,chrome.exe,explorer.exe,routine developer activity,3223
2026-09-28T16:44:47Z,DEV-WS-18,ACME\\rlee,cmd.exe,explorer.exe,routine developer activity,3224
2026-09-28T16:45:48Z,DEV-WS-07,ACME\\svc_build,msbuild.exe,explorer.exe,routine developer activity,3225
2026-09-28T16:46:49Z,FILE-DEV-03,ACME\\rlee,msbuild.exe,explorer.exe,routine developer activity,3226
2026-09-28T16:47:50Z,DEV-WS-18,ACME\\rlee,cmd.exe,explorer.exe,routine developer activity,3227
2026-09-28T16:48:51Z,DEV-WS-18,ACME\\rlee,python.exe,explorer.exe,routine developer activity,3228
2026-09-28T16:49:52Z,DEV-WS-18,ACME\\jpatel,code.exe,explorer.exe,routine developer activity,3229
2026-09-28T16:50:53Z,DEV-WS-12,ACME\\jpatel,cmd.exe,explorer.exe,routine developer activity,3230
2026-09-28T16:51:54Z,DEV-WS-07,ACME\\svc_build,code.exe,explorer.exe,routine developer activity,3231
2026-09-28T16:52:55Z,FILE-DEV-03,ACME\\svc_build,code.exe,explorer.exe,routine developer activity,3232
2026-09-28T16:53:56Z,DEV-WS-07,ACME\\svc_build,python.exe,explorer.exe,routine developer activity,3233
2026-09-28T16:54:57Z,DEV-WS-03,ACME\\rlee,git.exe,explorer.exe,routine developer activity,3234
2026-09-28T16:55:58Z,DEV-WS-12,ACME\\rlee,powershell.exe,explorer.exe,routine developer activity,3235
2026-09-28T16:56:00Z,DEV-WS-03,ACME\\jpatel,python.exe,explorer.exe,routine developer activity,3236
2026-09-28T16:57:01Z,DEV-WS-18,ACME\\rlee,msbuild.exe,explorer.exe,routine developer activity,3237
2026-09-28T16:58:02Z,DEV-WS-18,ACME\\svc_build,chrome.exe,explorer.exe,routine developer activity,3238
2026-09-28T16:59:03Z,DEV-WS-03,ACME\\svc_build,chrome.exe,explorer.exe,routine developer activity,3239
2026-09-28T13:00:04Z,DEV-WS-18,ACME\\rlee,git.exe,explorer.exe,routine developer activity,3240
2026-09-28T13:01:05Z,FILE-DEV-03,ACME\\svc_build,chrome.exe,explorer.exe,routine developer activity,3241
2026-09-28T13:02:06Z,DEV-WS-07,ACME\\rlee,msbuild.exe,explorer.exe,routine developer activity,3242
2026-09-28T13:03:07Z,DEV-WS-12,ACME\\jpatel,code.exe,explorer.exe,routine developer activity,3243
2026-09-28T13:04:08Z,DEV-WS-03,ACME\\svc_build,powershell.exe,explorer.exe,routine developer activity,3244
2026-09-28T13:05:09Z,DEV-WS-18,ACME\\jpatel,chrome.exe,explorer.exe,routine developer activity,3245
2026-09-28T13:06:10Z,DEV-WS-18,ACME\\rlee,msbuild.exe,explorer.exe,routine developer activity,3246
2026-09-28T13:07:11Z,FILE-DEV-03,ACME\\svc_build,msbuild.exe,explorer.exe,routine developer activity,3247
2026-09-28T13:08:12Z,BUILD-02,ACME\\jpatel,powershell.exe,explorer.exe,routine developer activity,3248
2026-09-28T13:09:13Z,DEV-WS-18,ACME\\rlee,msbuild.exe,explorer.exe,routine developer activity,3249
2026-09-28T13:10:14Z,DEV-WS-18,ACME\\rlee,msbuild.exe,explorer.exe,routine developer activity,3250
2026-09-28T13:11:15Z,DEV-WS-12,ACME\\svc_build,code.exe,explorer.exe,routine developer activity,3251
2026-09-28T13:12:16Z,DEV-WS-18,ACME\\svc_build,python.exe,explorer.exe,routine developer activity,3252
2026-09-28T13:13:17Z,FILE-DEV-03,ACME\\jpatel,msbuild.exe,explorer.exe,routine developer activity,3253
2026-09-28T13:14:18Z,BUILD-02,ACME\\jpatel,powershell.exe,explorer.exe,routine developer activity,3254
2026-09-28T13:15:19Z,DEV-WS-03,ACME\\svc_build,chrome.exe,explorer.exe,routine developer activity,3255
2026-09-28T13:16:20Z,DEV-WS-18,ACME\\rlee,powershell.exe,explorer.exe,routine developer activity,3256
2026-09-28T13:17:21Z,FILE-DEV-03,ACME\\rlee,chrome.exe,explorer.exe,routine developer activity,3257
2026-09-28T13:18:22Z,FILE-DEV-03,ACME\\svc_build,powershell.exe,explorer.exe,routine developer activity,3258
2026-09-28T13:19:23Z,DEV-WS-12,ACME\\rlee,cmd.exe,explorer.exe,routine developer activity,3259
2026-09-28T13:20:24Z,DEV-WS-07,ACME\\rlee,python.exe,explorer.exe,routine developer activity,3260
2026-09-28T13:21:25Z,DEV-WS-18,ACME\\jpatel,msbuild.exe,explorer.exe,routine developer activity,3261
2026-09-28T13:22:26Z,BUILD-02,ACME\\svc_build,code.exe,explorer.exe,routine developer activity,3262
2026-09-28T13:23:27Z,BUILD-02,ACME\\rlee,msbuild.exe,explorer.exe,routine developer activity,3263
2026-09-28T13:24:28Z,DEV-WS-07,ACME\\jpatel,code.exe,explorer.exe,routine developer activity,3264
2026-09-28T13:25:29Z,DEV-WS-12,ACME\\svc_build,powershell.exe,explorer.exe,routine developer activity,3265
2026-09-28T13:26:30Z,DEV-WS-07,ACME\\rlee,chrome.exe,explorer.exe,routine developer activity,3266
2026-09-28T13:27:31Z,DEV-WS-18,ACME\\jpatel,powershell.exe,explorer.exe,routine developer activity,3267
2026-09-28T13:28:32Z,DEV-WS-12,ACME\\rlee,python.exe,explorer.exe,routine developer activity,3268
2026-09-28T13:29:33Z,BUILD-02,ACME\\svc_build,powershell.exe,explorer.exe,routine developer activity,3269
2026-09-28T13:30:34Z,FILE-DEV-03,ACME\\jpatel,powershell.exe,explorer.exe,routine developer activity,3270
2026-09-28T13:31:35Z,DEV-WS-12,ACME\\rlee,code.exe,explorer.exe,routine developer activity,3271
2026-09-28T13:32:36Z,BUILD-02,ACME\\jpatel,python.exe,explorer.exe,routine developer activity,3272
2026-09-28T13:33:37Z,DEV-WS-07,ACME\\svc_build,code.exe,explorer.exe,routine developer activity,3273
2026-09-28T13:34:38Z,FILE-DEV-03,ACME\\svc_build,code.exe,explorer.exe,routine developer activity,3274
2026-09-28T13:35:39Z,DEV-WS-12,ACME\\rlee,msbuild.exe,explorer.exe,routine developer activity,3275
2026-09-28T13:36:40Z,DEV-WS-12,ACME\\svc_build,powershell.exe,explorer.exe,routine developer activity,3276
2026-09-28T13:37:41Z,BUILD-02,ACME\\rlee,msbuild.exe,explorer.exe,routine developer activity,3277
2026-09-28T13:38:42Z,DEV-WS-12,ACME\\rlee,powershell.exe,explorer.exe,routine developer activity,3278
2026-09-28T13:39:43Z,FILE-DEV-03,ACME\\rlee,powershell.exe,explorer.exe,routine developer activity,3279
2026-09-28T13:40:44Z,DEV-WS-12,ACME\\jpatel,code.exe,explorer.exe,routine developer activity,3280
2026-09-28T13:41:45Z,BUILD-02,ACME\\svc_build,cmd.exe,explorer.exe,routine developer activity,3281
2026-09-28T13:42:46Z,BUILD-02,ACME\\rlee,msbuild.exe,explorer.exe,routine developer activity,3282
2026-09-28T13:43:47Z,DEV-WS-12,ACME\\jpatel,git.exe,explorer.exe,routine developer activity,3283
2026-09-28T13:44:48Z,DEV-WS-07,ACME\\rlee,msbuild.exe,explorer.exe,routine developer activity,3284
2026-09-28T13:45:49Z,DEV-WS-03,ACME\\rlee,code.exe,explorer.exe,routine developer activity,3285
2026-09-28T13:46:50Z,FILE-DEV-03,ACME\\rlee,chrome.exe,explorer.exe,routine developer activity,3286
2026-09-28T13:47:51Z,DEV-WS-07,ACME\\rlee,code.exe,explorer.exe,routine developer activity,3287
2026-09-28T13:48:52Z,FILE-DEV-03,ACME\\svc_build,python.exe,explorer.exe,routine developer activity,3288
2026-09-28T13:49:53Z,DEV-WS-07,ACME\\svc_build,msbuild.exe,explorer.exe,routine developer activity,3289
2026-09-28T13:50:54Z,FILE-DEV-03,ACME\\rlee,msbuild.exe,explorer.exe,routine developer activity,3290
2026-09-28T13:51:55Z,DEV-WS-18,ACME\\rlee,cmd.exe,explorer.exe,routine developer activity,3291
2026-09-28T13:52:56Z,BUILD-02,ACME\\jpatel,chrome.exe,explorer.exe,routine developer activity,3292
2026-09-28T13:53:57Z,DEV-WS-03,ACME\\rlee,code.exe,explorer.exe,routine developer activity,3293
2026-09-28T13:54:58Z,BUILD-02,ACME\\rlee,git.exe,explorer.exe,routine developer activity,3294
2026-09-28T13:55:00Z,FILE-DEV-03,ACME\\jpatel,msbuild.exe,explorer.exe,routine developer activity,3295
2026-09-28T13:56:01Z,FILE-DEV-03,ACME\\jpatel,powershell.exe,explorer.exe,routine developer activity,3296
2026-09-28T13:57:02Z,DEV-WS-18,ACME\\svc_build,msbuild.exe,explorer.exe,routine developer activity,3297
2026-09-28T13:58:03Z,DEV-WS-12,ACME\\rlee,git.exe,explorer.exe,routine developer activity,3298
2026-09-28T13:59:04Z,DEV-WS-12,ACME\\rlee,cmd.exe,explorer.exe,routine developer activity,3299
2026-09-28T14:00:05Z,DEV-WS-12,ACME\\rlee,python.exe,explorer.exe,routine developer activity,3300
2026-09-28T14:01:06Z,DEV-WS-07,ACME\\jpatel,git.exe,explorer.exe,routine developer activity,3301
2026-09-28T14:02:07Z,BUILD-02,ACME\\jpatel,msbuild.exe,explorer.exe,routine developer activity,3302
2026-09-28T14:03:08Z,FILE-DEV-03,ACME\\jpatel,code.exe,explorer.exe,routine developer activity,3303
2026-09-28T14:04:09Z,DEV-WS-12,ACME\\jpatel,code.exe,explorer.exe,routine developer activity,3304
2026-09-28T14:05:10Z,DEV-WS-12,ACME\\rlee,code.exe,explorer.exe,routine developer activity,3305
2026-09-28T14:06:11Z,FILE-DEV-03,ACME\\rlee,python.exe,explorer.exe,routine developer activity,3306
2026-09-28T14:07:12Z,DEV-WS-18,ACME\\jpatel,cmd.exe,explorer.exe,routine developer activity,3307
2026-09-28T14:08:13Z,DEV-WS-03,ACME\\svc_build,powershell.exe,explorer.exe,routine developer activity,3308
2026-09-28T14:09:14Z,DEV-WS-12,ACME\\jpatel,chrome.exe,explorer.exe,routine developer activity,3309
2026-09-28T14:10:15Z,DEV-WS-18,ACME\\svc_build,git.exe,explorer.exe,routine developer activity,3310
2026-09-28T14:11:16Z,DEV-WS-18,ACME\\jpatel,python.exe,explorer.exe,routine developer activity,3311
2026-09-28T14:12:17Z,FILE-DEV-03,ACME\\svc_build,git.exe,explorer.exe,routine developer activity,3312
2026-09-28T14:13:18Z,DEV-WS-07,ACME\\jpatel,code.exe,explorer.exe,routine developer activity,3313
2026-09-28T14:14:19Z,FILE-DEV-03,ACME\\rlee,msbuild.exe,explorer.exe,routine developer activity,3314
2026-09-28T14:15:20Z,FILE-DEV-03,ACME\\jpatel,msbuild.exe,explorer.exe,routine developer activity,3315
2026-09-28T14:16:21Z,BUILD-02,ACME\\jpatel,powershell.exe,explorer.exe,routine developer activity,3316
2026-09-28T14:17:22Z,DEV-WS-18,ACME\\jpatel,msbuild.exe,explorer.exe,routine developer activity,3317
2026-09-28T14:18:23Z,FILE-DEV-03,ACME\\rlee,git.exe,explorer.exe,routine developer activity,3318
2026-09-28T14:19:24Z,BUILD-02,ACME\\jpatel,chrome.exe,explorer.exe,routine developer activity,3319
2026-09-28T14:20:25Z,DEV-WS-12,ACME\\rlee,chrome.exe,explorer.exe,routine developer activity,3320
2026-09-28T14:21:26Z,DEV-WS-03,ACME\\jpatel,chrome.exe,explorer.exe,routine developer activity,3321
2026-09-28T14:22:27Z,DEV-WS-03,ACME\\jpatel,code.exe,explorer.exe,routine developer activity,3322
2026-09-28T14:23:28Z,DEV-WS-07,ACME\\svc_build,chrome.exe,explorer.exe,routine developer activity,3323
2026-09-28T14:24:29Z,BUILD-02,ACME\\jpatel,cmd.exe,explorer.exe,routine developer activity,3324
2026-09-28T14:25:30Z,BUILD-02,ACME\\jpatel,msbuild.exe,explorer.exe,routine developer activity,3325
2026-09-28T14:26:31Z,DEV-WS-18,ACME\\rlee,chrome.exe,explorer.exe,routine developer activity,3326
2026-09-28T14:27:32Z,DEV-WS-03,ACME\\rlee,msbuild.exe,explorer.exe,routine developer activity,3327
2026-09-28T14:28:33Z,BUILD-02,ACME\\rlee,powershell.exe,explorer.exe,routine developer activity,3328
2026-09-28T14:29:34Z,DEV-WS-03,ACME\\rlee,msbuild.exe,explorer.exe,routine developer activity,3329
2026-09-28T14:30:35Z,BUILD-02,ACME\\svc_build,git.exe,explorer.exe,routine developer activity,3330
2026-09-28T14:31:36Z,DEV-WS-07,ACME\\rlee,python.exe,explorer.exe,routine developer activity,3331
2026-09-28T14:32:37Z,DEV-WS-12,ACME\\rlee,chrome.exe,explorer.exe,routine developer activity,3332
2026-09-28T14:33:38Z,DEV-WS-18,ACME\\jpatel,cmd.exe,explorer.exe,routine developer activity,3333
2026-09-28T14:34:39Z,FILE-DEV-03,ACME\\jpatel,msbuild.exe,explorer.exe,routine developer activity,3334
2026-09-28T14:35:40Z,BUILD-02,ACME\\rlee,git.exe,explorer.exe,routine developer activity,3335
2026-09-28T14:36:41Z,FILE-DEV-03,ACME\\rlee,msbuild.exe,explorer.exe,routine developer activity,3336
2026-09-28T14:37:42Z,BUILD-02,ACME\\jpatel,cmd.exe,explorer.exe,routine developer activity,3337
2026-09-28T14:38:43Z,DEV-WS-07,ACME\\jpatel,cmd.exe,explorer.exe,routine developer activity,3338
2026-09-28T14:39:44Z,DEV-WS-12,ACME\\rlee,python.exe,explorer.exe,routine developer activity,3339
2026-09-28T14:40:45Z,DEV-WS-03,ACME\\rlee,python.exe,explorer.exe,routine developer activity,3340
2026-09-28T14:41:46Z,BUILD-02,ACME\\svc_build,powershell.exe,explorer.exe,routine developer activity,3341
2026-09-28T14:42:47Z,DEV-WS-18,ACME\\svc_build,chrome.exe,explorer.exe,routine developer activity,3342
2026-09-28T14:43:48Z,DEV-WS-12,ACME\\svc_build,python.exe,explorer.exe,routine developer activity,3343
2026-09-28T14:44:49Z,BUILD-02,ACME\\rlee,chrome.exe,explorer.exe,routine developer activity,3344
2026-09-28T14:45:50Z,FILE-DEV-03,ACME\\svc_build,powershell.exe,explorer.exe,routine developer activity,3345
2026-09-28T14:46:51Z,DEV-WS-12,ACME\\rlee,chrome.exe,explorer.exe,routine developer activity,3346
2026-09-28T14:47:52Z,DEV-WS-12,ACME\\svc_build,code.exe,explorer.exe,routine developer activity,3347
2026-09-28T14:48:53Z,FILE-DEV-03,ACME\\rlee,git.exe,explorer.exe,routine developer activity,3348
2026-09-28T14:49:54Z,DEV-WS-18,ACME\\jpatel,python.exe,explorer.exe,routine developer activity,3349
2026-09-28T14:50:55Z,DEV-WS-03,ACME\\jpatel,powershell.exe,explorer.exe,routine developer activity,3350
2026-09-28T14:51:56Z,DEV-WS-18,ACME\\rlee,git.exe,explorer.exe,routine developer activity,3351
2026-09-28T14:52:57Z,DEV-WS-03,ACME\\jpatel,code.exe,explorer.exe,routine developer activity,3352
2026-09-28T14:53:58Z,DEV-WS-18,ACME\\rlee,chrome.exe,explorer.exe,routine developer activity,3353
2026-09-28T14:54:00Z,FILE-DEV-03,ACME\\svc_build,python.exe,explorer.exe,routine developer activity,3354
2026-09-28T14:55:01Z,DEV-WS-18,ACME\\jpatel,powershell.exe,explorer.exe,routine developer activity,3355
2026-09-28T14:56:02Z,DEV-WS-03,ACME\\rlee,powershell.exe,explorer.exe,routine developer activity,3356
2026-09-28T14:57:03Z,DEV-WS-03,ACME\\rlee,python.exe,explorer.exe,routine developer activity,3357
2026-09-28T14:58:04Z,BUILD-02,ACME\\svc_build,msbuild.exe,explorer.exe,routine developer activity,3358
2026-09-28T14:59:05Z,FILE-DEV-03,ACME\\jpatel,msbuild.exe,explorer.exe,routine developer activity,3359
2026-09-28T15:00:06Z,BUILD-02,ACME\\svc_build,powershell.exe,explorer.exe,routine developer activity,3360
2026-09-28T15:01:07Z,DEV-WS-03,ACME\\rlee,python.exe,explorer.exe,routine developer activity,3361
2026-09-28T15:02:08Z,DEV-WS-07,ACME\\svc_build,msbuild.exe,explorer.exe,routine developer activity,3362
2026-09-28T15:03:09Z,BUILD-02,ACME\\svc_build,chrome.exe,explorer.exe,routine developer activity,3363
2026-09-28T15:04:10Z,DEV-WS-07,ACME\\jpatel,cmd.exe,explorer.exe,routine developer activity,3364
2026-09-28T15:05:11Z,BUILD-02,ACME\\svc_build,git.exe,explorer.exe,routine developer activity,3365
2026-09-28T15:06:12Z,BUILD-02,ACME\\svc_build,git.exe,explorer.exe,routine developer activity,3366
2026-09-28T15:07:13Z,DEV-WS-07,ACME\\rlee,python.exe,explorer.exe,routine developer activity,3367
2026-09-28T15:08:14Z,FILE-DEV-03,ACME\\rlee,powershell.exe,explorer.exe,routine developer activity,3368
2026-09-28T15:09:15Z,DEV-WS-18,ACME\\jpatel,git.exe,explorer.exe,routine developer activity,3369
2026-09-28T15:10:16Z,BUILD-02,ACME\\jpatel,powershell.exe,explorer.exe,routine developer activity,3370
2026-09-28T15:11:17Z,BUILD-02,ACME\\svc_build,chrome.exe,explorer.exe,routine developer activity,3371
2026-09-28T15:12:18Z,DEV-WS-12,ACME\\svc_build,git.exe,explorer.exe,routine developer activity,3372
2026-09-28T15:13:19Z,FILE-DEV-03,ACME\\jpatel,code.exe,explorer.exe,routine developer activity,3373
2026-09-28T15:14:20Z,DEV-WS-07,ACME\\rlee,code.exe,explorer.exe,routine developer activity,3374
2026-09-28T15:15:21Z,DEV-WS-12,ACME\\jpatel,chrome.exe,explorer.exe,routine developer activity,3375
2026-09-28T15:16:22Z,FILE-DEV-03,ACME\\rlee,cmd.exe,explorer.exe,routine developer activity,3376
2026-09-28T15:17:23Z,BUILD-02,ACME\\rlee,msbuild.exe,explorer.exe,routine developer activity,3377
2026-09-28T15:18:24Z,BUILD-02,ACME\\rlee,cmd.exe,explorer.exe,routine developer activity,3378
2026-09-28T15:19:25Z,FILE-DEV-03,ACME\\jpatel,cmd.exe,explorer.exe,routine developer activity,3379
2026-09-28T15:20:26Z,FILE-DEV-03,ACME\\rlee,code.exe,explorer.exe,routine developer activity,3380
2026-09-28T15:21:27Z,DEV-WS-18,ACME\\svc_build,powershell.exe,explorer.exe,routine developer activity,3381
2026-09-28T15:22:28Z,DEV-WS-03,ACME\\rlee,msbuild.exe,explorer.exe,routine developer activity,3382
2026-09-28T15:23:29Z,DEV-WS-12,ACME\\svc_build,powershell.exe,explorer.exe,routine developer activity,3383
2026-09-28T15:24:30Z,BUILD-02,ACME\\jpatel,python.exe,explorer.exe,routine developer activity,3384
2026-09-28T15:25:31Z,DEV-WS-12,ACME\\rlee,powershell.exe,explorer.exe,routine developer activity,3385
2026-09-28T15:26:32Z,DEV-WS-12,ACME\\svc_build,powershell.exe,explorer.exe,routine developer activity,3386
2026-09-28T15:27:33Z,DEV-WS-07,ACME\\jpatel,msbuild.exe,explorer.exe,routine developer activity,3387
2026-09-28T15:28:34Z,DEV-WS-12,ACME\\svc_build,powershell.exe,explorer.exe,routine developer activity,3388
2026-09-28T15:29:35Z,DEV-WS-18,ACME\\svc_build,git.exe,explorer.exe,routine developer activity,3389
2026-09-28T15:30:36Z,DEV-WS-07,ACME\\svc_build,msbuild.exe,explorer.exe,routine developer activity,3390
2026-09-28T15:31:37Z,FILE-DEV-03,ACME\\jpatel,chrome.exe,explorer.exe,routine developer activity,3391
2026-09-28T15:32:38Z,DEV-WS-12,ACME\\rlee,python.exe,explorer.exe,routine developer activity,3392
2026-09-28T15:33:39Z,DEV-WS-18,ACME\\jpatel,powershell.exe,explorer.exe,routine developer activity,3393
2026-09-28T15:34:40Z,BUILD-02,ACME\\svc_build,python.exe,explorer.exe,routine developer activity,3394
2026-09-28T15:35:41Z,DEV-WS-03,ACME\\svc_build,code.exe,explorer.exe,routine developer activity,3395
2026-09-28T15:36:42Z,FILE-DEV-03,ACME\\jpatel,msbuild.exe,explorer.exe,routine developer activity,3396
2026-09-28T15:37:43Z,BUILD-02,ACME\\rlee,cmd.exe,explorer.exe,routine developer activity,3397
2026-09-28T15:38:44Z,DEV-WS-07,ACME\\svc_build,code.exe,explorer.exe,routine developer activity,3398
2026-09-28T15:39:45Z,DEV-WS-18,ACME\\svc_build,cmd.exe,explorer.exe,routine developer activity,3399
2026-09-28T15:40:46Z,DEV-WS-12,ACME\\svc_build,python.exe,explorer.exe,routine developer activity,3400
2026-09-28T15:41:47Z,DEV-WS-07,ACME\\rlee,chrome.exe,explorer.exe,routine developer activity,3401
2026-09-28T15:42:48Z,DEV-WS-07,ACME\\svc_build,msbuild.exe,explorer.exe,routine developer activity,3402
2026-09-28T15:43:49Z,DEV-WS-12,ACME\\svc_build,powershell.exe,explorer.exe,routine developer activity,3403
2026-09-28T15:44:50Z,FILE-DEV-03,ACME\\rlee,code.exe,explorer.exe,routine developer activity,3404
2026-09-28T15:45:51Z,DEV-WS-18,ACME\\jpatel,cmd.exe,explorer.exe,routine developer activity,3405
2026-09-28T15:46:52Z,DEV-WS-12,ACME\\jpatel,msbuild.exe,explorer.exe,routine developer activity,3406
2026-09-28T15:47:53Z,DEV-WS-07,ACME\\jpatel,git.exe,explorer.exe,routine developer activity,3407
2026-09-28T15:48:54Z,BUILD-02,ACME\\rlee,chrome.exe,explorer.exe,routine developer activity,3408
2026-09-28T15:49:55Z,DEV-WS-12,ACME\\rlee,powershell.exe,explorer.exe,routine developer activity,3409
2026-09-28T15:50:56Z,DEV-WS-12,ACME\\jpatel,code.exe,explorer.exe,routine developer activity,3410
2026-09-28T15:51:57Z,FILE-DEV-03,ACME\\jpatel,chrome.exe,explorer.exe,routine developer activity,3411
2026-09-28T15:52:58Z,FILE-DEV-03,ACME\\jpatel,git.exe,explorer.exe,routine developer activity,3412
2026-09-28T15:53:00Z,FILE-DEV-03,ACME\\rlee,git.exe,explorer.exe,routine developer activity,3413
2026-09-28T15:54:01Z,DEV-WS-03,ACME\\rlee,msbuild.exe,explorer.exe,routine developer activity,3414
2026-09-28T15:55:02Z,BUILD-02,ACME\\jpatel,msbuild.exe,explorer.exe,routine developer activity,3415
2026-09-28T15:56:03Z,DEV-WS-12,ACME\\rlee,msbuild.exe,explorer.exe,routine developer activity,3416
2026-09-28T15:57:04Z,BUILD-02,ACME\\jpatel,python.exe,explorer.exe,routine developer activity,3417
2026-09-28T15:58:05Z,BUILD-02,ACME\\jpatel,chrome.exe,explorer.exe,routine developer activity,3418
2026-09-28T15:59:06Z,DEV-WS-18,ACME\\svc_build,msbuild.exe,explorer.exe,routine developer activity,3419
2026-09-28T16:00:07Z,DEV-WS-07,ACME\\svc_build,cmd.exe,explorer.exe,routine developer activity,3420
2026-09-28T16:01:08Z,BUILD-02,ACME\\rlee,cmd.exe,explorer.exe,routine developer activity,3421
2026-09-28T16:02:09Z,DEV-WS-12,ACME\\svc_build,cmd.exe,explorer.exe,routine developer activity,3422
2026-09-28T16:03:10Z,BUILD-02,ACME\\rlee,python.exe,explorer.exe,routine developer activity,3423
2026-09-28T16:04:11Z,DEV-WS-12,ACME\\jpatel,powershell.exe,explorer.exe,routine developer activity,3424
2026-09-28T16:05:12Z,DEV-WS-12,ACME\\jpatel,code.exe,explorer.exe,routine developer activity,3425
2026-09-28T16:06:13Z,DEV-WS-18,ACME\\svc_build,powershell.exe,explorer.exe,routine developer activity,3426
2026-09-28T16:07:14Z,FILE-DEV-03,ACME\\rlee,code.exe,explorer.exe,routine developer activity,3427
2026-09-28T16:08:15Z,BUILD-02,ACME\\jpatel,python.exe,explorer.exe,routine developer activity,3428
2026-09-28T16:09:16Z,DEV-WS-03,ACME\\svc_build,python.exe,explorer.exe,routine developer activity,3429
2026-09-28T16:10:17Z,DEV-WS-12,ACME\\svc_build,msbuild.exe,explorer.exe,routine developer activity,3430
2026-09-28T16:11:18Z,FILE-DEV-03,ACME\\svc_build,chrome.exe,explorer.exe,routine developer activity,3431
2026-09-28T16:12:19Z,DEV-WS-03,ACME\\jpatel,git.exe,explorer.exe,routine developer activity,3432
2026-09-28T16:13:20Z,FILE-DEV-03,ACME\\svc_build,powershell.exe,explorer.exe,routine developer activity,3433
2026-09-28T16:14:21Z,DEV-WS-18,ACME\\jpatel,git.exe,explorer.exe,routine developer activity,3434
2026-09-28T16:15:22Z,DEV-WS-03,ACME\\jpatel,git.exe,explorer.exe,routine developer activity,3435
2026-09-28T16:16:23Z,DEV-WS-18,ACME\\jpatel,git.exe,explorer.exe,routine developer activity,3436
2026-09-28T16:17:24Z,DEV-WS-07,ACME\\rlee,cmd.exe,explorer.exe,routine developer activity,3437
2026-09-28T16:18:25Z,FILE-DEV-03,ACME\\rlee,cmd.exe,explorer.exe,routine developer activity,3438
2026-09-28T16:19:26Z,DEV-WS-07,ACME\\rlee,code.exe,explorer.exe,routine developer activity,3439
2026-09-28T16:20:27Z,BUILD-02,ACME\\svc_build,cmd.exe,explorer.exe,routine developer activity,3440
2026-09-28T16:21:28Z,FILE-DEV-03,ACME\\rlee,chrome.exe,explorer.exe,routine developer activity,3441
2026-09-28T16:22:29Z,DEV-WS-18,ACME\\rlee,code.exe,explorer.exe,routine developer activity,3442
2026-09-28T16:23:30Z,DEV-WS-12,ACME\\rlee,chrome.exe,explorer.exe,routine developer activity,3443
2026-09-28T16:24:31Z,BUILD-02,ACME\\svc_build,msbuild.exe,explorer.exe,routine developer activity,3444
2026-09-28T16:25:32Z,DEV-WS-03,ACME\\rlee,chrome.exe,explorer.exe,routine developer activity,3445
2026-09-28T16:26:33Z,DEV-WS-12,ACME\\rlee,python.exe,explorer.exe,routine developer activity,3446
2026-09-28T16:27:34Z,FILE-DEV-03,ACME\\jpatel,python.exe,explorer.exe,routine developer activity,3447
2026-09-28T16:28:35Z,DEV-WS-12,ACME\\rlee,cmd.exe,explorer.exe,routine developer activity,3448
2026-09-28T16:29:36Z,BUILD-02,ACME\\rlee,chrome.exe,explorer.exe,routine developer activity,3449
2026-09-28T16:30:37Z,DEV-WS-18,ACME\\jpatel,cmd.exe,explorer.exe,routine developer activity,3450
2026-09-28T16:31:38Z,DEV-WS-03,ACME\\svc_build,git.exe,explorer.exe,routine developer activity,3451
2026-09-28T16:32:39Z,DEV-WS-07,ACME\\svc_build,cmd.exe,explorer.exe,routine developer activity,3452
2026-09-28T16:33:40Z,FILE-DEV-03,ACME\\rlee,git.exe,explorer.exe,routine developer activity,3453
2026-09-28T16:34:41Z,FILE-DEV-03,ACME\\rlee,git.exe,explorer.exe,routine developer activity,3454
2026-09-28T16:35:42Z,DEV-WS-03,ACME\\rlee,powershell.exe,explorer.exe,routine developer activity,3455
2026-09-28T16:36:43Z,FILE-DEV-03,ACME\\rlee,cmd.exe,explorer.exe,routine developer activity,3456
2026-09-28T16:37:44Z,FILE-DEV-03,ACME\\jpatel,powershell.exe,explorer.exe,routine developer activity,3457
2026-09-28T16:38:45Z,DEV-WS-03,ACME\\jpatel,msbuild.exe,explorer.exe,routine developer activity,3458
2026-09-28T16:39:46Z,DEV-WS-12,ACME\\svc_build,chrome.exe,explorer.exe,routine developer activity,3459
2026-09-28T16:40:47Z,DEV-WS-07,ACME\\svc_build,msbuild.exe,explorer.exe,routine developer activity,3460
2026-09-28T16:41:48Z,DEV-WS-12,ACME\\svc_build,chrome.exe,explorer.exe,routine developer activity,3461
2026-09-28T16:42:49Z,DEV-WS-07,ACME\\svc_build,python.exe,explorer.exe,routine developer activity,3462
2026-09-28T16:43:50Z,DEV-WS-07,ACME\\jpatel,powershell.exe,explorer.exe,routine developer activity,3463
2026-09-28T16:44:51Z,DEV-WS-18,ACME\\rlee,powershell.exe,explorer.exe,routine developer activity,3464
2026-09-28T16:45:52Z,DEV-WS-18,ACME\\svc_build,cmd.exe,explorer.exe,routine developer activity,3465
2026-09-28T16:46:53Z,FILE-DEV-03,ACME\\jpatel,msbuild.exe,explorer.exe,routine developer activity,3466
2026-09-28T16:47:54Z,DEV-WS-18,ACME\\jpatel,code.exe,explorer.exe,routine developer activity,3467
2026-09-28T16:48:55Z,DEV-WS-07,ACME\\svc_build,msbuild.exe,explorer.exe,routine developer activity,3468
2026-09-28T16:49:56Z,FILE-DEV-03,ACME\\rlee,code.exe,explorer.exe,routine developer activity,3469
2026-09-28T16:50:57Z,BUILD-02,ACME\\jpatel,git.exe,explorer.exe,routine developer activity,3470
2026-09-28T16:51:58Z,DEV-WS-03,ACME\\svc_build,chrome.exe,explorer.exe,routine developer activity,3471
2026-09-28T16:52:00Z,FILE-DEV-03,ACME\\rlee,powershell.exe,explorer.exe,routine developer activity,3472
2026-09-28T16:53:01Z,DEV-WS-12,ACME\\rlee,git.exe,explorer.exe,routine developer activity,3473
2026-09-28T16:54:02Z,FILE-DEV-03,ACME\\svc_build,python.exe,explorer.exe,routine developer activity,3474
2026-09-28T16:55:03Z,DEV-WS-03,ACME\\svc_build,powershell.exe,explorer.exe,routine developer activity,3475
2026-09-28T16:56:04Z,DEV-WS-03,ACME\\jpatel,cmd.exe,explorer.exe,routine developer activity,3476
2026-09-28T16:57:05Z,FILE-DEV-03,ACME\\jpatel,code.exe,explorer.exe,routine developer activity,3477
2026-09-28T16:58:06Z,DEV-WS-18,ACME\\rlee,git.exe,explorer.exe,routine developer activity,3478
2026-09-28T16:59:07Z,DEV-WS-18,ACME\\rlee,cmd.exe,explorer.exe,routine developer activity,3479
2026-09-28T13:00:08Z,FILE-DEV-03,ACME\\rlee,cmd.exe,explorer.exe,routine developer activity,3480
2026-09-28T13:01:09Z,DEV-WS-03,ACME\\rlee,msbuild.exe,explorer.exe,routine developer activity,3481
2026-09-28T13:02:10Z,DEV-WS-03,ACME\\jpatel,python.exe,explorer.exe,routine developer activity,3482
2026-09-28T13:03:11Z,DEV-WS-07,ACME\\svc_build,powershell.exe,explorer.exe,routine developer activity,3483
2026-09-28T13:04:12Z,BUILD-02,ACME\\jpatel,powershell.exe,explorer.exe,routine developer activity,3484
2026-09-28T13:05:13Z,DEV-WS-12,ACME\\rlee,chrome.exe,explorer.exe,routine developer activity,3485
2026-09-28T13:06:14Z,DEV-WS-07,ACME\\rlee,git.exe,explorer.exe,routine developer activity,3486
2026-09-28T13:07:15Z,BUILD-02,ACME\\jpatel,code.exe,explorer.exe,routine developer activity,3487
2026-09-28T13:08:16Z,FILE-DEV-03,ACME\\svc_build,git.exe,explorer.exe,routine developer activity,3488
2026-09-28T13:09:17Z,FILE-DEV-03,ACME\\jpatel,cmd.exe,explorer.exe,routine developer activity,3489
2026-09-28T13:10:18Z,FILE-DEV-03,ACME\\jpatel,powershell.exe,explorer.exe,routine developer activity,3490
2026-09-28T13:11:19Z,DEV-WS-12,ACME\\svc_build,msbuild.exe,explorer.exe,routine developer activity,3491
2026-09-28T13:12:20Z,DEV-WS-12,ACME\\svc_build,code.exe,explorer.exe,routine developer activity,3492
2026-09-28T13:13:21Z,DEV-WS-18,ACME\\jpatel,chrome.exe,explorer.exe,routine developer activity,3493
2026-09-28T13:14:22Z,DEV-WS-03,ACME\\rlee,python.exe,explorer.exe,routine developer activity,3494
2026-09-28T13:15:23Z,DEV-WS-18,ACME\\svc_build,powershell.exe,explorer.exe,routine developer activity,3495
2026-09-28T13:16:24Z,BUILD-02,ACME\\rlee,powershell.exe,explorer.exe,routine developer activity,3496
2026-09-28T13:17:25Z,DEV-WS-18,ACME\\rlee,python.exe,explorer.exe,routine developer activity,3497
2026-09-28T13:18:26Z,DEV-WS-12,ACME\\svc_build,powershell.exe,explorer.exe,routine developer activity,3498
2026-09-28T13:19:27Z,FILE-DEV-03,ACME\\svc_build,git.exe,explorer.exe,routine developer activity,3499
