_time,host,user,action,path,process_name
2026-09-28T13:00:00Z,DEV-WS-18,ACME\\svc_build,modify,C:\Temp\app.dmp,code.exe
2026-09-28T13:01:01Z,FILE-DEV-03,ACME\\rlee,modify,C:\ProgramData\Build\build.log,git.exe
2026-09-28T13:02:02Z,FILE-DEV-03,ACME\\jpatel,read,C:\ProgramData\Build\build.log,msbuild.exe
2026-09-28T13:03:03Z,DEV-WS-03,ACME\\svc_build,modify,C:\Users\Public\notes.txt,msbuild.exe
2026-09-28T13:04:04Z,DEV-WS-12,ACME\\jpatel,read,C:\Temp\app.dmp,cmd.exe
2026-09-28T13:05:05Z,BUILD-02,ACME\\svc_build,read,C:\ProgramData\Build\build.log,python.exe
2026-09-28T13:06:06Z,BUILD-02,ACME\\jpatel,modify,C:\ProgramData\Build\build.log,git.exe
2026-09-28T13:07:07Z,DEV-WS-07,ACME\\svc_build,modify,C:\ProgramData\Build\build.log,python.exe
2026-09-28T13:08:08Z,DEV-WS-12,ACME\\svc_build,create,C:\Temp\app.dmp,cmd.exe
2026-09-28T13:09:09Z,FILE-DEV-03,ACME\\svc_build,modify,C:\Users\Public\notes.txt,python.exe
2026-09-28T13:10:10Z,FILE-DEV-03,ACME\\jpatel,create,C:\Users\Public\notes.txt,code.exe
2026-09-28T13:11:11Z,FILE-DEV-03,ACME\\svc_build,modify,C:\ProgramData\Build\build.log,chrome.exe
2026-09-28T13:12:12Z,DEV-WS-18,ACME\\jpatel,modify,C:\ProgramData\Build\build.log,python.exe
2026-09-28T13:13:13Z,DEV-WS-18,ACME\\jpatel,read,C:\Users\Public\notes.txt,powershell.exe
2026-09-28T13:14:14Z,FILE-DEV-03,ACME\\jpatel,read,C:\Temp\app.dmp,cmd.exe
2026-09-28T13:15:15Z,FILE-DEV-03,ACME\\jpatel,modify,C:\ProgramData\Build\build.log,powershell.exe
2026-09-28T13:16:16Z,DEV-WS-12,ACME\\svc_build,read,C:\Users\Public\notes.txt,code.exe
2026-09-28T13:17:17Z,BUILD-02,ACME\\rlee,modify,C:\Temp\app.dmp,powershell.exe
2026-09-28T13:18:18Z,DEV-WS-12,ACME\\jpatel,create,C:\Temp\app.dmp,chrome.exe
2026-09-28T13:19:19Z,DEV-WS-03,ACME\\jpatel,create,C:\Temp\app.dmp,code.exe
2026-09-28T13:20:20Z,DEV-WS-07,ACME\\jpatel,modify,C:\Temp\app.dmp,cmd.exe
2026-09-28T13:21:21Z,DEV-WS-18,ACME\\svc_build,read,C:\Users\Public\notes.txt,msbuild.exe
2026-09-28T13:22:22Z,BUILD-02,ACME\\rlee,create,C:\Temp\app.dmp,cmd.exe
2026-09-28T13:23:23Z,BUILD-02,ACME\\svc_build,read,C:\ProgramData\Build\build.log,chrome.exe
2026-09-28T13:24:24Z,DEV-WS-03,ACME\\rlee,read,C:\Users\Public\notes.txt,chrome.exe
2026-09-28T13:25:25Z,FILE-DEV-03,ACME\\svc_build,modify,C:\Temp\app.dmp,cmd.exe
2026-09-28T13:26:26Z,DEV-WS-12,ACME\\svc_build,create,C:\Users\Public\notes.txt,python.exe
2026-09-28T13:27:27Z,DEV-WS-07,ACME\\svc_build,read,C:\Users\Public\notes.txt,powershell.exe
2026-09-28T13:28:28Z,DEV-WS-18,ACME\\rlee,modify,C:\ProgramData\Build\build.log,git.exe
2026-09-28T13:29:29Z,BUILD-02,ACME\\jpatel,read,C:\ProgramData\Build\build.log,cmd.exe
2026-09-28T13:30:30Z,FILE-DEV-03,ACME\\rlee,modify,C:\ProgramData\Build\build.log,git.exe
2026-09-28T13:31:31Z,DEV-WS-07,ACME\\jpatel,modify,C:\ProgramData\Build\build.log,cmd.exe
2026-09-28T13:32:32Z,FILE-DEV-03,ACME\\rlee,create,C:\Users\Public\notes.txt,msbuild.exe
2026-09-28T13:33:33Z,BUILD-02,ACME\\svc_build,modify,C:\Users\Public\notes.txt,msbuild.exe
2026-09-28T13:34:34Z,DEV-WS-03,ACME\\svc_build,read,C:\ProgramData\Build\build.log,cmd.exe
2026-09-28T13:35:35Z,FILE-DEV-03,ACME\\jpatel,modify,C:\Users\Public\notes.txt,code.exe
2026-09-28T13:36:36Z,DEV-WS-12,ACME\\rlee,create,C:\Users\Public\notes.txt,msbuild.exe
2026-09-28T13:37:37Z,DEV-WS-12,ACME\\svc_build,read,C:\Temp\app.dmp,git.exe
2026-09-28T13:38:38Z,DEV-WS-18,ACME\\rlee,create,C:\Users\Public\notes.txt,python.exe
2026-09-28T13:39:39Z,DEV-WS-18,ACME\\jpatel,read,C:\Users\Public\notes.txt,chrome.exe
2026-09-28T13:40:40Z,BUILD-02,ACME\\rlee,create,C:\Temp\app.dmp,cmd.exe
2026-09-28T13:41:41Z,BUILD-02,ACME\\jpatel,modify,C:\ProgramData\Build\build.log,code.exe
2026-09-28T13:42:42Z,DEV-WS-07,ACME\\rlee,modify,C:\Users\Public\notes.txt,msbuild.exe
2026-09-28T13:43:43Z,BUILD-02,ACME\\jpatel,read,C:\ProgramData\Build\build.log,chrome.exe
2026-09-28T13:44:44Z,DEV-WS-03,ACME\\rlee,modify,C:\ProgramData\Build\build.log,chrome.exe
2026-09-28T13:45:45Z,FILE-DEV-03,ACME\\jpatel,read,C:\ProgramData\Build\build.log,powershell.exe
2026-09-28T13:46:46Z,BUILD-02,ACME\\jpatel,modify,C:\ProgramData\Build\build.log,powershell.exe
2026-09-28T13:47:47Z,DEV-WS-03,ACME\\jpatel,read,C:\ProgramData\Build\build.log,msbuild.exe
2026-09-28T13:48:48Z,DEV-WS-12,ACME\\rlee,read,C:\ProgramData\Build\build.log,python.exe
2026-09-28T13:49:49Z,BUILD-02,ACME\\svc_build,create,C:\ProgramData\Build\build.log,powershell.exe
2026-09-28T13:50:50Z,BUILD-02,ACME\\jpatel,modify,C:\Users\Public\notes.txt,chrome.exe
2026-09-28T13:51:51Z,FILE-DEV-03,ACME\\svc_build,modify,C:\ProgramData\Build\build.log,code.exe
2026-09-28T13:52:52Z,DEV-WS-18,ACME\\svc_build,modify,C:\Users\Public\notes.txt,code.exe
2026-09-28T13:53:00Z,DEV-WS-18,ACME\\rlee,create,C:\Users\Public\notes.txt,code.exe
2026-09-28T13:54:01Z,FILE-DEV-03,ACME\\jpatel,create,C:\Users\Public\notes.txt,code.exe
2026-09-28T13:55:02Z,DEV-WS-07,ACME\\rlee,read,C:\ProgramData\Build\build.log,git.exe
2026-09-28T13:56:03Z,BUILD-02,ACME\\jpatel,modify,C:\ProgramData\Build\build.log,powershell.exe
2026-09-28T13:57:04Z,DEV-WS-18,ACME\\jpatel,read,C:\ProgramData\Build\build.log,msbuild.exe
2026-09-28T13:58:05Z,DEV-WS-18,ACME\\jpatel,read,C:\Temp\app.dmp,powershell.exe
2026-09-28T13:59:06Z,FILE-DEV-03,ACME\\jpatel,modify,C:\ProgramData\Build\build.log,powershell.exe
2026-09-28T14:00:07Z,DEV-WS-18,ACME\\rlee,read,C:\Temp\app.dmp,git.exe
2026-09-28T14:01:08Z,FILE-DEV-03,ACME\\svc_build,create,C:\Users\Public\notes.txt,powershell.exe
2026-09-28T14:02:09Z,DEV-WS-18,ACME\\jpatel,create,C:\Users\Public\notes.txt,powershell.exe
2026-09-28T14:03:10Z,DEV-WS-03,ACME\\rlee,modify,C:\Users\Public\notes.txt,code.exe
2026-09-28T14:04:11Z,DEV-WS-12,ACME\\svc_build,read,C:\Users\Public\notes.txt,cmd.exe
2026-09-28T14:05:12Z,DEV-WS-12,ACME\\rlee,read,C:\ProgramData\Build\build.log,python.exe
2026-09-28T14:06:13Z,BUILD-02,ACME\\jpatel,modify,C:\Users\Public\notes.txt,code.exe
2026-09-28T14:07:14Z,DEV-WS-18,ACME\\rlee,modify,C:\ProgramData\Build\build.log,msbuild.exe
2026-09-28T14:08:15Z,DEV-WS-07,ACME\\svc_build,create,C:\ProgramData\Build\build.log,python.exe
2026-09-28T14:09:16Z,DEV-WS-18,ACME\\svc_build,modify,C:\ProgramData\Build\build.log,git.exe
2026-09-28T14:10:17Z,DEV-WS-03,ACME\\jpatel,read,C:\Users\Public\notes.txt,git.exe
2026-09-28T14:11:18Z,DEV-WS-18,ACME\\svc_build,read,C:\ProgramData\Build\build.log,code.exe
2026-09-28T14:12:19Z,DEV-WS-18,ACME\\jpatel,create,C:\Users\Public\notes.txt,cmd.exe
2026-09-28T14:13:20Z,BUILD-02,ACME\\rlee,read,C:\Temp\app.dmp,chrome.exe
2026-09-28T14:14:21Z,DEV-WS-18,ACME\\rlee,read,C:\ProgramData\Build\build.log,code.exe
2026-09-28T14:15:22Z,DEV-WS-12,ACME\\jpatel,modify,C:\Temp\app.dmp,msbuild.exe
2026-09-28T14:16:23Z,BUILD-02,ACME\\rlee,read,C:\Users\Public\notes.txt,msbuild.exe
2026-09-28T14:17:24Z,DEV-WS-18,ACME\\svc_build,read,C:\Temp\app.dmp,chrome.exe
2026-09-28T14:18:25Z,DEV-WS-12,ACME\\rlee,modify,C:\Temp\app.dmp,msbuild.exe
2026-09-28T14:19:26Z,DEV-WS-03,ACME\\rlee,read,C:\ProgramData\Build\build.log,python.exe
2026-09-28T14:20:27Z,DEV-WS-03,ACME\\jpatel,create,C:\ProgramData\Build\build.log,chrome.exe
2026-09-28T14:21:28Z,DEV-WS-18,ACME\\rlee,create,C:\ProgramData\Build\build.log,code.exe
2026-09-28T14:22:29Z,DEV-WS-03,ACME\\jpatel,modify,C:\Temp\app.dmp,code.exe
2026-09-28T14:23:30Z,DEV-WS-03,ACME\\rlee,read,C:\ProgramData\Build\build.log,python.exe
2026-09-28T14:24:31Z,BUILD-02,ACME\\jpatel,read,C:\Temp\app.dmp,python.exe
2026-09-28T14:25:32Z,FILE-DEV-03,ACME\\svc_build,create,C:\Users\Public\notes.txt,msbuild.exe
2026-09-28T14:26:33Z,FILE-DEV-03,ACME\\rlee,create,C:\Users\Public\notes.txt,chrome.exe
2026-09-28T14:27:34Z,DEV-WS-07,ACME\\svc_build,modify,C:\Temp\app.dmp,python.exe
2026-09-28T14:28:35Z,BUILD-02,ACME\\svc_build,create,C:\ProgramData\Build\build.log,cmd.exe
2026-09-28T14:29:36Z,DEV-WS-18,ACME\\jpatel,read,C:\Temp\app.dmp,chrome.exe
2026-09-28T14:30:37Z,BUILD-02,ACME\\jpatel,read,C:\Users\Public\notes.txt,code.exe
2026-09-28T14:31:38Z,FILE-DEV-03,ACME\\svc_build,create,C:\ProgramData\Build\build.log,powershell.exe
2026-09-28T14:32:39Z,BUILD-02,ACME\\svc_build,create,C:\ProgramData\Build\build.log,python.exe
2026-09-28T14:33:40Z,BUILD-02,ACME\\rlee,modify,C:\Users\Public\notes.txt,powershell.exe
2026-09-28T14:34:41Z,BUILD-02,ACME\\jpatel,create,C:\Users\Public\notes.txt,msbuild.exe
2026-09-28T14:35:42Z,DEV-WS-12,ACME\\svc_build,modify,C:\Users\Public\notes.txt,cmd.exe
2026-09-28T14:36:43Z,DEV-WS-03,ACME\\jpatel,modify,C:\Users\Public\notes.txt,git.exe
2026-09-28T14:37:44Z,BUILD-02,ACME\\svc_build,create,C:\Temp\app.dmp,code.exe
2026-09-28T14:38:45Z,FILE-DEV-03,ACME\\jpatel,create,C:\ProgramData\Build\build.log,git.exe
2026-09-28T14:39:46Z,DEV-WS-12,ACME\\svc_build,create,C:\Temp\app.dmp,chrome.exe
2026-09-28T14:40:47Z,DEV-WS-18,ACME\\rlee,modify,C:\Users\Public\notes.txt,git.exe
2026-09-28T14:41:48Z,DEV-WS-12,ACME\\rlee,modify,C:\Temp\app.dmp,chrome.exe
2026-09-28T14:42:49Z,DEV-WS-18,ACME\\rlee,modify,C:\Temp\app.dmp,chrome.exe
2026-09-28T14:43:50Z,DEV-WS-12,ACME\\jpatel,modify,C:\Users\Public\notes.txt,git.exe
2026-09-28T14:44:51Z,DEV-WS-12,ACME\\jpatel,modify,C:\Users\Public\notes.txt,git.exe
2026-09-28T14:45:52Z,DEV-WS-03,ACME\\rlee,create,C:\Temp\app.dmp,code.exe
2026-09-28T14:46:00Z,DEV-WS-12,ACME\\svc_build,create,C:\ProgramData\Build\build.log,code.exe
2026-09-28T14:47:01Z,BUILD-02,ACME\\rlee,read,C:\ProgramData\Build\build.log,msbuild.exe
2026-09-28T14:48:02Z,FILE-DEV-03,ACME\\rlee,create,C:\Users\Public\notes.txt,cmd.exe
2026-09-28T14:49:03Z,FILE-DEV-03,ACME\\rlee,modify,C:\ProgramData\Build\build.log,python.exe
2026-09-28T14:50:04Z,DEV-WS-03,ACME\\svc_build,modify,C:\Temp\app.dmp,msbuild.exe
2026-09-28T14:51:05Z,FILE-DEV-03,ACME\\jpatel,modify,C:\ProgramData\Build\build.log,powershell.exe
2026-09-28T14:52:06Z,FILE-DEV-03,ACME\\svc_build,read,C:\Users\Public\notes.txt,git.exe
2026-09-28T14:53:07Z,DEV-WS-12,ACME\\svc_build,create,C:\Users\Public\notes.txt,msbuild.exe
2026-09-28T14:54:08Z,FILE-DEV-03,ACME\\jpatel,modify,C:\Users\Public\notes.txt,cmd.exe
2026-09-28T14:55:09Z,FILE-DEV-03,ACME\\jpatel,read,C:\ProgramData\Build\build.log,git.exe
2026-09-28T14:56:10Z,DEV-WS-07,ACME\\jpatel,modify,C:\ProgramData\Build\build.log,python.exe
2026-09-28T14:57:11Z,DEV-WS-07,ACME\\svc_build,create,C:\ProgramData\Build\build.log,chrome.exe
2026-09-28T14:58:12Z,DEV-WS-12,ACME\\svc_build,create,C:\ProgramData\Build\build.log,code.exe
2026-09-28T14:59:13Z,DEV-WS-18,ACME\\svc_build,modify,C:\ProgramData\Build\build.log,msbuild.exe
2026-09-28T15:00:14Z,BUILD-02,ACME\\jpatel,modify,C:\Temp\app.dmp,code.exe
2026-09-28T15:01:15Z,FILE-DEV-03,ACME\\rlee,read,C:\Temp\app.dmp,code.exe
2026-09-28T15:02:16Z,DEV-WS-03,ACME\\rlee,create,C:\Temp\app.dmp,python.exe
2026-09-28T15:03:17Z,DEV-WS-07,ACME\\rlee,read,C:\ProgramData\Build\build.log,git.exe
2026-09-28T15:04:18Z,DEV-WS-12,ACME\\jpatel,create,C:\Temp\app.dmp,cmd.exe
2026-09-28T15:05:19Z,DEV-WS-03,ACME\\svc_build,create,C:\ProgramData\Build\build.log,git.exe
2026-09-28T15:06:20Z,DEV-WS-07,ACME\\svc_build,create,C:\ProgramData\Build\build.log,code.exe
2026-09-28T15:07:21Z,DEV-WS-03,ACME\\svc_build,modify,C:\ProgramData\Build\build.log,chrome.exe
2026-09-28T15:08:22Z,DEV-WS-07,ACME\\jpatel,modify,C:\Temp\app.dmp,code.exe
2026-09-28T15:09:23Z,DEV-WS-03,ACME\\jpatel,create,C:\Users\Public\notes.txt,chrome.exe
2026-09-28T15:10:24Z,DEV-WS-12,ACME\\rlee,modify,C:\Users\Public\notes.txt,git.exe
2026-09-28T15:11:25Z,DEV-WS-07,ACME\\rlee,create,C:\Users\Public\notes.txt,powershell.exe
2026-09-28T15:12:26Z,DEV-WS-12,ACME\\svc_build,create,C:\ProgramData\Build\build.log,code.exe
2026-09-28T15:13:27Z,DEV-WS-03,ACME\\rlee,create,C:\ProgramData\Build\build.log,code.exe
2026-09-28T15:14:28Z,BUILD-02,ACME\\jpatel,create,C:\Temp\app.dmp,python.exe
2026-09-28T15:15:29Z,DEV-WS-12,ACME\\svc_build,modify,C:\Temp\app.dmp,chrome.exe
2026-09-28T15:16:30Z,DEV-WS-12,ACME\\svc_build,create,C:\Temp\app.dmp,git.exe
2026-09-28T15:17:31Z,FILE-DEV-03,ACME\\rlee,read,C:\Temp\app.dmp,powershell.exe
2026-09-28T15:18:32Z,FILE-DEV-03,ACME\\jpatel,create,C:\ProgramData\Build\build.log,code.exe
2026-09-28T15:19:33Z,DEV-WS-07,ACME\\jpatel,read,C:\ProgramData\Build\build.log,python.exe
2026-09-28T15:20:34Z,DEV-WS-03,ACME\\rlee,read,C:\Temp\app.dmp,cmd.exe
2026-09-28T15:21:35Z,DEV-WS-03,ACME\\jpatel,modify,C:\ProgramData\Build\build.log,msbuild.exe
2026-09-28T15:22:36Z,BUILD-02,ACME\\svc_build,modify,C:\ProgramData\Build\build.log,msbuild.exe
2026-09-28T15:23:37Z,DEV-WS-12,ACME\\rlee,modify,C:\Users\Public\notes.txt,chrome.exe
2026-09-28T15:24:38Z,DEV-WS-07,ACME\\jpatel,create,C:\ProgramData\Build\build.log,cmd.exe
2026-09-28T15:25:39Z,DEV-WS-07,ACME\\jpatel,read,C:\Temp\app.dmp,chrome.exe
2026-09-28T15:26:40Z,DEV-WS-07,ACME\\svc_build,create,C:\Users\Public\notes.txt,cmd.exe
2026-09-28T15:27:41Z,DEV-WS-12,ACME\\svc_build,modify,C:\Users\Public\notes.txt,msbuild.exe
2026-09-28T15:28:42Z,BUILD-02,ACME\\rlee,create,C:\Temp\app.dmp,powershell.exe
2026-09-28T15:29:43Z,DEV-WS-07,ACME\\svc_build,read,C:\Temp\app.dmp,chrome.exe
2026-09-28T15:30:44Z,DEV-WS-12,ACME\\jpatel,read,C:\Temp\app.dmp,msbuild.exe
2026-09-28T15:31:45Z,DEV-WS-12,ACME\\svc_build,read,C:\Users\Public\notes.txt,code.exe
2026-09-28T15:32:46Z,DEV-WS-18,ACME\\svc_build,create,C:\Users\Public\notes.txt,code.exe
2026-09-28T15:33:47Z,DEV-WS-18,ACME\\svc_build,modify,C:\ProgramData\Build\build.log,code.exe
2026-09-28T15:34:48Z,DEV-WS-03,ACME\\svc_build,create,C:\ProgramData\Build\build.log,powershell.exe
2026-09-28T15:35:49Z,DEV-WS-12,ACME\\jpatel,read,C:\Users\Public\notes.txt,git.exe
2026-09-28T15:36:50Z,FILE-DEV-03,ACME\\jpatel,create,C:\Temp\app.dmp,python.exe
2026-09-28T15:37:51Z,DEV-WS-03,ACME\\jpatel,create,C:\Users\Public\notes.txt,code.exe
2026-09-28T15:38:52Z,FILE-DEV-03,ACME\\jpatel,create,C:\Users\Public\notes.txt,git.exe
2026-09-28T15:39:00Z,BUILD-02,ACME\\rlee,modify,C:\ProgramData\Build\build.log,git.exe
2026-09-28T15:40:01Z,FILE-DEV-03,ACME\\svc_build,read,C:\Users\Public\notes.txt,cmd.exe
2026-09-28T15:41:02Z,FILE-DEV-03,ACME\\jpatel,read,C:\Users\Public\notes.txt,powershell.exe
2026-09-28T15:42:03Z,DEV-WS-07,ACME\\rlee,create,C:\ProgramData\Build\build.log,git.exe
2026-09-28T15:43:04Z,BUILD-02,ACME\\svc_build,create,C:\ProgramData\Build\build.log,powershell.exe
2026-09-28T15:44:05Z,BUILD-02,ACME\\jpatel,create,C:\Temp\app.dmp,code.exe
2026-09-28T15:45:06Z,DEV-WS-12,ACME\\jpatel,read,C:\ProgramData\Build\build.log,cmd.exe
2026-09-28T15:46:07Z,FILE-DEV-03,ACME\\jpatel,read,C:\Temp\app.dmp,chrome.exe
2026-09-28T15:47:08Z,DEV-WS-03,ACME\\rlee,read,C:\ProgramData\Build\build.log,code.exe
2026-09-28T15:48:09Z,DEV-WS-03,ACME\\svc_build,modify,C:\Temp\app.dmp,git.exe
2026-09-28T15:49:10Z,DEV-WS-18,ACME\\rlee,modify,C:\Temp\app.dmp,git.exe
2026-09-28T15:50:11Z,DEV-WS-12,ACME\\svc_build,create,C:\ProgramData\Build\build.log,msbuild.exe
2026-09-28T15:51:12Z,DEV-WS-03,ACME\\jpatel,create,C:\Users\Public\notes.txt,git.exe
2026-09-28T15:52:13Z,BUILD-02,ACME\\jpatel,modify,C:\Users\Public\notes.txt,chrome.exe
2026-09-28T15:53:14Z,BUILD-02,ACME\\rlee,create,C:\Temp\app.dmp,python.exe
2026-09-28T15:54:15Z,DEV-WS-03,ACME\\svc_build,modify,C:\ProgramData\Build\build.log,cmd.exe
2026-09-28T15:55:16Z,DEV-WS-03,ACME\\rlee,create,C:\Temp\app.dmp,git.exe
2026-09-28T15:56:17Z,DEV-WS-07,ACME\\rlee,modify,C:\ProgramData\Build\build.log,chrome.exe
2026-09-28T15:57:18Z,DEV-WS-18,ACME\\jpatel,read,C:\Users\Public\notes.txt,code.exe
2026-09-28T15:58:19Z,BUILD-02,ACME\\jpatel,read,C:\Users\Public\notes.txt,git.exe
2026-09-28T15:59:20Z,DEV-WS-03,ACME\\rlee,create,C:\Users\Public\notes.txt,powershell.exe
2026-09-28T16:00:21Z,DEV-WS-07,ACME\\jpatel,modify,C:\Users\Public\notes.txt,cmd.exe
2026-09-28T16:01:22Z,DEV-WS-03,ACME\\jpatel,read,C:\ProgramData\Build\build.log,git.exe
2026-09-28T16:02:23Z,FILE-DEV-03,ACME\\rlee,modify,C:\Temp\app.dmp,msbuild.exe
2026-09-28T16:03:24Z,DEV-WS-18,ACME\\jpatel,read,C:\Temp\app.dmp,code.exe
2026-09-28T16:04:25Z,FILE-DEV-03,ACME\\jpatel,modify,C:\Users\Public\notes.txt,git.exe
2026-09-28T16:05:26Z,DEV-WS-03,ACME\\svc_build,read,C:\ProgramData\Build\build.log,powershell.exe
2026-09-28T16:06:27Z,FILE-DEV-03,ACME\\rlee,modify,C:\Users\Public\notes.txt,msbuild.exe
2026-09-28T16:07:28Z,DEV-WS-12,ACME\\jpatel,read,C:\Users\Public\notes.txt,python.exe
2026-09-28T16:08:29Z,FILE-DEV-03,ACME\\svc_build,modify,C:\Temp\app.dmp,powershell.exe
2026-09-28T16:09:30Z,DEV-WS-03,ACME\\svc_build,create,C:\Users\Public\notes.txt,cmd.exe
2026-09-28T16:10:31Z,DEV-WS-12,ACME\\svc_build,create,C:\Temp\app.dmp,powershell.exe
2026-09-28T16:11:32Z,DEV-WS-18,ACME\\jpatel,read,C:\Temp\app.dmp,chrome.exe
2026-09-28T16:12:33Z,DEV-WS-18,ACME\\rlee,create,C:\ProgramData\Build\build.log,msbuild.exe
2026-09-28T16:13:34Z,DEV-WS-07,ACME\\svc_build,read,C:\Temp\app.dmp,powershell.exe
2026-09-28T16:14:35Z,DEV-WS-12,ACME\\svc_build,read,C:\Temp\app.dmp,code.exe
2026-09-28T16:15:36Z,DEV-WS-03,ACME\\svc_build,modify,C:\Temp\app.dmp,msbuild.exe
2026-09-28T16:16:37Z,DEV-WS-07,ACME\\svc_build,read,C:\Temp\app.dmp,msbuild.exe
2026-09-28T16:17:38Z,BUILD-02,ACME\\jpatel,modify,C:\Users\Public\notes.txt,git.exe
2026-09-28T16:18:39Z,DEV-WS-18,ACME\\svc_build,read,C:\Temp\app.dmp,powershell.exe
2026-09-28T16:19:40Z,BUILD-02,ACME\\jpatel,create,C:\Users\Public\notes.txt,cmd.exe
2026-09-28T16:20:41Z,DEV-WS-18,ACME\\svc_build,modify,C:\ProgramData\Build\build.log,cmd.exe
2026-09-28T16:21:42Z,DEV-WS-12,ACME\\jpatel,modify,C:\Temp\app.dmp,msbuild.exe
2026-09-28T16:22:43Z,DEV-WS-18,ACME\\jpatel,create,C:\Users\Public\notes.txt,chrome.exe
2026-09-28T16:23:44Z,DEV-WS-07,ACME\\svc_build,modify,C:\ProgramData\Build\build.log,python.exe
2026-09-28T16:24:45Z,DEV-WS-07,ACME\\jpatel,read,C:\Temp\app.dmp,msbuild.exe
2026-09-28T16:25:46Z,BUILD-02,ACME\\jpatel,read,C:\Users\Public\notes.txt,python.exe
2026-09-28T16:26:47Z,DEV-WS-12,ACME\\svc_build,create,C:\Temp\app.dmp,chrome.exe
2026-09-28T16:27:48Z,BUILD-02,ACME\\svc_build,modify,C:\Users\Public\notes.txt,git.exe
2026-09-28T16:28:49Z,BUILD-02,ACME\\rlee,read,C:\Temp\app.dmp,git.exe
2026-09-28T16:29:50Z,BUILD-02,ACME\\jpatel,modify,C:\Temp\app.dmp,msbuild.exe
2026-09-28T16:30:51Z,FILE-DEV-03,ACME\\jpatel,create,C:\ProgramData\Build\build.log,chrome.exe
2026-09-28T16:31:52Z,DEV-WS-18,ACME\\svc_build,modify,C:\Temp\app.dmp,git.exe
2026-09-28T16:32:00Z,BUILD-02,ACME\\svc_build,modify,C:\ProgramData\Build\build.log,cmd.exe
2026-09-28T16:33:01Z,DEV-WS-03,ACME\\rlee,modify,C:\ProgramData\Build\build.log,python.exe
2026-09-28T16:34:02Z,FILE-DEV-03,ACME\\svc_build,modify,C:\ProgramData\Build\build.log,python.exe
2026-09-28T16:35:03Z,DEV-WS-12,ACME\\svc_build,modify,C:\Temp\app.dmp,msbuild.exe
2026-09-28T16:36:04Z,DEV-WS-07,ACME\\rlee,create,C:\Users\Public\notes.txt,git.exe
2026-09-28T16:37:05Z,FILE-DEV-03,ACME\\svc_build,modify,C:\Temp\app.dmp,cmd.exe
2026-09-28T16:38:06Z,DEV-WS-18,ACME\\svc_build,modify,C:\Users\Public\notes.txt,code.exe
2026-09-28T16:39:07Z,FILE-DEV-03,ACME\\jpatel,modify,C:\ProgramData\Build\build.log,code.exe
2026-09-28T16:40:08Z,DEV-WS-03,ACME\\jpatel,modify,C:\Users\Public\notes.txt,chrome.exe
2026-09-28T16:41:09Z,BUILD-02,ACME\\rlee,read,C:\ProgramData\Build\build.log,powershell.exe
2026-09-28T16:42:10Z,DEV-WS-12,ACME\\rlee,read,C:\Temp\app.dmp,git.exe
2026-09-28T16:43:11Z,BUILD-02,ACME\\rlee,read,C:\Temp\app.dmp,python.exe
2026-09-28T16:44:12Z,DEV-WS-18,ACME\\svc_build,read,C:\Temp\app.dmp,msbuild.exe
2026-09-28T16:45:13Z,DEV-WS-03,ACME\\jpatel,modify,C:\Users\Public\notes.txt,python.exe
2026-09-28T16:46:14Z,FILE-DEV-03,ACME\\jpatel,read,C:\Users\Public\notes.txt,msbuild.exe
2026-09-28T16:47:15Z,DEV-WS-12,ACME\\rlee,modify,C:\Users\Public\notes.txt,git.exe
2026-09-28T16:48:16Z,BUILD-02,ACME\\jpatel,create,C:\ProgramData\Build\build.log,msbuild.exe
2026-09-28T16:49:17Z,BUILD-02,ACME\\rlee,create,C:\Users\Public\notes.txt,cmd.exe
2026-09-28T16:50:18Z,FILE-DEV-03,ACME\\svc_build,modify,C:\Temp\app.dmp,git.exe
2026-09-28T16:51:19Z,BUILD-02,ACME\\svc_build,read,C:\Temp\app.dmp,chrome.exe
2026-09-28T16:52:20Z,DEV-WS-07,ACME\\svc_build,create,C:\ProgramData\Build\build.log,code.exe
2026-09-28T16:53:21Z,DEV-WS-12,ACME\\rlee,modify,C:\Temp\app.dmp,powershell.exe
2026-09-28T16:54:22Z,DEV-WS-18,ACME\\svc_build,create,C:\Temp\app.dmp,powershell.exe
2026-09-28T16:55:23Z,DEV-WS-12,ACME\\rlee,modify,C:\Users\Public\notes.txt,powershell.exe
2026-09-28T16:56:24Z,DEV-WS-07,ACME\\rlee,modify,C:\Temp\app.dmp,git.exe
2026-09-28T16:57:25Z,DEV-WS-07,ACME\\svc_build,read,C:\ProgramData\Build\build.log,code.exe
2026-09-28T16:58:26Z,DEV-WS-12,ACME\\rlee,read,C:\Temp\app.dmp,git.exe
2026-09-28T16:59:27Z,DEV-WS-07,ACME\\jpatel,modify,C:\ProgramData\Build\build.log,code.exe
2026-09-28T14:06:12Z,DEV-WS-12,ACME\jpatel,create,C:\ProgramData\Diag\lsass.dmp,rundll32.exe
2026-09-28T14:09:20Z,DEV-WS-12,ACME\jpatel,create,C:\ProgramData\Diag\diag-0928.zip,powershell.exe
2026-09-28T13:50:00Z,DEV-WS-07,ACME\rlee,create,C:\ProgramData\Diagnostics\appcrash.dmp,WerFault.exe
2026-09-28T13:03:31Z,DEV-WS-18,ACME\\jpatel,modify,C:\ProgramData\Build\build.log,git.exe
2026-09-28T13:04:32Z,DEV-WS-18,ACME\\svc_build,create,C:\Users\Public\notes.txt,chrome.exe
2026-09-28T13:05:33Z,DEV-WS-18,ACME\\svc_build,create,C:\Temp\app.dmp,code.exe
2026-09-28T13:06:34Z,FILE-DEV-03,ACME\\jpatel,modify,C:\Temp\app.dmp,cmd.exe
2026-09-28T13:07:35Z,FILE-DEV-03,ACME\\jpatel,create,C:\Users\Public\notes.txt,code.exe
2026-09-28T13:08:36Z,BUILD-02,ACME\\svc_build,read,C:\Users\Public\notes.txt,python.exe
2026-09-28T13:09:37Z,DEV-WS-18,ACME\\rlee,read,C:\ProgramData\Build\build.log,python.exe
2026-09-28T13:10:38Z,FILE-DEV-03,ACME\\jpatel,read,C:\Temp\app.dmp,python.exe
2026-09-28T13:11:39Z,DEV-WS-18,ACME\\svc_build,read,C:\ProgramData\Build\build.log,cmd.exe
2026-09-28T13:12:40Z,DEV-WS-07,ACME\\rlee,create,C:\Users\Public\notes.txt,cmd.exe
2026-09-28T13:13:41Z,FILE-DEV-03,ACME\\rlee,read,C:\ProgramData\Build\build.log,powershell.exe
2026-09-28T13:14:42Z,DEV-WS-12,ACME\\rlee,read,C:\Temp\app.dmp,chrome.exe
2026-09-28T13:15:43Z,FILE-DEV-03,ACME\\jpatel,modify,C:\Temp\app.dmp,chrome.exe
2026-09-28T13:16:44Z,DEV-WS-18,ACME\\jpatel,create,C:\ProgramData\Build\build.log,powershell.exe
2026-09-28T13:17:45Z,DEV-WS-12,ACME\\rlee,create,C:\Temp\app.dmp,chrome.exe
2026-09-28T13:18:46Z,BUILD-02,ACME\\rlee,create,C:\ProgramData\Build\build.log,git.exe
2026-09-28T13:19:47Z,DEV-WS-03,ACME\\svc_build,read,C:\ProgramData\Build\build.log,powershell.exe
2026-09-28T13:20:48Z,DEV-WS-07,ACME\\jpatel,read,C:\ProgramData\Build\build.log,chrome.exe
2026-09-28T13:21:49Z,DEV-WS-18,ACME\\svc_build,modify,C:\Temp\app.dmp,cmd.exe
2026-09-28T13:22:50Z,DEV-WS-07,ACME\\svc_build,create,C:\Temp\app.dmp,git.exe
2026-09-28T13:23:51Z,DEV-WS-07,ACME\\rlee,modify,C:\ProgramData\Build\build.log,chrome.exe
2026-09-28T13:24:52Z,DEV-WS-03,ACME\\rlee,read,C:\Temp\app.dmp,git.exe
2026-09-28T13:25:00Z,DEV-WS-12,ACME\\svc_build,create,C:\ProgramData\Build\build.log,python.exe
2026-09-28T13:26:01Z,BUILD-02,ACME\\jpatel,read,C:\Users\Public\notes.txt,git.exe
2026-09-28T13:27:02Z,DEV-WS-12,ACME\\svc_build,modify,C:\Temp\app.dmp,powershell.exe
2026-09-28T13:28:03Z,DEV-WS-03,ACME\\svc_build,modify,C:\Users\Public\notes.txt,git.exe
2026-09-28T13:29:04Z,DEV-WS-12,ACME\\jpatel,create,C:\Users\Public\notes.txt,msbuild.exe
2026-09-28T13:30:05Z,DEV-WS-03,ACME\\rlee,create,C:\Users\Public\notes.txt,powershell.exe
2026-09-28T13:31:06Z,BUILD-02,ACME\\svc_build,create,C:\Temp\app.dmp,chrome.exe
2026-09-28T13:32:07Z,FILE-DEV-03,ACME\\rlee,modify,C:\Users\Public\notes.txt,chrome.exe
2026-09-28T13:33:08Z,DEV-WS-03,ACME\\svc_build,modify,C:\Users\Public\notes.txt,chrome.exe
2026-09-28T13:34:09Z,DEV-WS-18,ACME\\jpatel,read,C:\Temp\app.dmp,powershell.exe
2026-09-28T13:35:10Z,BUILD-02,ACME\\rlee,read,C:\Users\Public\notes.txt,powershell.exe
2026-09-28T13:36:11Z,DEV-WS-03,ACME\\svc_build,read,C:\Temp\app.dmp,powershell.exe
2026-09-28T13:37:12Z,BUILD-02,ACME\\rlee,create,C:\Users\Public\notes.txt,powershell.exe
2026-09-28T13:38:13Z,DEV-WS-07,ACME\\svc_build,modify,C:\Temp\app.dmp,code.exe
2026-09-28T13:39:14Z,FILE-DEV-03,ACME\\rlee,create,C:\Temp\app.dmp,chrome.exe
2026-09-28T13:40:15Z,DEV-WS-18,ACME\\svc_build,modify,C:\Temp\app.dmp,msbuild.exe
2026-09-28T13:41:16Z,DEV-WS-12,ACME\\svc_build,read,C:\Users\Public\notes.txt,msbuild.exe
2026-09-28T13:42:17Z,BUILD-02,ACME\\jpatel,modify,C:\Users\Public\notes.txt,cmd.exe
2026-09-28T13:43:18Z,DEV-WS-03,ACME\\jpatel,read,C:\Users\Public\notes.txt,msbuild.exe
2026-09-28T13:44:19Z,DEV-WS-12,ACME\\jpatel,modify,C:\ProgramData\Build\build.log,git.exe
2026-09-28T13:45:20Z,FILE-DEV-03,ACME\\svc_build,create,C:\Users\Public\notes.txt,python.exe
2026-09-28T13:46:21Z,FILE-DEV-03,ACME\\rlee,modify,C:\ProgramData\Build\build.log,chrome.exe
2026-09-28T13:47:22Z,BUILD-02,ACME\\svc_build,read,C:\Temp\app.dmp,chrome.exe
2026-09-28T13:48:23Z,DEV-WS-07,ACME\\rlee,modify,C:\Temp\app.dmp,powershell.exe
2026-09-28T13:49:24Z,DEV-WS-12,ACME\\svc_build,create,C:\ProgramData\Build\build.log,cmd.exe
2026-09-28T13:50:25Z,BUILD-02,ACME\\svc_build,modify,C:\Temp\app.dmp,powershell.exe
2026-09-28T13:51:26Z,DEV-WS-03,ACME\\svc_build,read,C:\Users\Public\notes.txt,cmd.exe
2026-09-28T13:52:27Z,DEV-WS-07,ACME\\jpatel,modify,C:\Users\Public\notes.txt,python.exe
2026-09-28T13:53:28Z,DEV-WS-12,ACME\\rlee,modify,C:\ProgramData\Build\build.log,msbuild.exe
2026-09-28T13:54:29Z,BUILD-02,ACME\\jpatel,create,C:\Temp\app.dmp,cmd.exe
2026-09-28T13:55:30Z,DEV-WS-18,ACME\\jpatel,modify,C:\Temp\app.dmp,powershell.exe
2026-09-28T13:56:31Z,FILE-DEV-03,ACME\\svc_build,create,C:\Temp\app.dmp,msbuild.exe
2026-09-28T13:57:32Z,FILE-DEV-03,ACME\\svc_build,read,C:\Temp\app.dmp,git.exe
2026-09-28T13:58:33Z,DEV-WS-12,ACME\\jpatel,create,C:\ProgramData\Build\build.log,cmd.exe
2026-09-28T13:59:34Z,DEV-WS-03,ACME\\svc_build,read,C:\ProgramData\Build\build.log,chrome.exe
2026-09-28T14:00:35Z,FILE-DEV-03,ACME\\rlee,create,C:\Users\Public\notes.txt,code.exe
2026-09-28T14:01:36Z,FILE-DEV-03,ACME\\rlee,read,C:\ProgramData\Build\build.log,cmd.exe
2026-09-28T14:02:37Z,FILE-DEV-03,ACME\\svc_build,read,C:\Users\Public\notes.txt,git.exe
2026-09-28T14:03:38Z,DEV-WS-12,ACME\\jpatel,read,C:\ProgramData\Build\build.log,powershell.exe
2026-09-28T14:04:39Z,DEV-WS-03,ACME\\jpatel,modify,C:\ProgramData\Build\build.log,msbuild.exe
2026-09-28T14:05:40Z,FILE-DEV-03,ACME\\jpatel,modify,C:\Temp\app.dmp,cmd.exe
2026-09-28T14:06:41Z,BUILD-02,ACME\\jpatel,modify,C:\ProgramData\Build\build.log,powershell.exe
2026-09-28T14:07:42Z,DEV-WS-03,ACME\\svc_build,read,C:\Temp\app.dmp,msbuild.exe
2026-09-28T14:08:43Z,FILE-DEV-03,ACME\\svc_build,create,C:\Temp\app.dmp,powershell.exe
2026-09-28T14:09:44Z,DEV-WS-12,ACME\\jpatel,create,C:\Users\Public\notes.txt,git.exe
2026-09-28T14:10:45Z,DEV-WS-12,ACME\\svc_build,read,C:\ProgramData\Build\build.log,cmd.exe
2026-09-28T14:11:46Z,DEV-WS-07,ACME\\rlee,read,C:\Users\Public\notes.txt,msbuild.exe
2026-09-28T14:12:47Z,FILE-DEV-03,ACME\\svc_build,modify,C:\ProgramData\Build\build.log,powershell.exe
2026-09-28T14:13:48Z,FILE-DEV-03,ACME\\rlee,create,C:\Temp\app.dmp,python.exe
2026-09-28T14:14:49Z,DEV-WS-18,ACME\\jpatel,read,C:\Users\Public\notes.txt,python.exe
2026-09-28T14:15:50Z,DEV-WS-12,ACME\\svc_build,create,C:\Users\Public\notes.txt,code.exe
2026-09-28T14:16:51Z,DEV-WS-03,ACME\\jpatel,read,C:\Users\Public\notes.txt,msbuild.exe
2026-09-28T14:17:52Z,DEV-WS-07,ACME\\jpatel,modify,C:\Users\Public\notes.txt,python.exe
2026-09-28T14:18:00Z,DEV-WS-12,ACME\\rlee,modify,C:\ProgramData\Build\build.log,chrome.exe
2026-09-28T14:19:01Z,DEV-WS-03,ACME\\rlee,modify,C:\ProgramData\Build\build.log,msbuild.exe
2026-09-28T14:20:02Z,DEV-WS-07,ACME\\jpatel,read,C:\Temp\app.dmp,python.exe
2026-09-28T14:21:03Z,DEV-WS-07,ACME\\jpatel,read,C:\ProgramData\Build\build.log,msbuild.exe
2026-09-28T14:22:04Z,DEV-WS-03,ACME\\jpatel,read,C:\ProgramData\Build\build.log,cmd.exe
2026-09-28T14:23:05Z,BUILD-02,ACME\\jpatel,read,C:\ProgramData\Build\build.log,python.exe
2026-09-28T14:24:06Z,DEV-WS-12,ACME\\rlee,read,C:\ProgramData\Build\build.log,git.exe
2026-09-28T14:25:07Z,DEV-WS-03,ACME\\svc_build,create,C:\Temp\app.dmp,python.exe
2026-09-28T14:26:08Z,FILE-DEV-03,ACME\\rlee,read,C:\Temp\app.dmp,git.exe
2026-09-28T14:27:09Z,DEV-WS-07,ACME\\rlee,read,C:\ProgramData\Build\build.log,git.exe
2026-09-28T14:28:10Z,DEV-WS-18,ACME\\rlee,read,C:\Users\Public\notes.txt,git.exe
2026-09-28T14:29:11Z,BUILD-02,ACME\\svc_build,modify,C:\Temp\app.dmp,git.exe
2026-09-28T14:30:12Z,DEV-WS-03,ACME\\svc_build,modify,C:\Temp\app.dmp,chrome.exe
2026-09-28T14:31:13Z,DEV-WS-03,ACME\\svc_build,modify,C:\Temp\app.dmp,cmd.exe
2026-09-28T14:32:14Z,DEV-WS-12,ACME\\jpatel,read,C:\Temp\app.dmp,msbuild.exe
2026-09-28T14:33:15Z,DEV-WS-12,ACME\\jpatel,read,C:\ProgramData\Build\build.log,cmd.exe
2026-09-28T14:34:16Z,BUILD-02,ACME\\jpatel,read,C:\ProgramData\Build\build.log,python.exe
2026-09-28T14:35:17Z,BUILD-02,ACME\\jpatel,create,C:\Temp\app.dmp,cmd.exe
2026-09-28T14:36:18Z,DEV-WS-07,ACME\\svc_build,create,C:\ProgramData\Build\build.log,code.exe
2026-09-28T14:37:19Z,DEV-WS-07,ACME\\rlee,create,C:\Temp\app.dmp,cmd.exe
2026-09-28T14:38:20Z,FILE-DEV-03,ACME\\rlee,create,C:\Temp\app.dmp,git.exe
2026-09-28T14:39:21Z,DEV-WS-12,ACME\\jpatel,read,C:\Temp\app.dmp,powershell.exe
2026-09-28T14:40:22Z,DEV-WS-03,ACME\\svc_build,read,C:\ProgramData\Build\build.log,powershell.exe
2026-09-28T14:41:23Z,DEV-WS-03,ACME\\svc_build,modify,C:\Temp\app.dmp,chrome.exe
2026-09-28T14:42:24Z,FILE-DEV-03,ACME\\svc_build,read,C:\ProgramData\Build\build.log,git.exe
2026-09-28T14:43:25Z,DEV-WS-12,ACME\\svc_build,modify,C:\Users\Public\notes.txt,cmd.exe
2026-09-28T14:44:26Z,DEV-WS-07,ACME\\jpatel,create,C:\ProgramData\Build\build.log,powershell.exe
2026-09-28T14:45:27Z,DEV-WS-07,ACME\\rlee,read,C:\Temp\app.dmp,git.exe
2026-09-28T14:46:28Z,DEV-WS-03,ACME\\jpatel,read,C:\Users\Public\notes.txt,git.exe
2026-09-28T14:47:29Z,FILE-DEV-03,ACME\\svc_build,read,C:\Temp\app.dmp,chrome.exe
2026-09-28T14:48:30Z,DEV-WS-03,ACME\\svc_build,modify,C:\Users\Public\notes.txt,powershell.exe
2026-09-28T14:49:31Z,DEV-WS-18,ACME\\rlee,modify,C:\Temp\app.dmp,git.exe
2026-09-28T14:50:32Z,BUILD-02,ACME\\rlee,modify,C:\ProgramData\Build\build.log,msbuild.exe
2026-09-28T14:51:33Z,DEV-WS-12,ACME\\rlee,read,C:\Users\Public\notes.txt,python.exe
2026-09-28T14:52:34Z,DEV-WS-18,ACME\\jpatel,modify,C:\Temp\app.dmp,cmd.exe
2026-09-28T14:53:35Z,DEV-WS-03,ACME\\svc_build,create,C:\ProgramData\Build\build.log,git.exe
2026-09-28T14:54:36Z,DEV-WS-03,ACME\\jpatel,modify,C:\Temp\app.dmp,chrome.exe
2026-09-28T14:55:37Z,FILE-DEV-03,ACME\\rlee,modify,C:\Temp\app.dmp,powershell.exe
2026-09-28T14:56:38Z,DEV-WS-18,ACME\\jpatel,read,C:\Users\Public\notes.txt,code.exe
2026-09-28T14:57:39Z,FILE-DEV-03,ACME\\jpatel,modify,C:\Users\Public\notes.txt,code.exe
2026-09-28T14:58:40Z,DEV-WS-03,ACME\\svc_build,create,C:\ProgramData\Build\build.log,code.exe
2026-09-28T14:59:41Z,DEV-WS-07,ACME\\jpatel,create,C:\ProgramData\Build\build.log,powershell.exe
2026-09-28T15:00:42Z,BUILD-02,ACME\\svc_build,modify,C:\ProgramData\Build\build.log,git.exe
2026-09-28T15:01:43Z,DEV-WS-12,ACME\\svc_build,create,C:\Temp\app.dmp,cmd.exe
2026-09-28T15:02:44Z,DEV-WS-03,ACME\\rlee,modify,C:\Users\Public\notes.txt,cmd.exe
2026-09-28T15:03:45Z,DEV-WS-03,ACME\\svc_build,read,C:\Users\Public\notes.txt,chrome.exe
2026-09-28T15:04:46Z,BUILD-02,ACME\\rlee,create,C:\Temp\app.dmp,python.exe
2026-09-28T15:05:47Z,DEV-WS-18,ACME\\svc_build,create,C:\Users\Public\notes.txt,powershell.exe
2026-09-28T15:06:48Z,BUILD-02,ACME\\svc_build,modify,C:\Users\Public\notes.txt,python.exe
2026-09-28T15:07:49Z,DEV-WS-12,ACME\\svc_build,read,C:\Temp\app.dmp,powershell.exe
2026-09-28T15:08:50Z,DEV-WS-12,ACME\\rlee,create,C:\Temp\app.dmp,code.exe
2026-09-28T15:09:51Z,DEV-WS-18,ACME\\rlee,modify,C:\ProgramData\Build\build.log,git.exe
2026-09-28T15:10:52Z,DEV-WS-03,ACME\\svc_build,modify,C:\ProgramData\Build\build.log,chrome.exe
2026-09-28T15:11:00Z,DEV-WS-12,ACME\\rlee,modify,C:\Users\Public\notes.txt,cmd.exe
2026-09-28T15:12:01Z,DEV-WS-18,ACME\\svc_build,create,C:\Users\Public\notes.txt,cmd.exe
2026-09-28T15:13:02Z,FILE-DEV-03,ACME\\svc_build,read,C:\Users\Public\notes.txt,cmd.exe
2026-09-28T15:14:03Z,FILE-DEV-03,ACME\\rlee,read,C:\Temp\app.dmp,msbuild.exe
2026-09-28T15:15:04Z,DEV-WS-18,ACME\\rlee,create,C:\ProgramData\Build\build.log,python.exe
2026-09-28T15:16:05Z,FILE-DEV-03,ACME\\svc_build,create,C:\Users\Public\notes.txt,msbuild.exe
2026-09-28T15:17:06Z,DEV-WS-18,ACME\\rlee,read,C:\Users\Public\notes.txt,chrome.exe
2026-09-28T15:18:07Z,FILE-DEV-03,ACME\\rlee,read,C:\ProgramData\Build\build.log,msbuild.exe
2026-09-28T15:19:08Z,FILE-DEV-03,ACME\\jpatel,read,C:\Temp\app.dmp,chrome.exe
2026-09-28T15:20:09Z,DEV-WS-03,ACME\\rlee,read,C:\ProgramData\Build\build.log,code.exe
2026-09-28T15:21:10Z,DEV-WS-07,ACME\\jpatel,create,C:\Users\Public\notes.txt,python.exe
2026-09-28T15:22:11Z,BUILD-02,ACME\\jpatel,read,C:\Users\Public\notes.txt,powershell.exe
2026-09-28T15:23:12Z,BUILD-02,ACME\\svc_build,modify,C:\ProgramData\Build\build.log,git.exe
2026-09-28T15:24:13Z,DEV-WS-03,ACME\\rlee,read,C:\Temp\app.dmp,code.exe
2026-09-28T15:25:14Z,DEV-WS-03,ACME\\jpatel,read,C:\Temp\app.dmp,chrome.exe
2026-09-28T15:26:15Z,DEV-WS-07,ACME\\svc_build,read,C:\Users\Public\notes.txt,cmd.exe
2026-09-28T15:27:16Z,BUILD-02,ACME\\jpatel,modify,C:\Temp\app.dmp,git.exe
2026-09-28T15:28:17Z,DEV-WS-03,ACME\\jpatel,read,C:\Temp\app.dmp,python.exe
2026-09-28T15:29:18Z,BUILD-02,ACME\\rlee,modify,C:\Users\Public\notes.txt,powershell.exe
2026-09-28T15:30:19Z,DEV-WS-07,ACME\\svc_build,read,C:\ProgramData\Build\build.log,msbuild.exe
2026-09-28T15:31:20Z,FILE-DEV-03,ACME\\svc_build,read,C:\Users\Public\notes.txt,chrome.exe
2026-09-28T15:32:21Z,DEV-WS-12,ACME\\svc_build,read,C:\ProgramData\Build\build.log,git.exe
2026-09-28T15:33:22Z,DEV-WS-03,ACME\\svc_build,modify,C:\ProgramData\Build\build.log,cmd.exe
2026-09-28T15:34:23Z,DEV-WS-03,ACME\\svc_build,read,C:\Temp\app.dmp,chrome.exe
2026-09-28T15:35:24Z,DEV-WS-18,ACME\\rlee,modify,C:\ProgramData\Build\build.log,powershell.exe
2026-09-28T15:36:25Z,DEV-WS-03,ACME\\rlee,read,C:\Temp\app.dmp,msbuild.exe
2026-09-28T15:37:26Z,DEV-WS-12,ACME\\svc_build,create,C:\Temp\app.dmp,git.exe
2026-09-28T15:38:27Z,DEV-WS-03,ACME\\rlee,modify,C:\ProgramData\Build\build.log,python.exe
2026-09-28T15:39:28Z,DEV-WS-18,ACME\\jpatel,create,C:\Users\Public\notes.txt,powershell.exe
2026-09-28T15:40:29Z,DEV-WS-18,ACME\\jpatel,modify,C:\Temp\app.dmp,git.exe
2026-09-28T15:41:30Z,DEV-WS-03,ACME\\jpatel,modify,C:\Temp\app.dmp,cmd.exe
2026-09-28T15:42:31Z,DEV-WS-07,ACME\\jpatel,modify,C:\ProgramData\Build\build.log,code.exe
2026-09-28T15:43:32Z,DEV-WS-12,ACME\\rlee,create,C:\Temp\app.dmp,msbuild.exe
2026-09-28T15:44:33Z,DEV-WS-07,ACME\\svc_build,modify,C:\ProgramData\Build\build.log,code.exe
2026-09-28T15:45:34Z,DEV-WS-18,ACME\\jpatel,read,C:\ProgramData\Build\build.log,msbuild.exe
2026-09-28T15:46:35Z,BUILD-02,ACME\\jpatel,read,C:\ProgramData\Build\build.log,powershell.exe
2026-09-28T15:47:36Z,DEV-WS-07,ACME\\rlee,modify,C:\Users\Public\notes.txt,chrome.exe
2026-09-28T15:48:37Z,FILE-DEV-03,ACME\\rlee,modify,C:\Temp\app.dmp,cmd.exe
2026-09-28T15:49:38Z,DEV-WS-18,ACME\\rlee,create,C:\Users\Public\notes.txt,code.exe
2026-09-28T15:50:39Z,DEV-WS-18,ACME\\svc_build,read,C:\Users\Public\notes.txt,powershell.exe
2026-09-28T15:51:40Z,DEV-WS-18,ACME\\jpatel,read,C:\Users\Public\notes.txt,python.exe
2026-09-28T15:52:41Z,FILE-DEV-03,ACME\\jpatel,modify,C:\Users\Public\notes.txt,code.exe
2026-09-28T15:53:42Z,BUILD-02,ACME\\svc_build,create,C:\Users\Public\notes.txt,python.exe
2026-09-28T15:54:43Z,DEV-WS-07,ACME\\rlee,read,C:\Temp\app.dmp,python.exe
2026-09-28T15:55:44Z,DEV-WS-03,ACME\\svc_build,read,C:\Temp\app.dmp,cmd.exe
2026-09-28T15:56:45Z,BUILD-02,ACME\\svc_build,create,C:\Temp\app.dmp,powershell.exe
2026-09-28T15:57:46Z,DEV-WS-12,ACME\\jpatel,modify,C:\Temp\app.dmp,python.exe
2026-09-28T15:58:47Z,FILE-DEV-03,ACME\\svc_build,modify,C:\ProgramData\Build\build.log,msbuild.exe
2026-09-28T15:59:48Z,DEV-WS-03,ACME\\svc_build,read,C:\ProgramData\Build\build.log,powershell.exe
2026-09-28T16:00:49Z,DEV-WS-12,ACME\\jpatel,read,C:\ProgramData\Build\build.log,git.exe
2026-09-28T16:01:50Z,DEV-WS-18,ACME\\rlee,modify,C:\Users\Public\notes.txt,cmd.exe
2026-09-28T16:02:51Z,DEV-WS-12,ACME\\jpatel,create,C:\Users\Public\notes.txt,powershell.exe
2026-09-28T16:03:52Z,DEV-WS-07,ACME\\rlee,modify,C:\Temp\app.dmp,code.exe
2026-09-28T16:04:00Z,FILE-DEV-03,ACME\\rlee,create,C:\Temp\app.dmp,cmd.exe
2026-09-28T16:05:01Z,DEV-WS-03,ACME\\jpatel,modify,C:\ProgramData\Build\build.log,git.exe
2026-09-28T16:06:02Z,BUILD-02,ACME\\svc_build,create,C:\ProgramData\Build\build.log,powershell.exe
2026-09-28T16:07:03Z,DEV-WS-12,ACME\\rlee,modify,C:\ProgramData\Build\build.log,msbuild.exe
2026-09-28T16:08:04Z,DEV-WS-07,ACME\\rlee,create,C:\ProgramData\Build\build.log,python.exe
2026-09-28T16:09:05Z,DEV-WS-18,ACME\\rlee,create,C:\ProgramData\Build\build.log,code.exe
2026-09-28T16:10:06Z,DEV-WS-03,ACME\\jpatel,modify,C:\ProgramData\Build\build.log,cmd.exe
2026-09-28T16:11:07Z,BUILD-02,ACME\\jpatel,modify,C:\Users\Public\notes.txt,git.exe
2026-09-28T16:12:08Z,DEV-WS-03,ACME\\rlee,create,C:\ProgramData\Build\build.log,chrome.exe
2026-09-28T16:13:09Z,DEV-WS-18,ACME\\svc_build,modify,C:\Users\Public\notes.txt,code.exe
2026-09-28T16:14:10Z,DEV-WS-12,ACME\\svc_build,modify,C:\Users\Public\notes.txt,powershell.exe
2026-09-28T16:15:11Z,DEV-WS-07,ACME\\rlee,modify,C:\Temp\app.dmp,powershell.exe
2026-09-28T16:16:12Z,DEV-WS-03,ACME\\rlee,read,C:\ProgramData\Build\build.log,python.exe
2026-09-28T16:17:13Z,DEV-WS-18,ACME\\jpatel,read,C:\Users\Public\notes.txt,powershell.exe
2026-09-28T16:18:14Z,DEV-WS-18,ACME\\rlee,create,C:\Temp\app.dmp,python.exe
2026-09-28T16:19:15Z,DEV-WS-12,ACME\\rlee,read,C:\ProgramData\Build\build.log,powershell.exe
2026-09-28T16:20:16Z,FILE-DEV-03,ACME\\svc_build,read,C:\ProgramData\Build\build.log,code.exe
2026-09-28T16:21:17Z,DEV-WS-07,ACME\\jpatel,read,C:\ProgramData\Build\build.log,python.exe
2026-09-28T16:22:18Z,DEV-WS-18,ACME\\rlee,create,C:\Users\Public\notes.txt,powershell.exe
2026-09-28T16:23:19Z,FILE-DEV-03,ACME\\rlee,modify,C:\ProgramData\Build\build.log,powershell.exe
2026-09-28T16:24:20Z,BUILD-02,ACME\\jpatel,modify,C:\Users\Public\notes.txt,chrome.exe
2026-09-28T16:25:21Z,DEV-WS-12,ACME\\rlee,modify,C:\Users\Public\notes.txt,powershell.exe
2026-09-28T16:26:22Z,FILE-DEV-03,ACME\\rlee,read,C:\Temp\app.dmp,powershell.exe
2026-09-28T16:27:23Z,FILE-DEV-03,ACME\\rlee,create,C:\Temp\app.dmp,code.exe
2026-09-28T16:28:24Z,DEV-WS-18,ACME\\jpatel,create,C:\Temp\app.dmp,chrome.exe
2026-09-28T16:29:25Z,BUILD-02,ACME\\rlee,modify,C:\ProgramData\Build\build.log,msbuild.exe
2026-09-28T16:30:26Z,FILE-DEV-03,ACME\\svc_build,modify,C:\Temp\app.dmp,code.exe
2026-09-28T16:31:27Z,FILE-DEV-03,ACME\\rlee,read,C:\Users\Public\notes.txt,cmd.exe
2026-09-28T16:32:28Z,DEV-WS-12,ACME\\jpatel,modify,C:\Users\Public\notes.txt,powershell.exe
2026-09-28T16:33:29Z,DEV-WS-18,ACME\\rlee,create,C:\Temp\app.dmp,code.exe
2026-09-28T16:34:30Z,DEV-WS-12,ACME\\rlee,create,C:\Users\Public\notes.txt,cmd.exe
2026-09-28T16:35:31Z,FILE-DEV-03,ACME\\jpatel,create,C:\Temp\app.dmp,powershell.exe
2026-09-28T16:36:32Z,DEV-WS-12,ACME\\rlee,modify,C:\Users\Public\notes.txt,git.exe
2026-09-28T16:37:33Z,DEV-WS-07,ACME\\rlee,modify,C:\Users\Public\notes.txt,cmd.exe
2026-09-28T16:38:34Z,DEV-WS-03,ACME\\rlee,create,C:\Temp\app.dmp,cmd.exe
2026-09-28T16:39:35Z,FILE-DEV-03,ACME\\svc_build,create,C:\Temp\app.dmp,powershell.exe
2026-09-28T16:40:36Z,BUILD-02,ACME\\jpatel,create,C:\Temp\app.dmp,msbuild.exe
2026-09-28T16:41:37Z,BUILD-02,ACME\\svc_build,create,C:\Temp\app.dmp,chrome.exe
2026-09-28T16:42:38Z,DEV-WS-18,ACME\\svc_build,read,C:\ProgramData\Build\build.log,msbuild.exe
2026-09-28T16:43:39Z,DEV-WS-03,ACME\\jpatel,modify,C:\Temp\app.dmp,code.exe
2026-09-28T16:44:40Z,DEV-WS-12,ACME\\jpatel,create,C:\ProgramData\Build\build.log,chrome.exe
2026-09-28T16:45:41Z,DEV-WS-03,ACME\\jpatel,read,C:\Users\Public\notes.txt,cmd.exe
2026-09-28T16:46:42Z,DEV-WS-07,ACME\\rlee,create,C:\Users\Public\notes.txt,powershell.exe
2026-09-28T16:47:43Z,FILE-DEV-03,ACME\\svc_build,create,C:\Users\Public\notes.txt,git.exe
2026-09-28T16:48:44Z,DEV-WS-12,ACME\\rlee,read,C:\ProgramData\Build\build.log,code.exe
2026-09-28T16:49:45Z,DEV-WS-18,ACME\\jpatel,modify,C:\ProgramData\Build\build.log,git.exe
2026-09-28T16:50:46Z,DEV-WS-07,ACME\\svc_build,create,C:\Users\Public\notes.txt,powershell.exe
2026-09-28T16:51:47Z,DEV-WS-18,ACME\\svc_build,create,C:\Users\Public\notes.txt,python.exe
2026-09-28T16:52:48Z,DEV-WS-03,ACME\\svc_build,create,C:\Temp\app.dmp,msbuild.exe
2026-09-28T16:53:49Z,FILE-DEV-03,ACME\\jpatel,create,C:\Temp\app.dmp,msbuild.exe
2026-09-28T16:54:50Z,DEV-WS-03,ACME\\rlee,modify,C:\ProgramData\Build\build.log,powershell.exe
2026-09-28T16:55:51Z,DEV-WS-07,ACME\\svc_build,modify,C:\ProgramData\Build\build.log,python.exe
2026-09-28T16:56:52Z,DEV-WS-03,ACME\\jpatel,modify,C:\Temp\app.dmp,python.exe
2026-09-28T16:57:00Z,DEV-WS-07,ACME\\rlee,modify,C:\Users\Public\notes.txt,powershell.exe
2026-09-28T16:58:01Z,DEV-WS-18,ACME\\jpatel,read,C:\Temp\app.dmp,chrome.exe
2026-09-28T16:59:02Z,DEV-WS-03,ACME\\svc_build,read,C:\Temp\app.dmp,powershell.exe
2026-09-28T13:00:03Z,DEV-WS-03,ACME\\rlee,modify,C:\Users\Public\notes.txt,powershell.exe
2026-09-28T13:01:04Z,BUILD-02,ACME\\jpatel,create,C:\ProgramData\Build\build.log,cmd.exe
2026-09-28T13:02:05Z,BUILD-02,ACME\\jpatel,read,C:\Temp\app.dmp,git.exe
2026-09-28T13:03:06Z,BUILD-02,ACME\\rlee,create,C:\Temp\app.dmp,code.exe
2026-09-28T13:04:07Z,FILE-DEV-03,ACME\\jpatel,modify,C:\Users\Public\notes.txt,powershell.exe
2026-09-28T13:05:08Z,FILE-DEV-03,ACME\\rlee,modify,C:\Users\Public\notes.txt,python.exe
2026-09-28T13:06:09Z,DEV-WS-07,ACME\\jpatel,read,C:\Temp\app.dmp,git.exe
2026-09-28T13:07:10Z,DEV-WS-12,ACME\\svc_build,modify,C:\Users\Public\notes.txt,cmd.exe
2026-09-28T13:08:11Z,DEV-WS-18,ACME\\jpatel,modify,C:\Temp\app.dmp,powershell.exe
2026-09-28T13:09:12Z,FILE-DEV-03,ACME\\jpatel,read,C:\Temp\app.dmp,code.exe
2026-09-28T13:10:13Z,BUILD-02,ACME\\jpatel,create,C:\Temp\app.dmp,python.exe
2026-09-28T13:11:14Z,BUILD-02,ACME\\jpatel,modify,C:\ProgramData\Build\build.log,powershell.exe
2026-09-28T13:12:15Z,BUILD-02,ACME\\rlee,modify,C:\Users\Public\notes.txt,python.exe
2026-09-28T13:13:16Z,FILE-DEV-03,ACME\\rlee,read,C:\ProgramData\Build\build.log,msbuild.exe
2026-09-28T13:14:17Z,DEV-WS-07,ACME\\rlee,modify,C:\Users\Public\notes.txt,git.exe
2026-09-28T13:15:18Z,DEV-WS-18,ACME\\svc_build,create,C:\ProgramData\Build\build.log,code.exe
2026-09-28T13:16:19Z,DEV-WS-03,ACME\\svc_build,read,C:\ProgramData\Build\build.log,cmd.exe
2026-09-28T13:17:20Z,FILE-DEV-03,ACME\\svc_build,create,C:\Users\Public\notes.txt,git.exe
2026-09-28T13:18:21Z,DEV-WS-03,ACME\\svc_build,create,C:\Users\Public\notes.txt,powershell.exe
2026-09-28T13:19:22Z,DEV-WS-07,ACME\\svc_build,create,C:\ProgramData\Build\build.log,cmd.exe
