_time,src_host,dest_host,user,protocol,result,logon_type
2026-09-28T13:00:00Z,DEV-WS-03,BUILD-02,ACME\\rlee,Kerberos,success,3
2026-09-28T13:01:01Z,DEV-WS-12,FILE-DEV-03,ACME\\svc_build,Kerberos,success,3
2026-09-28T13:02:02Z,DEV-WS-18,BUILD-02,ACME\\jpatel,NTLM,success,3
2026-09-28T13:03:03Z,DEV-WS-03,BUILD-02,ACME\\jpatel,Kerberos,success,3
2026-09-28T13:04:04Z,DEV-WS-12,BUILD-02,ACME\\jpatel,NTLM,success,3
2026-09-28T13:05:05Z,DEV-WS-07,BUILD-02,ACME\\svc_build,NTLM,success,3
2026-09-28T13:06:06Z,DEV-WS-18,BUILD-02,ACME\\jpatel,NTLM,success,3
2026-09-28T13:07:07Z,DEV-WS-18,FILE-DEV-03,ACME\\rlee,Kerberos,success,3
2026-09-28T13:08:08Z,DEV-WS-18,BUILD-02,ACME\\svc_build,Kerberos,success,3
2026-09-28T13:09:09Z,DEV-WS-03,BUILD-02,ACME\\rlee,Kerberos,success,3
2026-09-28T13:10:10Z,DEV-WS-18,FILE-DEV-03,ACME\\jpatel,NTLM,success,3
2026-09-28T13:11:11Z,DEV-WS-03,BUILD-02,ACME\\svc_build,NTLM,success,3
2026-09-28T13:12:12Z,DEV-WS-12,BUILD-02,ACME\\rlee,NTLM,success,3
2026-09-28T13:13:13Z,DEV-WS-18,FILE-DEV-03,ACME\\jpatel,Kerberos,success,3
2026-09-28T13:14:14Z,DEV-WS-18,FILE-DEV-03,ACME\\rlee,NTLM,success,3
2026-09-28T13:15:15Z,DEV-WS-18,FILE-DEV-03,ACME\\svc_build,NTLM,success,3
2026-09-28T13:16:16Z,DEV-WS-03,BUILD-02,ACME\\jpatel,Kerberos,success,3
2026-09-28T13:17:17Z,DEV-WS-07,BUILD-02,ACME\\rlee,Kerberos,success,3
2026-09-28T13:18:18Z,DEV-WS-03,FILE-DEV-03,ACME\\rlee,Kerberos,success,3
2026-09-28T13:19:19Z,DEV-WS-12,BUILD-02,ACME\\jpatel,NTLM,success,3
2026-09-28T13:20:20Z,DEV-WS-12,FILE-DEV-03,ACME\\rlee,NTLM,success,3
2026-09-28T13:21:21Z,DEV-WS-18,FILE-DEV-03,ACME\\rlee,NTLM,success,3
2026-09-28T13:22:22Z,DEV-WS-03,FILE-DEV-03,ACME\\jpatel,Kerberos,success,3
2026-09-28T13:23:23Z,DEV-WS-03,FILE-DEV-03,ACME\\rlee,NTLM,success,3
2026-09-28T13:24:24Z,DEV-WS-18,BUILD-02,ACME\\jpatel,Kerberos,success,3
2026-09-28T13:25:25Z,DEV-WS-07,BUILD-02,ACME\\svc_build,NTLM,success,3
2026-09-28T13:26:26Z,DEV-WS-07,BUILD-02,ACME\\svc_build,NTLM,success,3
2026-09-28T13:27:27Z,DEV-WS-18,FILE-DEV-03,ACME\\svc_build,Kerberos,success,3
2026-09-28T13:28:28Z,DEV-WS-18,BUILD-02,ACME\\rlee,Kerberos,success,3
2026-09-28T13:29:29Z,DEV-WS-18,FILE-DEV-03,ACME\\jpatel,Kerberos,success,3
2026-09-28T13:30:30Z,DEV-WS-12,FILE-DEV-03,ACME\\jpatel,NTLM,success,3
2026-09-28T13:31:31Z,DEV-WS-07,FILE-DEV-03,ACME\\svc_build,NTLM,success,3
2026-09-28T13:32:32Z,DEV-WS-12,BUILD-02,ACME\\rlee,Kerberos,success,3
2026-09-28T13:33:33Z,DEV-WS-07,BUILD-02,ACME\\rlee,Kerberos,success,3
2026-09-28T13:34:34Z,DEV-WS-03,BUILD-02,ACME\\svc_build,NTLM,success,3
2026-09-28T13:35:35Z,DEV-WS-07,BUILD-02,ACME\\jpatel,NTLM,success,3
2026-09-28T13:36:36Z,DEV-WS-18,FILE-DEV-03,ACME\\svc_build,Kerberos,success,3
2026-09-28T13:37:37Z,DEV-WS-12,FILE-DEV-03,ACME\\rlee,Kerberos,success,3
2026-09-28T13:38:38Z,DEV-WS-18,BUILD-02,ACME\\jpatel,NTLM,success,3
2026-09-28T13:39:39Z,DEV-WS-18,FILE-DEV-03,ACME\\jpatel,NTLM,success,3
2026-09-28T13:40:40Z,DEV-WS-18,BUILD-02,ACME\\svc_build,Kerberos,success,3
2026-09-28T13:41:41Z,DEV-WS-12,FILE-DEV-03,ACME\\svc_build,Kerberos,success,3
2026-09-28T13:42:42Z,DEV-WS-12,FILE-DEV-03,ACME\\jpatel,NTLM,success,3
2026-09-28T13:43:43Z,DEV-WS-07,FILE-DEV-03,ACME\\jpatel,NTLM,success,3
2026-09-28T13:44:44Z,DEV-WS-07,BUILD-02,ACME\\rlee,NTLM,success,3
2026-09-28T13:45:45Z,DEV-WS-03,FILE-DEV-03,ACME\\svc_build,Kerberos,success,3
2026-09-28T13:46:46Z,DEV-WS-12,FILE-DEV-03,ACME\\jpatel,NTLM,success,3
2026-09-28T13:47:47Z,DEV-WS-12,BUILD-02,ACME\\rlee,Kerberos,success,3
2026-09-28T13:48:48Z,DEV-WS-07,FILE-DEV-03,ACME\\svc_build,NTLM,success,3
2026-09-28T13:49:49Z,DEV-WS-07,BUILD-02,ACME\\rlee,Kerberos,success,3
2026-09-28T13:50:50Z,DEV-WS-12,BUILD-02,ACME\\svc_build,Kerberos,success,3
2026-09-28T13:51:00Z,DEV-WS-18,BUILD-02,ACME\\jpatel,NTLM,success,3
2026-09-28T13:52:01Z,DEV-WS-12,FILE-DEV-03,ACME\\jpatel,Kerberos,success,3
2026-09-28T13:53:02Z,DEV-WS-03,FILE-DEV-03,ACME\\jpatel,NTLM,success,3
2026-09-28T13:54:03Z,DEV-WS-03,FILE-DEV-03,ACME\\jpatel,Kerberos,success,3
2026-09-28T13:55:04Z,DEV-WS-03,BUILD-02,ACME\\jpatel,Kerberos,success,3
2026-09-28T13:56:05Z,DEV-WS-03,BUILD-02,ACME\\rlee,NTLM,success,3
2026-09-28T13:57:06Z,DEV-WS-12,FILE-DEV-03,ACME\\svc_build,Kerberos,success,3
2026-09-28T13:58:07Z,DEV-WS-07,FILE-DEV-03,ACME\\jpatel,NTLM,success,3
2026-09-28T13:59:08Z,DEV-WS-03,BUILD-02,ACME\\svc_build,Kerberos,success,3
2026-09-28T14:00:09Z,DEV-WS-07,BUILD-02,ACME\\svc_build,NTLM,success,3
2026-09-28T14:01:10Z,DEV-WS-12,BUILD-02,ACME\\svc_build,NTLM,success,3
2026-09-28T14:02:11Z,DEV-WS-03,BUILD-02,ACME\\svc_build,Kerberos,success,3
2026-09-28T14:03:12Z,DEV-WS-12,BUILD-02,ACME\\svc_build,NTLM,success,3
2026-09-28T14:04:13Z,DEV-WS-18,BUILD-02,ACME\\rlee,NTLM,success,3
2026-09-28T14:05:14Z,DEV-WS-18,FILE-DEV-03,ACME\\jpatel,Kerberos,success,3
2026-09-28T14:06:15Z,DEV-WS-12,FILE-DEV-03,ACME\\jpatel,Kerberos,success,3
2026-09-28T14:07:16Z,DEV-WS-03,FILE-DEV-03,ACME\\rlee,NTLM,success,3
2026-09-28T14:08:17Z,DEV-WS-18,BUILD-02,ACME\\rlee,NTLM,success,3
2026-09-28T14:09:18Z,DEV-WS-07,FILE-DEV-03,ACME\\jpatel,NTLM,success,3
2026-09-28T14:10:19Z,DEV-WS-18,BUILD-02,ACME\\jpatel,Kerberos,success,3
2026-09-28T14:11:20Z,DEV-WS-18,BUILD-02,ACME\\jpatel,Kerberos,success,3
2026-09-28T14:12:21Z,DEV-WS-18,BUILD-02,ACME\\jpatel,NTLM,success,3
2026-09-28T14:13:22Z,DEV-WS-07,FILE-DEV-03,ACME\\jpatel,Kerberos,success,3
2026-09-28T14:14:23Z,DEV-WS-18,FILE-DEV-03,ACME\\jpatel,NTLM,success,3
2026-09-28T14:15:24Z,DEV-WS-18,BUILD-02,ACME\\jpatel,Kerberos,success,3
2026-09-28T14:16:25Z,DEV-WS-03,BUILD-02,ACME\\svc_build,Kerberos,success,3
2026-09-28T14:17:26Z,DEV-WS-03,FILE-DEV-03,ACME\\jpatel,NTLM,success,3
2026-09-28T14:18:27Z,DEV-WS-12,BUILD-02,ACME\\svc_build,NTLM,success,3
2026-09-28T14:19:28Z,DEV-WS-03,BUILD-02,ACME\\svc_build,Kerberos,success,3
2026-09-28T14:20:29Z,DEV-WS-07,BUILD-02,ACME\\jpatel,Kerberos,success,3
2026-09-28T14:21:30Z,DEV-WS-12,FILE-DEV-03,ACME\\jpatel,NTLM,success,3
2026-09-28T14:22:31Z,DEV-WS-12,BUILD-02,ACME\\svc_build,NTLM,success,3
2026-09-28T14:23:32Z,DEV-WS-12,BUILD-02,ACME\\jpatel,Kerberos,success,3
2026-09-28T14:24:33Z,DEV-WS-07,FILE-DEV-03,ACME\\rlee,Kerberos,success,3
2026-09-28T14:25:34Z,DEV-WS-18,BUILD-02,ACME\\svc_build,Kerberos,success,3
2026-09-28T14:26:35Z,DEV-WS-18,FILE-DEV-03,ACME\\rlee,NTLM,success,3
2026-09-28T14:27:36Z,DEV-WS-03,FILE-DEV-03,ACME\\svc_build,NTLM,success,3
2026-09-28T14:28:37Z,DEV-WS-03,FILE-DEV-03,ACME\\svc_build,NTLM,success,3
2026-09-28T14:29:38Z,DEV-WS-12,BUILD-02,ACME\\svc_build,Kerberos,success,3
2026-09-28T14:30:39Z,DEV-WS-03,BUILD-02,ACME\\rlee,Kerberos,success,3
2026-09-28T14:31:40Z,DEV-WS-18,FILE-DEV-03,ACME\\rlee,Kerberos,success,3
2026-09-28T14:32:41Z,DEV-WS-18,BUILD-02,ACME\\svc_build,Kerberos,success,3
2026-09-28T14:33:42Z,DEV-WS-07,FILE-DEV-03,ACME\\rlee,NTLM,success,3
2026-09-28T14:34:43Z,DEV-WS-18,BUILD-02,ACME\\jpatel,NTLM,success,3
2026-09-28T14:35:44Z,DEV-WS-18,BUILD-02,ACME\\svc_build,Kerberos,success,3
2026-09-28T14:36:45Z,DEV-WS-07,FILE-DEV-03,ACME\\svc_build,Kerberos,success,3
2026-09-28T14:37:46Z,DEV-WS-18,FILE-DEV-03,ACME\\rlee,NTLM,success,3
2026-09-28T14:38:47Z,DEV-WS-12,FILE-DEV-03,ACME\\svc_build,Kerberos,success,3
2026-09-28T14:39:48Z,DEV-WS-03,BUILD-02,ACME\\rlee,NTLM,success,3
2026-09-28T14:40:49Z,DEV-WS-07,FILE-DEV-03,ACME\\rlee,Kerberos,success,3
2026-09-28T14:41:50Z,DEV-WS-12,BUILD-02,ACME\\jpatel,NTLM,success,3
2026-09-28T14:42:00Z,DEV-WS-12,FILE-DEV-03,ACME\\svc_build,NTLM,success,3
2026-09-28T14:43:01Z,DEV-WS-07,FILE-DEV-03,ACME\\jpatel,Kerberos,success,3
2026-09-28T14:44:02Z,DEV-WS-18,FILE-DEV-03,ACME\\svc_build,Kerberos,success,3
2026-09-28T14:45:03Z,DEV-WS-07,BUILD-02,ACME\\rlee,NTLM,success,3
2026-09-28T14:46:04Z,DEV-WS-18,BUILD-02,ACME\\jpatel,NTLM,success,3
2026-09-28T14:47:05Z,DEV-WS-12,FILE-DEV-03,ACME\\jpatel,Kerberos,success,3
2026-09-28T14:48:06Z,DEV-WS-18,BUILD-02,ACME\\rlee,NTLM,success,3
2026-09-28T14:49:07Z,DEV-WS-12,BUILD-02,ACME\\rlee,Kerberos,success,3
2026-09-28T14:50:08Z,DEV-WS-18,BUILD-02,ACME\\rlee,Kerberos,success,3
2026-09-28T14:51:09Z,DEV-WS-12,FILE-DEV-03,ACME\\rlee,Kerberos,success,3
2026-09-28T14:52:10Z,DEV-WS-03,FILE-DEV-03,ACME\\jpatel,Kerberos,success,3
2026-09-28T14:53:11Z,DEV-WS-07,FILE-DEV-03,ACME\\svc_build,NTLM,success,3
2026-09-28T14:54:12Z,DEV-WS-12,BUILD-02,ACME\\svc_build,NTLM,success,3
2026-09-28T14:55:13Z,DEV-WS-18,FILE-DEV-03,ACME\\jpatel,NTLM,success,3
2026-09-28T14:56:14Z,DEV-WS-12,BUILD-02,ACME\\svc_build,Kerberos,success,3
2026-09-28T14:57:15Z,DEV-WS-18,FILE-DEV-03,ACME\\rlee,Kerberos,success,3
2026-09-28T14:58:16Z,DEV-WS-18,FILE-DEV-03,ACME\\rlee,Kerberos,success,3
2026-09-28T14:59:17Z,DEV-WS-12,BUILD-02,ACME\\rlee,NTLM,success,3
2026-09-28T15:00:18Z,DEV-WS-18,FILE-DEV-03,ACME\\rlee,NTLM,success,3
2026-09-28T15:01:19Z,DEV-WS-03,BUILD-02,ACME\\jpatel,NTLM,success,3
2026-09-28T15:02:20Z,DEV-WS-12,BUILD-02,ACME\\jpatel,NTLM,success,3
2026-09-28T15:03:21Z,DEV-WS-03,FILE-DEV-03,ACME\\rlee,Kerberos,success,3
2026-09-28T15:04:22Z,DEV-WS-18,FILE-DEV-03,ACME\\svc_build,Kerberos,success,3
2026-09-28T15:05:23Z,DEV-WS-03,FILE-DEV-03,ACME\\jpatel,Kerberos,success,3
2026-09-28T15:06:24Z,DEV-WS-07,FILE-DEV-03,ACME\\jpatel,NTLM,success,3
2026-09-28T15:07:25Z,DEV-WS-12,BUILD-02,ACME\\svc_build,Kerberos,success,3
2026-09-28T15:08:26Z,DEV-WS-03,BUILD-02,ACME\\svc_build,Kerberos,success,3
2026-09-28T15:09:27Z,DEV-WS-18,BUILD-02,ACME\\jpatel,NTLM,success,3
2026-09-28T15:10:28Z,DEV-WS-12,FILE-DEV-03,ACME\\svc_build,NTLM,success,3
2026-09-28T15:11:29Z,DEV-WS-07,BUILD-02,ACME\\jpatel,Kerberos,success,3
2026-09-28T15:12:30Z,DEV-WS-18,FILE-DEV-03,ACME\\rlee,Kerberos,success,3
2026-09-28T15:13:31Z,DEV-WS-18,BUILD-02,ACME\\jpatel,Kerberos,success,3
2026-09-28T15:14:32Z,DEV-WS-07,BUILD-02,ACME\\rlee,NTLM,success,3
2026-09-28T15:15:33Z,DEV-WS-12,FILE-DEV-03,ACME\\rlee,Kerberos,success,3
2026-09-28T15:16:34Z,DEV-WS-03,FILE-DEV-03,ACME\\rlee,NTLM,success,3
2026-09-28T15:17:35Z,DEV-WS-03,FILE-DEV-03,ACME\\jpatel,Kerberos,success,3
2026-09-28T15:18:36Z,DEV-WS-03,BUILD-02,ACME\\rlee,Kerberos,success,3
2026-09-28T15:19:37Z,DEV-WS-07,FILE-DEV-03,ACME\\svc_build,NTLM,success,3
2026-09-28T15:20:38Z,DEV-WS-12,FILE-DEV-03,ACME\\svc_build,NTLM,success,3
2026-09-28T15:21:39Z,DEV-WS-18,FILE-DEV-03,ACME\\jpatel,Kerberos,success,3
2026-09-28T15:22:40Z,DEV-WS-12,BUILD-02,ACME\\svc_build,Kerberos,success,3
2026-09-28T15:23:41Z,DEV-WS-03,BUILD-02,ACME\\jpatel,NTLM,success,3
2026-09-28T15:24:42Z,DEV-WS-07,BUILD-02,ACME\\jpatel,NTLM,success,3
2026-09-28T15:25:43Z,DEV-WS-03,FILE-DEV-03,ACME\\rlee,NTLM,success,3
2026-09-28T15:26:44Z,DEV-WS-18,FILE-DEV-03,ACME\\rlee,Kerberos,success,3
2026-09-28T15:27:45Z,DEV-WS-12,FILE-DEV-03,ACME\\svc_build,Kerberos,success,3
2026-09-28T15:28:46Z,DEV-WS-03,FILE-DEV-03,ACME\\jpatel,Kerberos,success,3
2026-09-28T15:29:47Z,DEV-WS-18,BUILD-02,ACME\\rlee,NTLM,success,3
2026-09-28T15:30:48Z,DEV-WS-12,BUILD-02,ACME\\svc_build,NTLM,success,3
2026-09-28T15:31:49Z,DEV-WS-12,FILE-DEV-03,ACME\\svc_build,Kerberos,success,3
2026-09-28T15:32:50Z,DEV-WS-18,BUILD-02,ACME\\svc_build,Kerberos,success,3
2026-09-28T15:33:00Z,DEV-WS-18,FILE-DEV-03,ACME\\jpatel,Kerberos,success,3
2026-09-28T15:34:01Z,DEV-WS-18,FILE-DEV-03,ACME\\svc_build,NTLM,success,3
2026-09-28T15:35:02Z,DEV-WS-03,BUILD-02,ACME\\jpatel,NTLM,success,3
2026-09-28T15:36:03Z,DEV-WS-03,BUILD-02,ACME\\rlee,NTLM,success,3
2026-09-28T15:37:04Z,DEV-WS-03,FILE-DEV-03,ACME\\rlee,NTLM,success,3
2026-09-28T15:38:05Z,DEV-WS-03,FILE-DEV-03,ACME\\jpatel,NTLM,success,3
2026-09-28T15:39:06Z,DEV-WS-12,FILE-DEV-03,ACME\\rlee,NTLM,success,3
2026-09-28T15:40:07Z,DEV-WS-07,FILE-DEV-03,ACME\\jpatel,NTLM,success,3
2026-09-28T15:41:08Z,DEV-WS-18,BUILD-02,ACME\\svc_build,NTLM,success,3
2026-09-28T15:42:09Z,DEV-WS-18,FILE-DEV-03,ACME\\svc_build,NTLM,success,3
2026-09-28T15:43:10Z,DEV-WS-03,BUILD-02,ACME\\rlee,NTLM,success,3
2026-09-28T15:44:11Z,DEV-WS-18,FILE-DEV-03,ACME\\svc_build,Kerberos,success,3
2026-09-28T15:45:12Z,DEV-WS-12,BUILD-02,ACME\\jpatel,Kerberos,success,3
2026-09-28T15:46:13Z,DEV-WS-07,BUILD-02,ACME\\svc_build,NTLM,success,3
2026-09-28T15:47:14Z,DEV-WS-03,BUILD-02,ACME\\rlee,NTLM,success,3
2026-09-28T15:48:15Z,DEV-WS-07,BUILD-02,ACME\\rlee,NTLM,success,3
2026-09-28T15:49:16Z,DEV-WS-03,BUILD-02,ACME\\jpatel,NTLM,success,3
2026-09-28T15:50:17Z,DEV-WS-07,FILE-DEV-03,ACME\\rlee,Kerberos,success,3
2026-09-28T15:51:18Z,DEV-WS-03,BUILD-02,ACME\\rlee,Kerberos,success,3
2026-09-28T15:52:19Z,DEV-WS-18,FILE-DEV-03,ACME\\rlee,NTLM,success,3
2026-09-28T15:53:20Z,DEV-WS-03,BUILD-02,ACME\\rlee,Kerberos,success,3
2026-09-28T15:54:21Z,DEV-WS-12,FILE-DEV-03,ACME\\rlee,NTLM,success,3
2026-09-28T15:55:22Z,DEV-WS-18,FILE-DEV-03,ACME\\rlee,NTLM,success,3
2026-09-28T15:56:23Z,DEV-WS-07,FILE-DEV-03,ACME\\svc_build,Kerberos,success,3
2026-09-28T15:57:24Z,DEV-WS-18,BUILD-02,ACME\\svc_build,NTLM,success,3
2026-09-28T15:58:25Z,DEV-WS-12,BUILD-02,ACME\\svc_build,Kerberos,success,3
2026-09-28T15:59:26Z,DEV-WS-07,BUILD-02,ACME\\rlee,NTLM,success,3
2026-09-28T16:00:27Z,DEV-WS-07,FILE-DEV-03,ACME\\jpatel,NTLM,success,3
2026-09-28T16:01:28Z,DEV-WS-07,BUILD-02,ACME\\svc_build,NTLM,success,3
2026-09-28T16:02:29Z,DEV-WS-07,BUILD-02,ACME\\jpatel,Kerberos,success,3
2026-09-28T16:03:30Z,DEV-WS-07,BUILD-02,ACME\\jpatel,NTLM,success,3
2026-09-28T16:04:31Z,DEV-WS-03,FILE-DEV-03,ACME\\svc_build,Kerberos,success,3
2026-09-28T16:05:32Z,DEV-WS-18,BUILD-02,ACME\\svc_build,NTLM,success,3
2026-09-28T16:06:33Z,DEV-WS-18,FILE-DEV-03,ACME\\jpatel,Kerberos,success,3
2026-09-28T16:07:34Z,DEV-WS-07,FILE-DEV-03,ACME\\jpatel,NTLM,success,3
2026-09-28T16:08:35Z,DEV-WS-12,FILE-DEV-03,ACME\\jpatel,NTLM,success,3
2026-09-28T16:09:36Z,DEV-WS-12,BUILD-02,ACME\\jpatel,NTLM,success,3
2026-09-28T16:10:37Z,DEV-WS-03,FILE-DEV-03,ACME\\rlee,Kerberos,success,3
2026-09-28T16:11:38Z,DEV-WS-03,FILE-DEV-03,ACME\\svc_build,NTLM,success,3
2026-09-28T16:12:39Z,DEV-WS-12,BUILD-02,ACME\\rlee,Kerberos,success,3
2026-09-28T16:13:40Z,DEV-WS-03,FILE-DEV-03,ACME\\jpatel,Kerberos,success,3
2026-09-28T16:14:41Z,DEV-WS-07,FILE-DEV-03,ACME\\svc_build,Kerberos,success,3
2026-09-28T16:15:42Z,DEV-WS-12,BUILD-02,ACME\\jpatel,NTLM,success,3
2026-09-28T16:16:43Z,DEV-WS-18,BUILD-02,ACME\\svc_build,NTLM,success,3
2026-09-28T16:17:44Z,DEV-WS-07,FILE-DEV-03,ACME\\rlee,NTLM,success,3
2026-09-28T16:18:45Z,DEV-WS-12,FILE-DEV-03,ACME\\jpatel,NTLM,success,3
2026-09-28T16:19:46Z,DEV-WS-12,BUILD-02,ACME\\svc_build,Kerberos,success,3
2026-09-28T16:20:47Z,DEV-WS-12,FILE-DEV-03,ACME\\jpatel,NTLM,success,3
2026-09-28T16:21:48Z,DEV-WS-12,FILE-DEV-03,ACME\\rlee,NTLM,success,3
2026-09-28T16:22:49Z,DEV-WS-07,FILE-DEV-03,ACME\\jpatel,NTLM,success,3
2026-09-28T16:23:50Z,DEV-WS-12,BUILD-02,ACME\\rlee,NTLM,success,3
2026-09-28T16:24:00Z,DEV-WS-12,BUILD-02,ACME\\rlee,NTLM,success,3
2026-09-28T16:25:01Z,DEV-WS-03,BUILD-02,ACME\\svc_build,NTLM,success,3
2026-09-28T16:26:02Z,DEV-WS-18,FILE-DEV-03,ACME\\rlee,Kerberos,success,3
2026-09-28T16:27:03Z,DEV-WS-18,FILE-DEV-03,ACME\\rlee,Kerberos,success,3
2026-09-28T16:28:04Z,DEV-WS-18,BUILD-02,ACME\\svc_build,NTLM,success,3
2026-09-28T16:29:05Z,DEV-WS-12,BUILD-02,ACME\\rlee,NTLM,success,3
2026-09-28T16:30:06Z,DEV-WS-07,BUILD-02,ACME\\svc_build,Kerberos,success,3
2026-09-28T16:31:07Z,DEV-WS-12,FILE-DEV-03,ACME\\jpatel,NTLM,success,3
2026-09-28T16:32:08Z,DEV-WS-07,BUILD-02,ACME\\rlee,NTLM,success,3
2026-09-28T16:33:09Z,DEV-WS-03,FILE-DEV-03,ACME\\rlee,Kerberos,success,3
2026-09-28T16:34:10Z,DEV-WS-03,FILE-DEV-03,ACME\\svc_build,Kerberos,success,3
2026-09-28T16:35:11Z,DEV-WS-12,BUILD-02,ACME\\rlee,Kerberos,success,3
2026-09-28T16:36:12Z,DEV-WS-03,BUILD-02,ACME\\jpatel,Kerberos,success,3
2026-09-28T16:37:13Z,DEV-WS-03,FILE-DEV-03,ACME\\rlee,Kerberos,success,3
2026-09-28T16:38:14Z,DEV-WS-18,BUILD-02,ACME\\jpatel,NTLM,success,3
2026-09-28T16:39:15Z,DEV-WS-03,BUILD-02,ACME\\svc_build,Kerberos,success,3
2026-09-28T16:40:16Z,DEV-WS-07,BUILD-02,ACME\\rlee,Kerberos,success,3
2026-09-28T16:41:17Z,DEV-WS-18,FILE-DEV-03,ACME\\rlee,NTLM,success,3
2026-09-28T16:42:18Z,DEV-WS-07,FILE-DEV-03,ACME\\jpatel,NTLM,success,3
2026-09-28T16:43:19Z,DEV-WS-18,FILE-DEV-03,ACME\\rlee,Kerberos,success,3
2026-09-28T16:44:20Z,DEV-WS-03,FILE-DEV-03,ACME\\jpatel,NTLM,success,3
2026-09-28T16:45:21Z,DEV-WS-18,FILE-DEV-03,ACME\\jpatel,NTLM,success,3
2026-09-28T16:46:22Z,DEV-WS-12,FILE-DEV-03,ACME\\svc_build,Kerberos,success,3
2026-09-28T16:47:23Z,DEV-WS-18,BUILD-02,ACME\\svc_build,NTLM,success,3
2026-09-28T16:48:24Z,DEV-WS-12,FILE-DEV-03,ACME\\rlee,NTLM,success,3
2026-09-28T16:49:25Z,DEV-WS-07,BUILD-02,ACME\\rlee,Kerberos,success,3
2026-09-28T16:50:26Z,DEV-WS-07,FILE-DEV-03,ACME\\svc_build,Kerberos,success,3
2026-09-28T16:51:27Z,DEV-WS-12,FILE-DEV-03,ACME\\jpatel,Kerberos,success,3
2026-09-28T16:52:28Z,DEV-WS-03,FILE-DEV-03,ACME\\svc_build,Kerberos,success,3
2026-09-28T16:53:29Z,DEV-WS-12,BUILD-02,ACME\\jpatel,Kerberos,success,3
2026-09-28T16:54:30Z,DEV-WS-18,FILE-DEV-03,ACME\\jpatel,Kerberos,success,3
2026-09-28T16:55:31Z,DEV-WS-03,FILE-DEV-03,ACME\\svc_build,Kerberos,success,3
2026-09-28T16:56:32Z,DEV-WS-18,FILE-DEV-03,ACME\\jpatel,NTLM,success,3
2026-09-28T16:57:33Z,DEV-WS-07,FILE-DEV-03,ACME\\rlee,Kerberos,success,3
2026-09-28T16:58:34Z,DEV-WS-12,FILE-DEV-03,ACME\\rlee,NTLM,success,3
2026-09-28T16:59:35Z,DEV-WS-07,FILE-DEV-03,ACME\\jpatel,Kerberos,success,3
2026-09-28T13:00:36Z,DEV-WS-07,FILE-DEV-03,ACME\\jpatel,NTLM,success,3
2026-09-28T13:01:37Z,DEV-WS-07,BUILD-02,ACME\\svc_build,NTLM,success,3
2026-09-28T13:02:38Z,DEV-WS-18,FILE-DEV-03,ACME\\svc_build,Kerberos,success,3
2026-09-28T13:03:39Z,DEV-WS-03,FILE-DEV-03,ACME\\svc_build,NTLM,success,3
2026-09-28T13:04:40Z,DEV-WS-03,FILE-DEV-03,ACME\\svc_build,Kerberos,success,3
2026-09-28T13:05:41Z,DEV-WS-12,FILE-DEV-03,ACME\\svc_build,Kerberos,success,3
2026-09-28T13:06:42Z,DEV-WS-07,BUILD-02,ACME\\svc_build,NTLM,success,3
2026-09-28T13:07:43Z,DEV-WS-18,BUILD-02,ACME\\svc_build,NTLM,success,3
2026-09-28T13:08:44Z,DEV-WS-12,BUILD-02,ACME\\jpatel,Kerberos,success,3
2026-09-28T13:09:45Z,DEV-WS-12,FILE-DEV-03,ACME\\jpatel,NTLM,success,3
2026-09-28T14:14:00Z,DEV-WS-12,FILE-DEV-03,ACME\jpatel,Kerberos,success,3
2026-09-28T13:11:47Z,DEV-WS-07,BUILD-02,ACME\\jpatel,NTLM,success,3
2026-09-28T13:12:48Z,DEV-WS-12,FILE-DEV-03,ACME\\rlee,Kerberos,success,3
2026-09-28T13:13:49Z,DEV-WS-12,BUILD-02,ACME\\jpatel,Kerberos,success,3
2026-09-28T13:14:50Z,DEV-WS-12,FILE-DEV-03,ACME\\svc_build,NTLM,success,3
2026-09-28T13:15:00Z,DEV-WS-18,BUILD-02,ACME\\svc_build,NTLM,success,3
2026-09-28T13:16:01Z,DEV-WS-07,FILE-DEV-03,ACME\\svc_build,NTLM,success,3
2026-09-28T13:17:02Z,DEV-WS-18,BUILD-02,ACME\\jpatel,Kerberos,success,3
2026-09-28T13:18:03Z,DEV-WS-18,BUILD-02,ACME\\svc_build,NTLM,success,3
2026-09-28T13:19:04Z,DEV-WS-07,FILE-DEV-03,ACME\\svc_build,NTLM,success,3
2026-09-28T13:20:05Z,DEV-WS-18,FILE-DEV-03,ACME\\rlee,NTLM,success,3
2026-09-28T13:21:06Z,DEV-WS-18,FILE-DEV-03,ACME\\rlee,NTLM,success,3
2026-09-28T13:22:07Z,DEV-WS-18,FILE-DEV-03,ACME\\svc_build,Kerberos,success,3
2026-09-28T13:23:08Z,DEV-WS-03,BUILD-02,ACME\\jpatel,Kerberos,success,3
2026-09-28T13:24:09Z,DEV-WS-07,BUILD-02,ACME\\rlee,Kerberos,success,3
2026-09-28T13:25:10Z,DEV-WS-07,FILE-DEV-03,ACME\\jpatel,NTLM,success,3
2026-09-28T13:26:11Z,DEV-WS-03,FILE-DEV-03,ACME\\jpatel,Kerberos,success,3
2026-09-28T13:27:12Z,DEV-WS-18,FILE-DEV-03,ACME\\jpatel,NTLM,success,3
2026-09-28T13:28:13Z,DEV-WS-18,BUILD-02,ACME\\rlee,Kerberos,success,3
2026-09-28T13:29:14Z,DEV-WS-18,FILE-DEV-03,ACME\\svc_build,Kerberos,success,3
2026-09-28T13:30:15Z,DEV-WS-03,FILE-DEV-03,ACME\\svc_build,Kerberos,success,3
2026-09-28T13:31:16Z,DEV-WS-03,FILE-DEV-03,ACME\\svc_build,Kerberos,success,3
2026-09-28T13:32:17Z,DEV-WS-18,FILE-DEV-03,ACME\\svc_build,NTLM,success,3
2026-09-28T13:33:18Z,DEV-WS-03,BUILD-02,ACME\\svc_build,Kerberos,success,3
2026-09-28T13:34:19Z,DEV-WS-18,BUILD-02,ACME\\rlee,NTLM,success,3
2026-09-28T13:35:20Z,DEV-WS-07,BUILD-02,ACME\\svc_build,NTLM,success,3
2026-09-28T13:36:21Z,DEV-WS-07,FILE-DEV-03,ACME\\svc_build,Kerberos,success,3
2026-09-28T13:37:22Z,DEV-WS-12,FILE-DEV-03,ACME\\jpatel,NTLM,success,3
2026-09-28T13:38:23Z,DEV-WS-12,FILE-DEV-03,ACME\\rlee,Kerberos,success,3
2026-09-28T13:39:24Z,DEV-WS-03,BUILD-02,ACME\\jpatel,Kerberos,success,3
2026-09-28T13:40:25Z,DEV-WS-03,FILE-DEV-03,ACME\\jpatel,NTLM,success,3
2026-09-28T13:41:26Z,DEV-WS-18,FILE-DEV-03,ACME\\rlee,Kerberos,success,3
2026-09-28T13:42:27Z,DEV-WS-07,FILE-DEV-03,ACME\\svc_build,NTLM,success,3
2026-09-28T13:43:28Z,DEV-WS-12,FILE-DEV-03,ACME\\rlee,Kerberos,success,3
2026-09-28T13:44:29Z,DEV-WS-07,FILE-DEV-03,ACME\\svc_build,Kerberos,success,3
2026-09-28T13:45:30Z,DEV-WS-03,FILE-DEV-03,ACME\\svc_build,NTLM,success,3
2026-09-28T13:46:31Z,DEV-WS-12,FILE-DEV-03,ACME\\jpatel,Kerberos,success,3
2026-09-28T13:47:32Z,DEV-WS-07,FILE-DEV-03,ACME\\jpatel,Kerberos,success,3
2026-09-28T13:48:33Z,DEV-WS-03,BUILD-02,ACME\\svc_build,Kerberos,success,3
2026-09-28T13:49:34Z,DEV-WS-12,BUILD-02,ACME\\jpatel,NTLM,success,3
2026-09-28T13:50:35Z,DEV-WS-12,FILE-DEV-03,ACME\\jpatel,NTLM,success,3
2026-09-28T13:51:36Z,DEV-WS-07,BUILD-02,ACME\\rlee,Kerberos,success,3
2026-09-28T13:52:37Z,DEV-WS-03,FILE-DEV-03,ACME\\jpatel,Kerberos,success,3
2026-09-28T13:53:38Z,DEV-WS-12,BUILD-02,ACME\\svc_build,NTLM,success,3
2026-09-28T13:54:39Z,DEV-WS-12,BUILD-02,ACME\\svc_build,Kerberos,success,3
2026-09-28T13:55:40Z,DEV-WS-18,BUILD-02,ACME\\jpatel,NTLM,success,3
2026-09-28T13:56:41Z,DEV-WS-03,BUILD-02,ACME\\jpatel,NTLM,success,3
2026-09-28T13:57:42Z,DEV-WS-18,BUILD-02,ACME\\svc_build,NTLM,success,3
2026-09-28T13:58:43Z,DEV-WS-03,BUILD-02,ACME\\jpatel,Kerberos,success,3
2026-09-28T13:59:44Z,DEV-WS-03,BUILD-02,ACME\\svc_build,NTLM,success,3
2026-09-28T14:00:45Z,DEV-WS-12,FILE-DEV-03,ACME\\svc_build,NTLM,success,3
2026-09-28T14:01:46Z,DEV-WS-12,BUILD-02,ACME\\svc_build,NTLM,success,3
2026-09-28T14:02:47Z,DEV-WS-18,BUILD-02,ACME\\jpatel,Kerberos,success,3
2026-09-28T14:03:48Z,DEV-WS-18,BUILD-02,ACME\\rlee,Kerberos,success,3
2026-09-28T14:04:49Z,DEV-WS-03,BUILD-02,ACME\\rlee,NTLM,success,3
2026-09-28T14:05:50Z,DEV-WS-03,BUILD-02,ACME\\svc_build,Kerberos,success,3
2026-09-28T14:06:00Z,DEV-WS-07,BUILD-02,ACME\\svc_build,NTLM,success,3
2026-09-28T14:07:01Z,DEV-WS-12,FILE-DEV-03,ACME\\svc_build,NTLM,success,3
2026-09-28T14:08:02Z,DEV-WS-03,FILE-DEV-03,ACME\\jpatel,Kerberos,success,3
2026-09-28T14:09:03Z,DEV-WS-18,BUILD-02,ACME\\jpatel,NTLM,success,3
2026-09-28T14:10:04Z,DEV-WS-03,FILE-DEV-03,ACME\\svc_build,NTLM,success,3
2026-09-28T14:11:05Z,DEV-WS-12,FILE-DEV-03,ACME\\jpatel,Kerberos,success,3
2026-09-28T14:12:06Z,DEV-WS-03,BUILD-02,ACME\\svc_build,Kerberos,success,3
2026-09-28T14:13:07Z,DEV-WS-18,BUILD-02,ACME\\svc_build,Kerberos,success,3
2026-09-28T14:14:08Z,DEV-WS-12,FILE-DEV-03,ACME\\rlee,Kerberos,success,3
2026-09-28T14:15:09Z,DEV-WS-07,FILE-DEV-03,ACME\\jpatel,Kerberos,success,3
2026-09-28T14:16:10Z,DEV-WS-12,BUILD-02,ACME\\svc_build,NTLM,success,3
2026-09-28T14:17:11Z,DEV-WS-07,BUILD-02,ACME\\rlee,Kerberos,success,3
2026-09-28T14:18:12Z,DEV-WS-07,FILE-DEV-03,ACME\\jpatel,Kerberos,success,3
2026-09-28T14:19:13Z,DEV-WS-12,FILE-DEV-03,ACME\\svc_build,Kerberos,success,3
2026-09-28T14:20:14Z,DEV-WS-18,BUILD-02,ACME\\rlee,Kerberos,success,3
2026-09-28T14:21:15Z,DEV-WS-03,FILE-DEV-03,ACME\\jpatel,NTLM,success,3
2026-09-28T14:22:16Z,DEV-WS-12,BUILD-02,ACME\\svc_build,Kerberos,success,3
2026-09-28T14:23:17Z,DEV-WS-03,BUILD-02,ACME\\rlee,Kerberos,success,3
2026-09-28T14:24:18Z,DEV-WS-12,FILE-DEV-03,ACME\\rlee,Kerberos,success,3
2026-09-28T14:25:19Z,DEV-WS-12,BUILD-02,ACME\\svc_build,Kerberos,success,3
2026-09-28T14:26:20Z,DEV-WS-07,FILE-DEV-03,ACME\\jpatel,Kerberos,success,3
2026-09-28T14:27:21Z,DEV-WS-03,BUILD-02,ACME\\rlee,Kerberos,success,3
2026-09-28T14:28:22Z,DEV-WS-12,BUILD-02,ACME\\jpatel,Kerberos,success,3
2026-09-28T14:29:23Z,DEV-WS-18,BUILD-02,ACME\\rlee,NTLM,success,3
2026-09-28T14:30:24Z,DEV-WS-03,BUILD-02,ACME\\jpatel,NTLM,success,3
2026-09-28T14:31:25Z,DEV-WS-18,FILE-DEV-03,ACME\\svc_build,NTLM,success,3
2026-09-28T14:32:26Z,DEV-WS-03,BUILD-02,ACME\\svc_build,Kerberos,success,3
2026-09-28T14:33:27Z,DEV-WS-18,BUILD-02,ACME\\rlee,Kerberos,success,3
2026-09-28T14:34:28Z,DEV-WS-18,FILE-DEV-03,ACME\\svc_build,Kerberos,success,3
2026-09-28T14:35:29Z,DEV-WS-18,BUILD-02,ACME\\rlee,Kerberos,success,3
2026-09-28T14:36:30Z,DEV-WS-18,FILE-DEV-03,ACME\\svc_build,NTLM,success,3
2026-09-28T14:37:31Z,DEV-WS-07,FILE-DEV-03,ACME\\rlee,Kerberos,success,3
2026-09-28T14:38:32Z,DEV-WS-07,FILE-DEV-03,ACME\\jpatel,Kerberos,success,3
2026-09-28T14:39:33Z,DEV-WS-07,BUILD-02,ACME\\rlee,NTLM,success,3
2026-09-28T14:40:34Z,DEV-WS-03,BUILD-02,ACME\\rlee,Kerberos,success,3
2026-09-28T14:41:35Z,DEV-WS-07,BUILD-02,ACME\\jpatel,Kerberos,success,3
2026-09-28T14:42:36Z,DEV-WS-12,BUILD-02,ACME\\svc_build,Kerberos,success,3
2026-09-28T14:43:37Z,DEV-WS-07,FILE-DEV-03,ACME\\jpatel,Kerberos,success,3
2026-09-28T14:44:38Z,DEV-WS-07,FILE-DEV-03,ACME\\svc_build,Kerberos,success,3
2026-09-28T14:45:39Z,DEV-WS-07,FILE-DEV-03,ACME\\jpatel,NTLM,success,3
2026-09-28T14:46:40Z,DEV-WS-18,BUILD-02,ACME\\jpatel,Kerberos,success,3
2026-09-28T14:47:41Z,DEV-WS-12,BUILD-02,ACME\\rlee,Kerberos,success,3
2026-09-28T14:48:42Z,DEV-WS-12,BUILD-02,ACME\\rlee,Kerberos,success,3
2026-09-28T14:49:43Z,DEV-WS-03,FILE-DEV-03,ACME\\jpatel,NTLM,success,3
2026-09-28T14:50:44Z,DEV-WS-07,FILE-DEV-03,ACME\\jpatel,NTLM,success,3
2026-09-28T14:51:45Z,DEV-WS-07,BUILD-02,ACME\\jpatel,Kerberos,success,3
2026-09-28T14:52:46Z,DEV-WS-12,FILE-DEV-03,ACME\\jpatel,NTLM,success,3
2026-09-28T14:53:47Z,DEV-WS-12,BUILD-02,ACME\\jpatel,Kerberos,success,3
2026-09-28T14:54:48Z,DEV-WS-12,BUILD-02,ACME\\svc_build,Kerberos,success,3
2026-09-28T14:55:49Z,DEV-WS-03,BUILD-02,ACME\\svc_build,Kerberos,success,3
2026-09-28T14:56:50Z,DEV-WS-03,FILE-DEV-03,ACME\\jpatel,NTLM,success,3
2026-09-28T14:57:00Z,DEV-WS-07,FILE-DEV-03,ACME\\jpatel,Kerberos,success,3
2026-09-28T14:58:01Z,DEV-WS-12,FILE-DEV-03,ACME\\svc_build,NTLM,success,3
2026-09-28T14:59:02Z,DEV-WS-07,BUILD-02,ACME\\svc_build,NTLM,success,3
2026-09-28T15:00:03Z,DEV-WS-18,BUILD-02,ACME\\jpatel,NTLM,success,3
2026-09-28T15:01:04Z,DEV-WS-07,FILE-DEV-03,ACME\\rlee,Kerberos,success,3
2026-09-28T15:02:05Z,DEV-WS-12,BUILD-02,ACME\\svc_build,NTLM,success,3
2026-09-28T15:03:06Z,DEV-WS-03,BUILD-02,ACME\\rlee,Kerberos,success,3
2026-09-28T15:04:07Z,DEV-WS-03,BUILD-02,ACME\\jpatel,NTLM,success,3
2026-09-28T15:05:08Z,DEV-WS-07,BUILD-02,ACME\\jpatel,NTLM,success,3
2026-09-28T15:06:09Z,DEV-WS-18,BUILD-02,ACME\\svc_build,NTLM,success,3
2026-09-28T15:07:10Z,DEV-WS-12,BUILD-02,ACME\\jpatel,NTLM,success,3
2026-09-28T15:08:11Z,DEV-WS-07,FILE-DEV-03,ACME\\svc_build,NTLM,success,3
2026-09-28T15:09:12Z,DEV-WS-18,BUILD-02,ACME\\rlee,NTLM,success,3
2026-09-28T15:10:13Z,DEV-WS-07,FILE-DEV-03,ACME\\jpatel,NTLM,success,3
2026-09-28T15:11:14Z,DEV-WS-18,FILE-DEV-03,ACME\\svc_build,NTLM,success,3
2026-09-28T15:12:15Z,DEV-WS-18,BUILD-02,ACME\\svc_build,Kerberos,success,3
2026-09-28T15:13:16Z,DEV-WS-18,FILE-DEV-03,ACME\\svc_build,Kerberos,success,3
2026-09-28T15:14:17Z,DEV-WS-18,BUILD-02,ACME\\svc_build,NTLM,success,3
2026-09-28T15:15:18Z,DEV-WS-12,BUILD-02,ACME\\svc_build,NTLM,success,3
2026-09-28T15:16:19Z,DEV-WS-03,FILE-DEV-03,ACME\\svc_build,Kerberos,success,3
2026-09-28T15:17:20Z,DEV-WS-07,FILE-DEV-03,ACME\\jpatel,NTLM,success,3
2026-09-28T15:18:21Z,DEV-WS-07,FILE-DEV-03,ACME\\jpatel,Kerberos,success,3
2026-09-28T15:19:22Z,DEV-WS-12,BUILD-02,ACME\\jpatel,Kerberos,success,3
2026-09-28T15:20:23Z,DEV-WS-07,BUILD-02,ACME\\jpatel,NTLM,success,3
2026-09-28T15:21:24Z,DEV-WS-07,FILE-DEV-03,ACME\\svc_build,Kerberos,success,3
2026-09-28T15:22:25Z,DEV-WS-12,FILE-DEV-03,ACME\\jpatel,Kerberos,success,3
2026-09-28T15:23:26Z,DEV-WS-18,BUILD-02,ACME\\svc_build,NTLM,success,3
2026-09-28T15:24:27Z,DEV-WS-07,BUILD-02,ACME\\jpatel,NTLM,success,3
2026-09-28T15:25:28Z,DEV-WS-03,BUILD-02,ACME\\rlee,NTLM,success,3
2026-09-28T15:26:29Z,DEV-WS-03,FILE-DEV-03,ACME\\svc_build,NTLM,success,3
2026-09-28T15:27:30Z,DEV-WS-18,FILE-DEV-03,ACME\\jpatel,Kerberos,success,3
2026-09-28T15:28:31Z,DEV-WS-03,FILE-DEV-03,ACME\\svc_build,Kerberos,success,3
2026-09-28T15:29:32Z,DEV-WS-18,FILE-DEV-03,ACME\\rlee,Kerberos,success,3
2026-09-28T15:30:33Z,DEV-WS-07,BUILD-02,ACME\\svc_build,NTLM,success,3
2026-09-28T15:31:34Z,DEV-WS-18,BUILD-02,ACME\\jpatel,NTLM,success,3
2026-09-28T15:32:35Z,DEV-WS-03,BUILD-02,ACME\\rlee,Kerberos,success,3
2026-09-28T15:33:36Z,DEV-WS-03,BUILD-02,ACME\\rlee,Kerberos,success,3
2026-09-28T15:34:37Z,DEV-WS-18,FILE-DEV-03,ACME\\svc_build,Kerberos,success,3
2026-09-28T15:35:38Z,DEV-WS-07,BUILD-02,ACME\\jpatel,NTLM,success,3
2026-09-28T15:36:39Z,DEV-WS-18,BUILD-02,ACME\\jpatel,NTLM,success,3
2026-09-28T15:37:40Z,DEV-WS-12,BUILD-02,ACME\\jpatel,Kerberos,success,3
2026-09-28T15:38:41Z,DEV-WS-03,BUILD-02,ACME\\rlee,NTLM,success,3
2026-09-28T15:39:42Z,DEV-WS-07,BUILD-02,ACME\\jpatel,Kerberos,success,3
2026-09-28T15:40:43Z,DEV-WS-12,FILE-DEV-03,ACME\\svc_build,Kerberos,success,3
2026-09-28T15:41:44Z,DEV-WS-07,BUILD-02,ACME\\rlee,NTLM,success,3
2026-09-28T15:42:45Z,DEV-WS-18,BUILD-02,ACME\\rlee,Kerberos,success,3
2026-09-28T15:43:46Z,DEV-WS-18,BUILD-02,ACME\\svc_build,NTLM,success,3
2026-09-28T15:44:47Z,DEV-WS-07,FILE-DEV-03,ACME\\svc_build,Kerberos,success,3
2026-09-28T15:45:48Z,DEV-WS-18,BUILD-02,ACME\\svc_build,NTLM,success,3
2026-09-28T15:46:49Z,DEV-WS-12,FILE-DEV-03,ACME\\rlee,Kerberos,success,3
2026-09-28T15:47:50Z,DEV-WS-03,BUILD-02,ACME\\rlee,NTLM,success,3
2026-09-28T15:48:00Z,DEV-WS-07,BUILD-02,ACME\\jpatel,NTLM,success,3
2026-09-28T15:49:01Z,DEV-WS-12,FILE-DEV-03,ACME\\svc_build,NTLM,success,3
2026-09-28T15:50:02Z,DEV-WS-03,FILE-DEV-03,ACME\\svc_build,Kerberos,success,3
2026-09-28T15:51:03Z,DEV-WS-12,FILE-DEV-03,ACME\\svc_build,NTLM,success,3
2026-09-28T15:52:04Z,DEV-WS-18,FILE-DEV-03,ACME\\svc_build,NTLM,success,3
2026-09-28T15:53:05Z,DEV-WS-12,FILE-DEV-03,ACME\\rlee,Kerberos,success,3
2026-09-28T15:54:06Z,DEV-WS-07,BUILD-02,ACME\\rlee,NTLM,success,3
2026-09-28T15:55:07Z,DEV-WS-07,FILE-DEV-03,ACME\\svc_build,Kerberos,success,3
2026-09-28T15:56:08Z,DEV-WS-12,FILE-DEV-03,ACME\\rlee,NTLM,success,3
2026-09-28T15:57:09Z,DEV-WS-07,BUILD-02,ACME\\rlee,NTLM,success,3
2026-09-28T15:58:10Z,DEV-WS-03,BUILD-02,ACME\\jpatel,Kerberos,success,3
2026-09-28T15:59:11Z,DEV-WS-12,BUILD-02,ACME\\svc_build,Kerberos,success,3
2026-09-28T16:00:12Z,DEV-WS-07,BUILD-02,ACME\\jpatel,NTLM,success,3
2026-09-28T16:01:13Z,DEV-WS-12,BUILD-02,ACME\\rlee,Kerberos,success,3
2026-09-28T16:02:14Z,DEV-WS-18,BUILD-02,ACME\\rlee,Kerberos,success,3
2026-09-28T16:03:15Z,DEV-WS-07,BUILD-02,ACME\\rlee,NTLM,success,3
2026-09-28T16:04:16Z,DEV-WS-12,FILE-DEV-03,ACME\\svc_build,NTLM,success,3
2026-09-28T16:05:17Z,DEV-WS-12,BUILD-02,ACME\\rlee,NTLM,success,3
2026-09-28T16:06:18Z,DEV-WS-18,FILE-DEV-03,ACME\\svc_build,Kerberos,success,3
2026-09-28T16:07:19Z,DEV-WS-07,BUILD-02,ACME\\jpatel,Kerberos,success,3
2026-09-28T16:08:20Z,DEV-WS-18,FILE-DEV-03,ACME\\jpatel,NTLM,success,3
2026-09-28T16:09:21Z,DEV-WS-18,FILE-DEV-03,ACME\\rlee,Kerberos,success,3
2026-09-28T16:10:22Z,DEV-WS-12,BUILD-02,ACME\\svc_build,Kerberos,success,3
2026-09-28T16:11:23Z,DEV-WS-07,FILE-DEV-03,ACME\\svc_build,Kerberos,success,3
2026-09-28T16:12:24Z,DEV-WS-03,FILE-DEV-03,ACME\\rlee,NTLM,success,3
2026-09-28T16:13:25Z,DEV-WS-18,FILE-DEV-03,ACME\\jpatel,Kerberos,success,3
2026-09-28T16:14:26Z,DEV-WS-18,FILE-DEV-03,ACME\\svc_build,NTLM,success,3
2026-09-28T16:15:27Z,DEV-WS-03,BUILD-02,ACME\\jpatel,Kerberos,success,3
2026-09-28T16:16:28Z,DEV-WS-07,FILE-DEV-03,ACME\\svc_build,NTLM,success,3
2026-09-28T16:17:29Z,DEV-WS-12,BUILD-02,ACME\\svc_build,NTLM,success,3
2026-09-28T16:18:30Z,DEV-WS-07,BUILD-02,ACME\\rlee,Kerberos,success,3
2026-09-28T16:19:31Z,DEV-WS-12,FILE-DEV-03,ACME\\rlee,NTLM,success,3
2026-09-28T16:20:32Z,DEV-WS-18,BUILD-02,ACME\\jpatel,Kerberos,success,3
2026-09-28T16:21:33Z,DEV-WS-18,BUILD-02,ACME\\rlee,Kerberos,success,3
2026-09-28T16:22:34Z,DEV-WS-03,BUILD-02,ACME\\jpatel,Kerberos,success,3
2026-09-28T16:23:35Z,DEV-WS-07,FILE-DEV-03,ACME\\svc_build,NTLM,success,3
2026-09-28T16:24:36Z,DEV-WS-03,FILE-DEV-03,ACME\\rlee,Kerberos,success,3
2026-09-28T16:25:37Z,DEV-WS-03,FILE-DEV-03,ACME\\rlee,NTLM,success,3
2026-09-28T16:26:38Z,DEV-WS-03,FILE-DEV-03,ACME\\svc_build,NTLM,success,3
2026-09-28T16:27:39Z,DEV-WS-03,FILE-DEV-03,ACME\\jpatel,NTLM,success,3
2026-09-28T16:28:40Z,DEV-WS-12,FILE-DEV-03,ACME\\jpatel,Kerberos,success,3
2026-09-28T16:29:41Z,DEV-WS-12,FILE-DEV-03,ACME\\rlee,NTLM,success,3
2026-09-28T16:30:42Z,DEV-WS-03,FILE-DEV-03,ACME\\rlee,NTLM,success,3
2026-09-28T16:31:43Z,DEV-WS-12,BUILD-02,ACME\\rlee,NTLM,success,3
2026-09-28T16:32:44Z,DEV-WS-18,BUILD-02,ACME\\rlee,Kerberos,success,3
2026-09-28T16:33:45Z,DEV-WS-03,BUILD-02,ACME\\jpatel,NTLM,success,3
2026-09-28T16:34:46Z,DEV-WS-12,BUILD-02,ACME\\rlee,NTLM,success,3
2026-09-28T16:35:47Z,DEV-WS-07,BUILD-02,ACME\\svc_build,NTLM,success,3
2026-09-28T16:36:48Z,DEV-WS-07,BUILD-02,ACME\\svc_build,Kerberos,success,3
2026-09-28T16:37:49Z,DEV-WS-07,FILE-DEV-03,ACME\\svc_build,NTLM,success,3
2026-09-28T16:38:50Z,DEV-WS-18,BUILD-02,ACME\\jpatel,NTLM,success,3
2026-09-28T16:39:00Z,DEV-WS-03,BUILD-02,ACME\\rlee,NTLM,success,3
2026-09-28T16:40:01Z,DEV-WS-07,FILE-DEV-03,ACME\\jpatel,Kerberos,success,3
2026-09-28T16:41:02Z,DEV-WS-18,FILE-DEV-03,ACME\\svc_build,Kerberos,success,3
2026-09-28T16:42:03Z,DEV-WS-03,BUILD-02,ACME\\rlee,Kerberos,success,3
2026-09-28T16:43:04Z,DEV-WS-18,BUILD-02,ACME\\svc_build,Kerberos,success,3
2026-09-28T16:44:05Z,DEV-WS-12,FILE-DEV-03,ACME\\jpatel,NTLM,success,3
2026-09-28T16:45:06Z,DEV-WS-07,FILE-DEV-03,ACME\\rlee,NTLM,success,3
2026-09-28T16:46:07Z,DEV-WS-07,FILE-DEV-03,ACME\\jpatel,NTLM,success,3
2026-09-28T16:47:08Z,DEV-WS-07,FILE-DEV-03,ACME\\svc_build,Kerberos,success,3
2026-09-28T16:48:09Z,DEV-WS-03,BUILD-02,ACME\\rlee,NTLM,success,3
2026-09-28T16:49:10Z,DEV-WS-12,FILE-DEV-03,ACME\\svc_build,NTLM,success,3
2026-09-28T16:50:11Z,DEV-WS-03,FILE-DEV-03,ACME\\svc_build,Kerberos,success,3
2026-09-28T16:51:12Z,DEV-WS-12,FILE-DEV-03,ACME\\svc_build,Kerberos,success,3
2026-09-28T16:52:13Z,DEV-WS-03,BUILD-02,ACME\\jpatel,Kerberos,success,3
2026-09-28T16:53:14Z,DEV-WS-18,FILE-DEV-03,ACME\\rlee,Kerberos,success,3
2026-09-28T16:54:15Z,DEV-WS-03,BUILD-02,ACME\\svc_build,Kerberos,success,3
2026-09-28T16:55:16Z,DEV-WS-12,BUILD-02,ACME\\svc_build,Kerberos,success,3
2026-09-28T16:56:17Z,DEV-WS-18,BUILD-02,ACME\\svc_build,Kerberos,success,3
2026-09-28T16:57:18Z,DEV-WS-18,BUILD-02,ACME\\jpatel,NTLM,success,3
2026-09-28T16:58:19Z,DEV-WS-07,FILE-DEV-03,ACME\\rlee,NTLM,success,3
2026-09-28T16:59:20Z,DEV-WS-12,BUILD-02,ACME\\jpatel,Kerberos,success,3
2026-09-28T13:00:21Z,DEV-WS-03,BUILD-02,ACME\\svc_build,NTLM,success,3
2026-09-28T13:01:22Z,DEV-WS-18,BUILD-02,ACME\\rlee,NTLM,success,3
2026-09-28T13:02:23Z,DEV-WS-12,FILE-DEV-03,ACME\\jpatel,NTLM,success,3
2026-09-28T13:03:24Z,DEV-WS-18,BUILD-02,ACME\\jpatel,NTLM,success,3
2026-09-28T13:04:25Z,DEV-WS-18,BUILD-02,ACME\\jpatel,Kerberos,success,3
2026-09-28T13:05:26Z,DEV-WS-07,FILE-DEV-03,ACME\\rlee,Kerberos,success,3
2026-09-28T13:06:27Z,DEV-WS-12,BUILD-02,ACME\\rlee,NTLM,success,3
2026-09-28T13:07:28Z,DEV-WS-03,BUILD-02,ACME\\jpatel,Kerberos,success,3
2026-09-28T13:08:29Z,DEV-WS-12,FILE-DEV-03,ACME\\rlee,NTLM,success,3
2026-09-28T13:09:30Z,DEV-WS-18,FILE-DEV-03,ACME\\jpatel,Kerberos,success,3
2026-09-28T13:10:31Z,DEV-WS-18,FILE-DEV-03,ACME\\svc_build,Kerberos,success,3
2026-09-28T13:11:32Z,DEV-WS-03,FILE-DEV-03,ACME\\jpatel,NTLM,success,3
2026-09-28T13:12:33Z,DEV-WS-07,BUILD-02,ACME\\jpatel,NTLM,success,3
2026-09-28T13:13:34Z,DEV-WS-12,FILE-DEV-03,ACME\\jpatel,NTLM,success,3
2026-09-28T13:14:35Z,DEV-WS-03,BUILD-02,ACME\\svc_build,NTLM,success,3
2026-09-28T13:15:36Z,DEV-WS-03,FILE-DEV-03,ACME\\svc_build,Kerberos,success,3
2026-09-28T13:16:37Z,DEV-WS-03,FILE-DEV-03,ACME\\rlee,NTLM,success,3
2026-09-28T13:17:38Z,DEV-WS-03,BUILD-02,ACME\\jpatel,NTLM,success,3
2026-09-28T13:18:39Z,DEV-WS-07,FILE-DEV-03,ACME\\svc_build,NTLM,success,3
2026-09-28T13:19:40Z,DEV-WS-03,BUILD-02,ACME\\svc_build,NTLM,success,3
