_time,host,source_process,target_process,access_mask,signer,trusted,parent_process
2026-09-28T13:00:00Z,DEV-WS-12,SenseIR.exe,lsass.exe,0x1410,Microsoft Windows Publisher,true,services.exe
2026-09-28T13:01:01Z,DEV-WS-12,SenseIR.exe,lsass.exe,0x1410,Microsoft Windows Publisher,true,services.exe
2026-09-28T13:02:02Z,DEV-WS-18,SenseIR.exe,lsass.exe,0x1410,Microsoft Windows Publisher,true,services.exe
2026-09-28T13:03:03Z,DEV-WS-03,SenseIR.exe,lsass.exe,0x1410,Microsoft Windows Publisher,true,services.exe
2026-09-28T13:04:04Z,DEV-WS-18,SenseIR.exe,lsass.exe,0x1410,Microsoft Windows Publisher,true,services.exe
2026-09-28T13:05:05Z,DEV-WS-03,SenseIR.exe,lsass.exe,0x1410,Microsoft Windows Publisher,true,services.exe
2026-09-28T13:06:06Z,DEV-WS-18,SenseIR.exe,lsass.exe,0x1410,Microsoft Windows Publisher,true,services.exe
2026-09-28T13:07:07Z,DEV-WS-07,SenseIR.exe,lsass.exe,0x1410,Microsoft Windows Publisher,true,services.exe
2026-09-28T13:08:08Z,DEV-WS-12,SenseIR.exe,lsass.exe,0x1410,Microsoft Windows Publisher,true,services.exe
2026-09-28T13:09:09Z,DEV-WS-07,SenseIR.exe,lsass.exe,0x1410,Microsoft Windows Publisher,true,services.exe
2026-09-28T13:10:10Z,DEV-WS-03,SenseIR.exe,lsass.exe,0x1410,Microsoft Windows Publisher,true,services.exe
2026-09-28T13:11:11Z,DEV-WS-18,SenseIR.exe,lsass.exe,0x1410,Microsoft Windows Publisher,true,services.exe
2026-09-28T13:12:12Z,DEV-WS-18,SenseIR.exe,lsass.exe,0x1410,Microsoft Windows Publisher,true,services.exe
2026-09-28T13:13:13Z,DEV-WS-12,SenseIR.exe,lsass.exe,0x1410,Microsoft Windows Publisher,true,services.exe
2026-09-28T13:14:14Z,DEV-WS-07,SenseIR.exe,lsass.exe,0x1410,Microsoft Windows Publisher,true,services.exe
2026-09-28T13:15:15Z,DEV-WS-18,SenseIR.exe,lsass.exe,0x1410,Microsoft Windows Publisher,true,services.exe
2026-09-28T13:16:16Z,DEV-WS-18,SenseIR.exe,lsass.exe,0x1410,Microsoft Windows Publisher,true,services.exe
2026-09-28T13:17:17Z,DEV-WS-07,SenseIR.exe,lsass.exe,0x1410,Microsoft Windows Publisher,true,services.exe
2026-09-28T13:18:18Z,DEV-WS-03,SenseIR.exe,lsass.exe,0x1410,Microsoft Windows Publisher,true,services.exe
2026-09-28T13:19:19Z,DEV-WS-12,SenseIR.exe,lsass.exe,0x1410,Microsoft Windows Publisher,true,services.exe
2026-09-28T13:20:20Z,DEV-WS-03,SenseIR.exe,lsass.exe,0x1410,Microsoft Windows Publisher,true,services.exe
2026-09-28T13:21:21Z,DEV-WS-18,SenseIR.exe,lsass.exe,0x1410,Microsoft Windows Publisher,true,services.exe
2026-09-28T13:22:22Z,DEV-WS-18,SenseIR.exe,lsass.exe,0x1410,Microsoft Windows Publisher,true,services.exe
2026-09-28T13:23:23Z,DEV-WS-12,SenseIR.exe,lsass.exe,0x1410,Microsoft Windows Publisher,true,services.exe
2026-09-28T13:24:24Z,DEV-WS-03,SenseIR.exe,lsass.exe,0x1410,Microsoft Windows Publisher,true,services.exe
2026-09-28T13:25:25Z,DEV-WS-18,SenseIR.exe,lsass.exe,0x1410,Microsoft Windows Publisher,true,services.exe
2026-09-28T13:26:26Z,DEV-WS-18,SenseIR.exe,lsass.exe,0x1410,Microsoft Windows Publisher,true,services.exe
2026-09-28T13:27:27Z,DEV-WS-12,SenseIR.exe,lsass.exe,0x1410,Microsoft Windows Publisher,true,services.exe
2026-09-28T13:28:28Z,DEV-WS-03,SenseIR.exe,lsass.exe,0x1410,Microsoft Windows Publisher,true,services.exe
2026-09-28T13:29:29Z,DEV-WS-03,SenseIR.exe,lsass.exe,0x1410,Microsoft Windows Publisher,true,services.exe
2026-09-28T13:30:30Z,DEV-WS-18,SenseIR.exe,lsass.exe,0x1410,Microsoft Windows Publisher,true,services.exe
2026-09-28T13:31:31Z,DEV-WS-07,SenseIR.exe,lsass.exe,0x1410,Microsoft Windows Publisher,true,services.exe
2026-09-28T13:32:32Z,DEV-WS-03,SenseIR.exe,lsass.exe,0x1410,Microsoft Windows Publisher,true,services.exe
2026-09-28T13:33:33Z,DEV-WS-03,SenseIR.exe,lsass.exe,0x1410,Microsoft Windows Publisher,true,services.exe
2026-09-28T13:34:34Z,DEV-WS-18,SenseIR.exe,lsass.exe,0x1410,Microsoft Windows Publisher,true,services.exe
2026-09-28T13:35:35Z,DEV-WS-12,SenseIR.exe,lsass.exe,0x1410,Microsoft Windows Publisher,true,services.exe
2026-09-28T13:36:36Z,DEV-WS-12,SenseIR.exe,lsass.exe,0x1410,Microsoft Windows Publisher,true,services.exe
2026-09-28T13:37:37Z,DEV-WS-07,SenseIR.exe,lsass.exe,0x1410,Microsoft Windows Publisher,true,services.exe
2026-09-28T13:38:38Z,DEV-WS-12,SenseIR.exe,lsass.exe,0x1410,Microsoft Windows Publisher,true,services.exe
2026-09-28T13:39:39Z,DEV-WS-07,SenseIR.exe,lsass.exe,0x1410,Microsoft Windows Publisher,true,services.exe
2026-09-28T13:40:40Z,DEV-WS-12,SenseIR.exe,lsass.exe,0x1410,Microsoft Windows Publisher,true,services.exe
2026-09-28T13:41:41Z,DEV-WS-18,SenseIR.exe,lsass.exe,0x1410,Microsoft Windows Publisher,true,services.exe
2026-09-28T13:42:42Z,DEV-WS-07,SenseIR.exe,lsass.exe,0x1410,Microsoft Windows Publisher,true,services.exe
2026-09-28T13:43:43Z,DEV-WS-03,SenseIR.exe,lsass.exe,0x1410,Microsoft Windows Publisher,true,services.exe
2026-09-28T13:44:44Z,DEV-WS-03,SenseIR.exe,lsass.exe,0x1410,Microsoft Windows Publisher,true,services.exe
2026-09-28T13:45:45Z,DEV-WS-07,SenseIR.exe,lsass.exe,0x1410,Microsoft Windows Publisher,true,services.exe
2026-09-28T13:46:46Z,DEV-WS-12,SenseIR.exe,lsass.exe,0x1410,Microsoft Windows Publisher,true,services.exe
2026-09-28T13:47:47Z,DEV-WS-07,SenseIR.exe,lsass.exe,0x1410,Microsoft Windows Publisher,true,services.exe
2026-09-28T13:48:48Z,DEV-WS-07,SenseIR.exe,lsass.exe,0x1410,Microsoft Windows Publisher,true,services.exe
2026-09-28T13:49:49Z,DEV-WS-18,SenseIR.exe,lsass.exe,0x1410,Microsoft Windows Publisher,true,services.exe
2026-09-28T13:50:50Z,DEV-WS-03,SenseIR.exe,lsass.exe,0x1410,Microsoft Windows Publisher,true,services.exe
2026-09-28T13:51:51Z,DEV-WS-18,SenseIR.exe,lsass.exe,0x1410,Microsoft Windows Publisher,true,services.exe
2026-09-28T13:52:52Z,DEV-WS-12,SenseIR.exe,lsass.exe,0x1410,Microsoft Windows Publisher,true,services.exe
2026-09-28T13:53:53Z,DEV-WS-12,SenseIR.exe,lsass.exe,0x1410,Microsoft Windows Publisher,true,services.exe
2026-09-28T13:54:54Z,DEV-WS-03,SenseIR.exe,lsass.exe,0x1410,Microsoft Windows Publisher,true,services.exe
2026-09-28T13:55:55Z,DEV-WS-12,SenseIR.exe,lsass.exe,0x1410,Microsoft Windows Publisher,true,services.exe
2026-09-28T13:56:56Z,DEV-WS-03,SenseIR.exe,lsass.exe,0x1410,Microsoft Windows Publisher,true,services.exe
2026-09-28T13:57:00Z,DEV-WS-12,SenseIR.exe,lsass.exe,0x1410,Microsoft Windows Publisher,true,services.exe
2026-09-28T13:58:01Z,DEV-WS-18,SenseIR.exe,lsass.exe,0x1410,Microsoft Windows Publisher,true,services.exe
2026-09-28T13:59:02Z,DEV-WS-12,SenseIR.exe,lsass.exe,0x1410,Microsoft Windows Publisher,true,services.exe
2026-09-28T14:00:03Z,DEV-WS-18,SenseIR.exe,lsass.exe,0x1410,Microsoft Windows Publisher,true,services.exe
2026-09-28T14:01:04Z,DEV-WS-18,SenseIR.exe,lsass.exe,0x1410,Microsoft Windows Publisher,true,services.exe
2026-09-28T14:02:05Z,DEV-WS-18,SenseIR.exe,lsass.exe,0x1410,Microsoft Windows Publisher,true,services.exe
2026-09-28T14:03:06Z,DEV-WS-18,SenseIR.exe,lsass.exe,0x1410,Microsoft Windows Publisher,true,services.exe
2026-09-28T14:04:07Z,DEV-WS-12,SenseIR.exe,lsass.exe,0x1410,Microsoft Windows Publisher,true,services.exe
2026-09-28T14:05:08Z,DEV-WS-18,SenseIR.exe,lsass.exe,0x1410,Microsoft Windows Publisher,true,services.exe
2026-09-28T14:06:09Z,DEV-WS-12,SenseIR.exe,lsass.exe,0x1410,Microsoft Windows Publisher,true,services.exe
2026-09-28T14:07:10Z,DEV-WS-18,SenseIR.exe,lsass.exe,0x1410,Microsoft Windows Publisher,true,services.exe
2026-09-28T14:08:11Z,DEV-WS-03,SenseIR.exe,lsass.exe,0x1410,Microsoft Windows Publisher,true,services.exe
2026-09-28T14:09:12Z,DEV-WS-12,SenseIR.exe,lsass.exe,0x1410,Microsoft Windows Publisher,true,services.exe
2026-09-28T14:10:13Z,DEV-WS-12,SenseIR.exe,lsass.exe,0x1410,Microsoft Windows Publisher,true,services.exe
2026-09-28T14:11:14Z,DEV-WS-03,SenseIR.exe,lsass.exe,0x1410,Microsoft Windows Publisher,true,services.exe
2026-09-28T14:12:15Z,DEV-WS-07,SenseIR.exe,lsass.exe,0x1410,Microsoft Windows Publisher,true,services.exe
2026-09-28T14:13:16Z,DEV-WS-18,SenseIR.exe,lsass.exe,0x1410,Microsoft Windows Publisher,true,services.exe
2026-09-28T14:14:17Z,DEV-WS-03,SenseIR.exe,lsass.exe,0x1410,Microsoft Windows Publisher,true,services.exe
2026-09-28T14:15:18Z,DEV-WS-07,SenseIR.exe,lsass.exe,0x1410,Microsoft Windows Publisher,true,services.exe
2026-09-28T14:16:19Z,DEV-WS-07,SenseIR.exe,lsass.exe,0x1410,Microsoft Windows Publisher,true,services.exe
2026-09-28T14:17:20Z,DEV-WS-18,SenseIR.exe,lsass.exe,0x1410,Microsoft Windows Publisher,true,services.exe
2026-09-28T14:18:21Z,DEV-WS-07,SenseIR.exe,lsass.exe,0x1410,Microsoft Windows Publisher,true,services.exe
2026-09-28T14:19:22Z,DEV-WS-07,SenseIR.exe,lsass.exe,0x1410,Microsoft Windows Publisher,true,services.exe
2026-09-28T14:20:23Z,DEV-WS-03,SenseIR.exe,lsass.exe,0x1410,Microsoft Windows Publisher,true,services.exe
2026-09-28T14:21:24Z,DEV-WS-12,SenseIR.exe,lsass.exe,0x1410,Microsoft Windows Publisher,true,services.exe
2026-09-28T14:22:25Z,DEV-WS-07,SenseIR.exe,lsass.exe,0x1410,Microsoft Windows Publisher,true,services.exe
2026-09-28T14:23:26Z,DEV-WS-03,SenseIR.exe,lsass.exe,0x1410,Microsoft Windows Publisher,true,services.exe
2026-09-28T14:24:27Z,DEV-WS-18,SenseIR.exe,lsass.exe,0x1410,Microsoft Windows Publisher,true,services.exe
2026-09-28T14:25:28Z,DEV-WS-12,SenseIR.exe,lsass.exe,0x1410,Microsoft Windows Publisher,true,services.exe
2026-09-28T14:26:29Z,DEV-WS-03,SenseIR.exe,lsass.exe,0x1410,Microsoft Windows Publisher,true,services.exe
2026-09-28T14:27:30Z,DEV-WS-18,SenseIR.exe,lsass.exe,0x1410,Microsoft Windows Publisher,true,services.exe
2026-09-28T14:28:31Z,DEV-WS-18,SenseIR.exe,lsass.exe,0x1410,Microsoft Windows Publisher,true,services.exe
2026-09-28T14:29:32Z,DEV-WS-03,SenseIR.exe,lsass.exe,0x1410,Microsoft Windows Publisher,true,services.exe
2026-09-28T14:30:33Z,DEV-WS-07,SenseIR.exe,lsass.exe,0x1410,Microsoft Windows Publisher,true,services.exe
2026-09-28T14:31:34Z,DEV-WS-03,SenseIR.exe,lsass.exe,0x1410,Microsoft Windows Publisher,true,services.exe
2026-09-28T14:32:35Z,DEV-WS-07,SenseIR.exe,lsass.exe,0x1410,Microsoft Windows Publisher,true,services.exe
2026-09-28T14:33:36Z,DEV-WS-07,SenseIR.exe,lsass.exe,0x1410,Microsoft Windows Publisher,true,services.exe
2026-09-28T14:34:37Z,DEV-WS-18,SenseIR.exe,lsass.exe,0x1410,Microsoft Windows Publisher,true,services.exe
2026-09-28T14:35:38Z,DEV-WS-07,SenseIR.exe,lsass.exe,0x1410,Microsoft Windows Publisher,true,services.exe
2026-09-28T14:36:39Z,DEV-WS-18,SenseIR.exe,lsass.exe,0x1410,Microsoft Windows Publisher,true,services.exe
2026-09-28T14:37:40Z,DEV-WS-03,SenseIR.exe,lsass.exe,0x1410,Microsoft Windows Publisher,true,services.exe
2026-09-28T14:38:41Z,DEV-WS-03,SenseIR.exe,lsass.exe,0x1410,Microsoft Windows Publisher,true,services.exe
2026-09-28T14:39:42Z,DEV-WS-12,SenseIR.exe,lsass.exe,0x1410,Microsoft Windows Publisher,true,services.exe
2026-09-28T14:40:43Z,DEV-WS-12,SenseIR.exe,lsass.exe,0x1410,Microsoft Windows Publisher,true,services.exe
2026-09-28T14:41:44Z,DEV-WS-03,SenseIR.exe,lsass.exe,0x1410,Microsoft Windows Publisher,true,services.exe
2026-09-28T14:42:45Z,DEV-WS-03,SenseIR.exe,lsass.exe,0x1410,Microsoft Windows Publisher,true,services.exe
2026-09-28T14:43:46Z,DEV-WS-07,SenseIR.exe,lsass.exe,0x1410,Microsoft Windows Publisher,true,services.exe
2026-09-28T14:44:47Z,DEV-WS-12,SenseIR.exe,lsass.exe,0x1410,Microsoft Windows Publisher,true,services.exe
2026-09-28T14:45:48Z,DEV-WS-03,SenseIR.exe,lsass.exe,0x1410,Microsoft Windows Publisher,true,services.exe
2026-09-28T14:46:49Z,DEV-WS-18,SenseIR.exe,lsass.exe,0x1410,Microsoft Windows Publisher,true,services.exe
2026-09-28T14:47:50Z,DEV-WS-07,SenseIR.exe,lsass.exe,0x1410,Microsoft Windows Publisher,true,services.exe
2026-09-28T14:48:51Z,DEV-WS-03,SenseIR.exe,lsass.exe,0x1410,Microsoft Windows Publisher,true,services.exe
2026-09-28T14:49:52Z,DEV-WS-03,SenseIR.exe,lsass.exe,0x1410,Microsoft Windows Publisher,true,services.exe
2026-09-28T14:50:53Z,DEV-WS-07,SenseIR.exe,lsass.exe,0x1410,Microsoft Windows Publisher,true,services.exe
2026-09-28T14:51:54Z,DEV-WS-03,SenseIR.exe,lsass.exe,0x1410,Microsoft Windows Publisher,true,services.exe
2026-09-28T14:52:55Z,DEV-WS-07,SenseIR.exe,lsass.exe,0x1410,Microsoft Windows Publisher,true,services.exe
2026-09-28T14:53:56Z,DEV-WS-03,SenseIR.exe,lsass.exe,0x1410,Microsoft Windows Publisher,true,services.exe
2026-09-28T14:54:00Z,DEV-WS-03,SenseIR.exe,lsass.exe,0x1410,Microsoft Windows Publisher,true,services.exe
2026-09-28T14:55:01Z,DEV-WS-12,SenseIR.exe,lsass.exe,0x1410,Microsoft Windows Publisher,true,services.exe
2026-09-28T14:56:02Z,DEV-WS-07,SenseIR.exe,lsass.exe,0x1410,Microsoft Windows Publisher,true,services.exe
2026-09-28T14:57:03Z,DEV-WS-18,SenseIR.exe,lsass.exe,0x1410,Microsoft Windows Publisher,true,services.exe
2026-09-28T14:58:04Z,DEV-WS-03,SenseIR.exe,lsass.exe,0x1410,Microsoft Windows Publisher,true,services.exe
2026-09-28T14:59:05Z,DEV-WS-07,SenseIR.exe,lsass.exe,0x1410,Microsoft Windows Publisher,true,services.exe
2026-09-28T15:00:06Z,DEV-WS-07,SenseIR.exe,lsass.exe,0x1410,Microsoft Windows Publisher,true,services.exe
2026-09-28T15:01:07Z,DEV-WS-07,SenseIR.exe,lsass.exe,0x1410,Microsoft Windows Publisher,true,services.exe
2026-09-28T15:02:08Z,DEV-WS-12,SenseIR.exe,lsass.exe,0x1410,Microsoft Windows Publisher,true,services.exe
2026-09-28T15:03:09Z,DEV-WS-12,SenseIR.exe,lsass.exe,0x1410,Microsoft Windows Publisher,true,services.exe
2026-09-28T15:04:10Z,DEV-WS-03,SenseIR.exe,lsass.exe,0x1410,Microsoft Windows Publisher,true,services.exe
2026-09-28T15:05:11Z,DEV-WS-03,SenseIR.exe,lsass.exe,0x1410,Microsoft Windows Publisher,true,services.exe
2026-09-28T15:06:12Z,DEV-WS-18,SenseIR.exe,lsass.exe,0x1410,Microsoft Windows Publisher,true,services.exe
2026-09-28T15:07:13Z,DEV-WS-07,SenseIR.exe,lsass.exe,0x1410,Microsoft Windows Publisher,true,services.exe
2026-09-28T15:08:14Z,DEV-WS-12,SenseIR.exe,lsass.exe,0x1410,Microsoft Windows Publisher,true,services.exe
2026-09-28T15:09:15Z,DEV-WS-12,SenseIR.exe,lsass.exe,0x1410,Microsoft Windows Publisher,true,services.exe
2026-09-28T15:10:16Z,DEV-WS-03,SenseIR.exe,lsass.exe,0x1410,Microsoft Windows Publisher,true,services.exe
2026-09-28T15:11:17Z,DEV-WS-12,SenseIR.exe,lsass.exe,0x1410,Microsoft Windows Publisher,true,services.exe
2026-09-28T15:12:18Z,DEV-WS-12,SenseIR.exe,lsass.exe,0x1410,Microsoft Windows Publisher,true,services.exe
2026-09-28T15:13:19Z,DEV-WS-12,SenseIR.exe,lsass.exe,0x1410,Microsoft Windows Publisher,true,services.exe
2026-09-28T15:14:20Z,DEV-WS-03,SenseIR.exe,lsass.exe,0x1410,Microsoft Windows Publisher,true,services.exe
2026-09-28T15:15:21Z,DEV-WS-07,SenseIR.exe,lsass.exe,0x1410,Microsoft Windows Publisher,true,services.exe
2026-09-28T15:16:22Z,DEV-WS-03,SenseIR.exe,lsass.exe,0x1410,Microsoft Windows Publisher,true,services.exe
2026-09-28T15:17:23Z,DEV-WS-07,SenseIR.exe,lsass.exe,0x1410,Microsoft Windows Publisher,true,services.exe
2026-09-28T15:18:24Z,DEV-WS-03,SenseIR.exe,lsass.exe,0x1410,Microsoft Windows Publisher,true,services.exe
2026-09-28T15:19:25Z,DEV-WS-07,SenseIR.exe,lsass.exe,0x1410,Microsoft Windows Publisher,true,services.exe
2026-09-28T15:20:26Z,DEV-WS-18,SenseIR.exe,lsass.exe,0x1410,Microsoft Windows Publisher,true,services.exe
2026-09-28T15:21:27Z,DEV-WS-03,SenseIR.exe,lsass.exe,0x1410,Microsoft Windows Publisher,true,services.exe
2026-09-28T15:22:28Z,DEV-WS-18,SenseIR.exe,lsass.exe,0x1410,Microsoft Windows Publisher,true,services.exe
2026-09-28T15:23:29Z,DEV-WS-03,SenseIR.exe,lsass.exe,0x1410,Microsoft Windows Publisher,true,services.exe
2026-09-28T15:24:30Z,DEV-WS-07,SenseIR.exe,lsass.exe,0x1410,Microsoft Windows Publisher,true,services.exe
2026-09-28T15:25:31Z,DEV-WS-03,SenseIR.exe,lsass.exe,0x1410,Microsoft Windows Publisher,true,services.exe
2026-09-28T15:26:32Z,DEV-WS-18,SenseIR.exe,lsass.exe,0x1410,Microsoft Windows Publisher,true,services.exe
2026-09-28T15:27:33Z,DEV-WS-12,SenseIR.exe,lsass.exe,0x1410,Microsoft Windows Publisher,true,services.exe
2026-09-28T15:28:34Z,DEV-WS-18,SenseIR.exe,lsass.exe,0x1410,Microsoft Windows Publisher,true,services.exe
2026-09-28T15:29:35Z,DEV-WS-07,SenseIR.exe,lsass.exe,0x1410,Microsoft Windows Publisher,true,services.exe
2026-09-28T15:30:36Z,DEV-WS-07,SenseIR.exe,lsass.exe,0x1410,Microsoft Windows Publisher,true,services.exe
2026-09-28T15:31:37Z,DEV-WS-12,SenseIR.exe,lsass.exe,0x1410,Microsoft Windows Publisher,true,services.exe
2026-09-28T15:32:38Z,DEV-WS-18,SenseIR.exe,lsass.exe,0x1410,Microsoft Windows Publisher,true,services.exe
2026-09-28T15:33:39Z,DEV-WS-03,SenseIR.exe,lsass.exe,0x1410,Microsoft Windows Publisher,true,services.exe
2026-09-28T15:34:40Z,DEV-WS-07,SenseIR.exe,lsass.exe,0x1410,Microsoft Windows Publisher,true,services.exe
2026-09-28T15:35:41Z,DEV-WS-12,SenseIR.exe,lsass.exe,0x1410,Microsoft Windows Publisher,true,services.exe
2026-09-28T15:36:42Z,DEV-WS-07,SenseIR.exe,lsass.exe,0x1410,Microsoft Windows Publisher,true,services.exe
2026-09-28T15:37:43Z,DEV-WS-07,SenseIR.exe,lsass.exe,0x1410,Microsoft Windows Publisher,true,services.exe
2026-09-28T15:38:44Z,DEV-WS-03,SenseIR.exe,lsass.exe,0x1410,Microsoft Windows Publisher,true,services.exe
2026-09-28T15:39:45Z,DEV-WS-12,SenseIR.exe,lsass.exe,0x1410,Microsoft Windows Publisher,true,services.exe
2026-09-28T15:40:46Z,DEV-WS-07,SenseIR.exe,lsass.exe,0x1410,Microsoft Windows Publisher,true,services.exe
2026-09-28T15:41:47Z,DEV-WS-12,SenseIR.exe,lsass.exe,0x1410,Microsoft Windows Publisher,true,services.exe
2026-09-28T15:42:48Z,DEV-WS-12,SenseIR.exe,lsass.exe,0x1410,Microsoft Windows Publisher,true,services.exe
2026-09-28T15:43:49Z,DEV-WS-07,SenseIR.exe,lsass.exe,0x1410,Microsoft Windows Publisher,true,services.exe
2026-09-28T15:44:50Z,DEV-WS-18,SenseIR.exe,lsass.exe,0x1410,Microsoft Windows Publisher,true,services.exe
2026-09-28T15:45:51Z,DEV-WS-03,SenseIR.exe,lsass.exe,0x1410,Microsoft Windows Publisher,true,services.exe
2026-09-28T15:46:52Z,DEV-WS-12,SenseIR.exe,lsass.exe,0x1410,Microsoft Windows Publisher,true,services.exe
2026-09-28T15:47:53Z,DEV-WS-07,SenseIR.exe,lsass.exe,0x1410,Microsoft Windows Publisher,true,services.exe
2026-09-28T15:48:54Z,DEV-WS-07,SenseIR.exe,lsass.exe,0x1410,Microsoft Windows Publisher,true,services.exe
2026-09-28T15:49:55Z,DEV-WS-18,SenseIR.exe,lsass.exe,0x1410,Microsoft Windows Publisher,true,services.exe
2026-09-28T15:50:56Z,DEV-WS-18,SenseIR.exe,lsass.exe,0x1410,Microsoft Windows Publisher,true,services.exe
2026-09-28T15:51:00Z,DEV-WS-12,SenseIR.exe,lsass.exe,0x1410,Microsoft Windows Publisher,true,services.exe
2026-09-28T15:52:01Z,DEV-WS-03,SenseIR.exe,lsass.exe,0x1410,Microsoft Windows Publisher,true,services.exe
2026-09-28T15:53:02Z,DEV-WS-12,SenseIR.exe,lsass.exe,0x1410,Microsoft Windows Publisher,true,services.exe
2026-09-28T15:54:03Z,DEV-WS-12,SenseIR.exe,lsass.exe,0x1410,Microsoft Windows Publisher,true,services.exe
2026-09-28T15:55:04Z,DEV-WS-12,SenseIR.exe,lsass.exe,0x1410,Microsoft Windows Publisher,true,services.exe
2026-09-28T15:56:05Z,DEV-WS-18,SenseIR.exe,lsass.exe,0x1410,Microsoft Windows Publisher,true,services.exe
2026-09-28T15:57:06Z,DEV-WS-18,SenseIR.exe,lsass.exe,0x1410,Microsoft Windows Publisher,true,services.exe
2026-09-28T15:58:07Z,DEV-WS-12,SenseIR.exe,lsass.exe,0x1410,Microsoft Windows Publisher,true,services.exe
2026-09-28T15:59:08Z,DEV-WS-12,SenseIR.exe,lsass.exe,0x1410,Microsoft Windows Publisher,true,services.exe
2026-09-28T16:00:09Z,DEV-WS-07,SenseIR.exe,lsass.exe,0x1410,Microsoft Windows Publisher,true,services.exe
2026-09-28T16:01:10Z,DEV-WS-03,SenseIR.exe,lsass.exe,0x1410,Microsoft Windows Publisher,true,services.exe
2026-09-28T16:02:11Z,DEV-WS-03,SenseIR.exe,lsass.exe,0x1410,Microsoft Windows Publisher,true,services.exe
2026-09-28T16:03:12Z,DEV-WS-18,SenseIR.exe,lsass.exe,0x1410,Microsoft Windows Publisher,true,services.exe
2026-09-28T16:04:13Z,DEV-WS-12,SenseIR.exe,lsass.exe,0x1410,Microsoft Windows Publisher,true,services.exe
2026-09-28T16:05:14Z,DEV-WS-12,SenseIR.exe,lsass.exe,0x1410,Microsoft Windows Publisher,true,services.exe
2026-09-28T16:06:15Z,DEV-WS-07,SenseIR.exe,lsass.exe,0x1410,Microsoft Windows Publisher,true,services.exe
2026-09-28T16:07:16Z,DEV-WS-03,SenseIR.exe,lsass.exe,0x1410,Microsoft Windows Publisher,true,services.exe
2026-09-28T16:08:17Z,DEV-WS-18,SenseIR.exe,lsass.exe,0x1410,Microsoft Windows Publisher,true,services.exe
2026-09-28T16:09:18Z,DEV-WS-07,SenseIR.exe,lsass.exe,0x1410,Microsoft Windows Publisher,true,services.exe
2026-09-28T16:10:19Z,DEV-WS-03,SenseIR.exe,lsass.exe,0x1410,Microsoft Windows Publisher,true,services.exe
2026-09-28T16:11:20Z,DEV-WS-03,SenseIR.exe,lsass.exe,0x1410,Microsoft Windows Publisher,true,services.exe
2026-09-28T16:12:21Z,DEV-WS-03,SenseIR.exe,lsass.exe,0x1410,Microsoft Windows Publisher,true,services.exe
2026-09-28T16:13:22Z,DEV-WS-12,SenseIR.exe,lsass.exe,0x1410,Microsoft Windows Publisher,true,services.exe
2026-09-28T16:14:23Z,DEV-WS-18,SenseIR.exe,lsass.exe,0x1410,Microsoft Windows Publisher,true,services.exe
2026-09-28T16:15:24Z,DEV-WS-03,SenseIR.exe,lsass.exe,0x1410,Microsoft Windows Publisher,true,services.exe
2026-09-28T16:16:25Z,DEV-WS-12,SenseIR.exe,lsass.exe,0x1410,Microsoft Windows Publisher,true,services.exe
2026-09-28T16:17:26Z,DEV-WS-12,SenseIR.exe,lsass.exe,0x1410,Microsoft Windows Publisher,true,services.exe
2026-09-28T16:18:27Z,DEV-WS-18,SenseIR.exe,lsass.exe,0x1410,Microsoft Windows Publisher,true,services.exe
2026-09-28T16:19:28Z,DEV-WS-12,SenseIR.exe,lsass.exe,0x1410,Microsoft Windows Publisher,true,services.exe
2026-09-28T16:20:29Z,DEV-WS-03,SenseIR.exe,lsass.exe,0x1410,Microsoft Windows Publisher,true,services.exe
2026-09-28T16:21:30Z,DEV-WS-12,SenseIR.exe,lsass.exe,0x1410,Microsoft Windows Publisher,true,services.exe
2026-09-28T16:22:31Z,DEV-WS-12,SenseIR.exe,lsass.exe,0x1410,Microsoft Windows Publisher,true,services.exe
2026-09-28T16:23:32Z,DEV-WS-07,SenseIR.exe,lsass.exe,0x1410,Microsoft Windows Publisher,true,services.exe
2026-09-28T16:24:33Z,DEV-WS-03,SenseIR.exe,lsass.exe,0x1410,Microsoft Windows Publisher,true,services.exe
2026-09-28T16:25:34Z,DEV-WS-18,SenseIR.exe,lsass.exe,0x1410,Microsoft Windows Publisher,true,services.exe
2026-09-28T16:26:35Z,DEV-WS-03,SenseIR.exe,lsass.exe,0x1410,Microsoft Windows Publisher,true,services.exe
2026-09-28T16:27:36Z,DEV-WS-12,SenseIR.exe,lsass.exe,0x1410,Microsoft Windows Publisher,true,services.exe
2026-09-28T16:28:37Z,DEV-WS-03,SenseIR.exe,lsass.exe,0x1410,Microsoft Windows Publisher,true,services.exe
2026-09-28T16:29:38Z,DEV-WS-03,SenseIR.exe,lsass.exe,0x1410,Microsoft Windows Publisher,true,services.exe
2026-09-28T16:30:39Z,DEV-WS-07,SenseIR.exe,lsass.exe,0x1410,Microsoft Windows Publisher,true,services.exe
2026-09-28T16:31:40Z,DEV-WS-18,SenseIR.exe,lsass.exe,0x1410,Microsoft Windows Publisher,true,services.exe
2026-09-28T16:32:41Z,DEV-WS-07,SenseIR.exe,lsass.exe,0x1410,Microsoft Windows Publisher,true,services.exe
2026-09-28T16:33:42Z,DEV-WS-18,SenseIR.exe,lsass.exe,0x1410,Microsoft Windows Publisher,true,services.exe
2026-09-28T16:34:43Z,DEV-WS-18,SenseIR.exe,lsass.exe,0x1410,Microsoft Windows Publisher,true,services.exe
2026-09-28T16:35:44Z,DEV-WS-18,SenseIR.exe,lsass.exe,0x1410,Microsoft Windows Publisher,true,services.exe
2026-09-28T16:36:45Z,DEV-WS-07,SenseIR.exe,lsass.exe,0x1410,Microsoft Windows Publisher,true,services.exe
2026-09-28T16:37:46Z,DEV-WS-18,SenseIR.exe,lsass.exe,0x1410,Microsoft Windows Publisher,true,services.exe
2026-09-28T16:38:47Z,DEV-WS-03,SenseIR.exe,lsass.exe,0x1410,Microsoft Windows Publisher,true,services.exe
2026-09-28T16:39:48Z,DEV-WS-18,SenseIR.exe,lsass.exe,0x1410,Microsoft Windows Publisher,true,services.exe
2026-09-28T16:40:49Z,DEV-WS-18,SenseIR.exe,lsass.exe,0x1410,Microsoft Windows Publisher,true,services.exe
2026-09-28T16:41:50Z,DEV-WS-07,SenseIR.exe,lsass.exe,0x1410,Microsoft Windows Publisher,true,services.exe
2026-09-28T16:42:51Z,DEV-WS-07,SenseIR.exe,lsass.exe,0x1410,Microsoft Windows Publisher,true,services.exe
2026-09-28T16:43:52Z,DEV-WS-07,SenseIR.exe,lsass.exe,0x1410,Microsoft Windows Publisher,true,services.exe
2026-09-28T16:44:53Z,DEV-WS-12,SenseIR.exe,lsass.exe,0x1410,Microsoft Windows Publisher,true,services.exe
2026-09-28T16:45:54Z,DEV-WS-07,SenseIR.exe,lsass.exe,0x1410,Microsoft Windows Publisher,true,services.exe
2026-09-28T16:46:55Z,DEV-WS-03,SenseIR.exe,lsass.exe,0x1410,Microsoft Windows Publisher,true,services.exe
2026-09-28T16:47:56Z,DEV-WS-07,SenseIR.exe,lsass.exe,0x1410,Microsoft Windows Publisher,true,services.exe
2026-09-28T16:48:00Z,DEV-WS-12,SenseIR.exe,lsass.exe,0x1410,Microsoft Windows Publisher,true,services.exe
2026-09-28T16:49:01Z,DEV-WS-12,SenseIR.exe,lsass.exe,0x1410,Microsoft Windows Publisher,true,services.exe
2026-09-28T14:06:05Z,DEV-WS-12,rundll32.exe,lsass.exe,0x1fffff,Microsoft Windows,context-mismatch,powershell.exe
2026-09-28T13:41:00Z,DEV-WS-07,SenseIR.exe,lsass.exe,0x1410,Microsoft Windows Publisher,true,services.exe
2026-09-28T16:52:04Z,DEV-WS-07,SenseIR.exe,lsass.exe,0x1410,Microsoft Windows Publisher,true,services.exe
2026-09-28T16:53:05Z,DEV-WS-07,SenseIR.exe,lsass.exe,0x1410,Microsoft Windows Publisher,true,services.exe
2026-09-28T16:54:06Z,DEV-WS-12,SenseIR.exe,lsass.exe,0x1410,Microsoft Windows Publisher,true,services.exe
2026-09-28T16:55:07Z,DEV-WS-03,SenseIR.exe,lsass.exe,0x1410,Microsoft Windows Publisher,true,services.exe
2026-09-28T16:56:08Z,DEV-WS-03,SenseIR.exe,lsass.exe,0x1410,Microsoft Windows Publisher,true,services.exe
2026-09-28T16:57:09Z,DEV-WS-18,SenseIR.exe,lsass.exe,0x1410,Microsoft Windows Publisher,true,services.exe
2026-09-28T16:58:10Z,DEV-WS-07,SenseIR.exe,lsass.exe,0x1410,Microsoft Windows Publisher,true,services.exe
2026-09-28T16:59:11Z,DEV-WS-18,SenseIR.exe,lsass.exe,0x1410,Microsoft Windows Publisher,true,services.exe
2026-09-28T13:00:12Z,DEV-WS-12,SenseIR.exe,lsass.exe,0x1410,Microsoft Windows Publisher,true,services.exe
2026-09-28T13:01:13Z,DEV-WS-07,SenseIR.exe,lsass.exe,0x1410,Microsoft Windows Publisher,true,services.exe
2026-09-28T13:02:14Z,DEV-WS-18,SenseIR.exe,lsass.exe,0x1410,Microsoft Windows Publisher,true,services.exe
2026-09-28T13:03:15Z,DEV-WS-03,SenseIR.exe,lsass.exe,0x1410,Microsoft Windows Publisher,true,services.exe
2026-09-28T13:04:16Z,DEV-WS-18,SenseIR.exe,lsass.exe,0x1410,Microsoft Windows Publisher,true,services.exe
2026-09-28T13:05:17Z,DEV-WS-18,SenseIR.exe,lsass.exe,0x1410,Microsoft Windows Publisher,true,services.exe
2026-09-28T13:06:18Z,DEV-WS-12,SenseIR.exe,lsass.exe,0x1410,Microsoft Windows Publisher,true,services.exe
2026-09-28T13:07:19Z,DEV-WS-12,SenseIR.exe,lsass.exe,0x1410,Microsoft Windows Publisher,true,services.exe
2026-09-28T13:08:20Z,DEV-WS-18,SenseIR.exe,lsass.exe,0x1410,Microsoft Windows Publisher,true,services.exe
2026-09-28T13:09:21Z,DEV-WS-18,SenseIR.exe,lsass.exe,0x1410,Microsoft Windows Publisher,true,services.exe
2026-09-28T13:10:22Z,DEV-WS-07,SenseIR.exe,lsass.exe,0x1410,Microsoft Windows Publisher,true,services.exe
2026-09-28T13:11:23Z,DEV-WS-07,SenseIR.exe,lsass.exe,0x1410,Microsoft Windows Publisher,true,services.exe
2026-09-28T13:12:24Z,DEV-WS-18,SenseIR.exe,lsass.exe,0x1410,Microsoft Windows Publisher,true,services.exe
2026-09-28T13:13:25Z,DEV-WS-18,SenseIR.exe,lsass.exe,0x1410,Microsoft Windows Publisher,true,services.exe
2026-09-28T13:14:26Z,DEV-WS-07,SenseIR.exe,lsass.exe,0x1410,Microsoft Windows Publisher,true,services.exe
2026-09-28T13:15:27Z,DEV-WS-03,SenseIR.exe,lsass.exe,0x1410,Microsoft Windows Publisher,true,services.exe
2026-09-28T13:16:28Z,DEV-WS-07,SenseIR.exe,lsass.exe,0x1410,Microsoft Windows Publisher,true,services.exe
2026-09-28T13:17:29Z,DEV-WS-07,SenseIR.exe,lsass.exe,0x1410,Microsoft Windows Publisher,true,services.exe
2026-09-28T13:18:30Z,DEV-WS-18,SenseIR.exe,lsass.exe,0x1410,Microsoft Windows Publisher,true,services.exe
2026-09-28T13:19:31Z,DEV-WS-18,SenseIR.exe,lsass.exe,0x1410,Microsoft Windows Publisher,true,services.exe
2026-09-28T13:20:32Z,DEV-WS-03,SenseIR.exe,lsass.exe,0x1410,Microsoft Windows Publisher,true,services.exe
2026-09-28T13:21:33Z,DEV-WS-03,SenseIR.exe,lsass.exe,0x1410,Microsoft Windows Publisher,true,services.exe
2026-09-28T13:22:34Z,DEV-WS-12,SenseIR.exe,lsass.exe,0x1410,Microsoft Windows Publisher,true,services.exe
2026-09-28T13:23:35Z,DEV-WS-03,SenseIR.exe,lsass.exe,0x1410,Microsoft Windows Publisher,true,services.exe
2026-09-28T13:24:36Z,DEV-WS-03,SenseIR.exe,lsass.exe,0x1410,Microsoft Windows Publisher,true,services.exe
2026-09-28T13:25:37Z,DEV-WS-12,SenseIR.exe,lsass.exe,0x1410,Microsoft Windows Publisher,true,services.exe
2026-09-28T13:26:38Z,DEV-WS-12,SenseIR.exe,lsass.exe,0x1410,Microsoft Windows Publisher,true,services.exe
2026-09-28T13:27:39Z,DEV-WS-07,SenseIR.exe,lsass.exe,0x1410,Microsoft Windows Publisher,true,services.exe
2026-09-28T13:28:40Z,DEV-WS-12,SenseIR.exe,lsass.exe,0x1410,Microsoft Windows Publisher,true,services.exe
2026-09-28T13:29:41Z,DEV-WS-18,SenseIR.exe,lsass.exe,0x1410,Microsoft Windows Publisher,true,services.exe
2026-09-28T13:30:42Z,DEV-WS-18,SenseIR.exe,lsass.exe,0x1410,Microsoft Windows Publisher,true,services.exe
2026-09-28T13:31:43Z,DEV-WS-07,SenseIR.exe,lsass.exe,0x1410,Microsoft Windows Publisher,true,services.exe
2026-09-28T13:32:44Z,DEV-WS-03,SenseIR.exe,lsass.exe,0x1410,Microsoft Windows Publisher,true,services.exe
2026-09-28T13:33:45Z,DEV-WS-03,SenseIR.exe,lsass.exe,0x1410,Microsoft Windows Publisher,true,services.exe
2026-09-28T13:34:46Z,DEV-WS-03,SenseIR.exe,lsass.exe,0x1410,Microsoft Windows Publisher,true,services.exe
2026-09-28T13:35:47Z,DEV-WS-03,SenseIR.exe,lsass.exe,0x1410,Microsoft Windows Publisher,true,services.exe
2026-09-28T13:36:48Z,DEV-WS-07,SenseIR.exe,lsass.exe,0x1410,Microsoft Windows Publisher,true,services.exe
2026-09-28T13:37:49Z,DEV-WS-03,SenseIR.exe,lsass.exe,0x1410,Microsoft Windows Publisher,true,services.exe
2026-09-28T13:38:50Z,DEV-WS-07,SenseIR.exe,lsass.exe,0x1410,Microsoft Windows Publisher,true,services.exe
2026-09-28T13:39:51Z,DEV-WS-03,SenseIR.exe,lsass.exe,0x1410,Microsoft Windows Publisher,true,services.exe
2026-09-28T13:40:52Z,DEV-WS-18,SenseIR.exe,lsass.exe,0x1410,Microsoft Windows Publisher,true,services.exe
2026-09-28T13:41:53Z,DEV-WS-03,SenseIR.exe,lsass.exe,0x1410,Microsoft Windows Publisher,true,services.exe
2026-09-28T13:42:54Z,DEV-WS-18,SenseIR.exe,lsass.exe,0x1410,Microsoft Windows Publisher,true,services.exe
2026-09-28T13:43:55Z,DEV-WS-03,SenseIR.exe,lsass.exe,0x1410,Microsoft Windows Publisher,true,services.exe
2026-09-28T13:44:56Z,DEV-WS-12,SenseIR.exe,lsass.exe,0x1410,Microsoft Windows Publisher,true,services.exe
2026-09-28T13:45:00Z,DEV-WS-03,SenseIR.exe,lsass.exe,0x1410,Microsoft Windows Publisher,true,services.exe
2026-09-28T13:46:01Z,DEV-WS-12,SenseIR.exe,lsass.exe,0x1410,Microsoft Windows Publisher,true,services.exe
2026-09-28T13:47:02Z,DEV-WS-18,SenseIR.exe,lsass.exe,0x1410,Microsoft Windows Publisher,true,services.exe
2026-09-28T13:48:03Z,DEV-WS-03,SenseIR.exe,lsass.exe,0x1410,Microsoft Windows Publisher,true,services.exe
2026-09-28T13:49:04Z,DEV-WS-12,SenseIR.exe,lsass.exe,0x1410,Microsoft Windows Publisher,true,services.exe
2026-09-28T13:50:05Z,DEV-WS-07,SenseIR.exe,lsass.exe,0x1410,Microsoft Windows Publisher,true,services.exe
2026-09-28T13:51:06Z,DEV-WS-03,SenseIR.exe,lsass.exe,0x1410,Microsoft Windows Publisher,true,services.exe
2026-09-28T13:52:07Z,DEV-WS-03,SenseIR.exe,lsass.exe,0x1410,Microsoft Windows Publisher,true,services.exe
2026-09-28T13:53:08Z,DEV-WS-18,SenseIR.exe,lsass.exe,0x1410,Microsoft Windows Publisher,true,services.exe
2026-09-28T13:54:09Z,DEV-WS-07,SenseIR.exe,lsass.exe,0x1410,Microsoft Windows Publisher,true,services.exe
2026-09-28T13:55:10Z,DEV-WS-07,SenseIR.exe,lsass.exe,0x1410,Microsoft Windows Publisher,true,services.exe
2026-09-28T13:56:11Z,DEV-WS-03,SenseIR.exe,lsass.exe,0x1410,Microsoft Windows Publisher,true,services.exe
2026-09-28T13:57:12Z,DEV-WS-07,SenseIR.exe,lsass.exe,0x1410,Microsoft Windows Publisher,true,services.exe
2026-09-28T13:58:13Z,DEV-WS-18,SenseIR.exe,lsass.exe,0x1410,Microsoft Windows Publisher,true,services.exe
2026-09-28T13:59:14Z,DEV-WS-07,SenseIR.exe,lsass.exe,0x1410,Microsoft Windows Publisher,true,services.exe
2026-09-28T14:00:15Z,DEV-WS-12,SenseIR.exe,lsass.exe,0x1410,Microsoft Windows Publisher,true,services.exe
2026-09-28T14:01:16Z,DEV-WS-18,SenseIR.exe,lsass.exe,0x1410,Microsoft Windows Publisher,true,services.exe
2026-09-28T14:02:17Z,DEV-WS-18,SenseIR.exe,lsass.exe,0x1410,Microsoft Windows Publisher,true,services.exe
2026-09-28T14:03:18Z,DEV-WS-03,SenseIR.exe,lsass.exe,0x1410,Microsoft Windows Publisher,true,services.exe
2026-09-28T14:04:19Z,DEV-WS-07,SenseIR.exe,lsass.exe,0x1410,Microsoft Windows Publisher,true,services.exe
2026-09-28T14:05:20Z,DEV-WS-18,SenseIR.exe,lsass.exe,0x1410,Microsoft Windows Publisher,true,services.exe
2026-09-28T14:06:21Z,DEV-WS-03,SenseIR.exe,lsass.exe,0x1410,Microsoft Windows Publisher,true,services.exe
2026-09-28T14:07:22Z,DEV-WS-03,SenseIR.exe,lsass.exe,0x1410,Microsoft Windows Publisher,true,services.exe
2026-09-28T14:08:23Z,DEV-WS-18,SenseIR.exe,lsass.exe,0x1410,Microsoft Windows Publisher,true,services.exe
2026-09-28T14:09:24Z,DEV-WS-03,SenseIR.exe,lsass.exe,0x1410,Microsoft Windows Publisher,true,services.exe
2026-09-28T14:10:25Z,DEV-WS-07,SenseIR.exe,lsass.exe,0x1410,Microsoft Windows Publisher,true,services.exe
2026-09-28T14:11:26Z,DEV-WS-18,SenseIR.exe,lsass.exe,0x1410,Microsoft Windows Publisher,true,services.exe
2026-09-28T14:12:27Z,DEV-WS-18,SenseIR.exe,lsass.exe,0x1410,Microsoft Windows Publisher,true,services.exe
2026-09-28T14:13:28Z,DEV-WS-18,SenseIR.exe,lsass.exe,0x1410,Microsoft Windows Publisher,true,services.exe
2026-09-28T14:14:29Z,DEV-WS-12,SenseIR.exe,lsass.exe,0x1410,Microsoft Windows Publisher,true,services.exe
2026-09-28T14:15:30Z,DEV-WS-07,SenseIR.exe,lsass.exe,0x1410,Microsoft Windows Publisher,true,services.exe
2026-09-28T14:16:31Z,DEV-WS-12,SenseIR.exe,lsass.exe,0x1410,Microsoft Windows Publisher,true,services.exe
2026-09-28T14:17:32Z,DEV-WS-07,SenseIR.exe,lsass.exe,0x1410,Microsoft Windows Publisher,true,services.exe
2026-09-28T14:18:33Z,DEV-WS-12,SenseIR.exe,lsass.exe,0x1410,Microsoft Windows Publisher,true,services.exe
2026-09-28T14:19:34Z,DEV-WS-18,SenseIR.exe,lsass.exe,0x1410,Microsoft Windows Publisher,true,services.exe
2026-09-28T14:20:35Z,DEV-WS-18,SenseIR.exe,lsass.exe,0x1410,Microsoft Windows Publisher,true,services.exe
2026-09-28T14:21:36Z,DEV-WS-12,SenseIR.exe,lsass.exe,0x1410,Microsoft Windows Publisher,true,services.exe
2026-09-28T14:22:37Z,DEV-WS-18,SenseIR.exe,lsass.exe,0x1410,Microsoft Windows Publisher,true,services.exe
2026-09-28T14:23:38Z,DEV-WS-03,SenseIR.exe,lsass.exe,0x1410,Microsoft Windows Publisher,true,services.exe
2026-09-28T14:24:39Z,DEV-WS-07,SenseIR.exe,lsass.exe,0x1410,Microsoft Windows Publisher,true,services.exe
2026-09-28T14:25:40Z,DEV-WS-18,SenseIR.exe,lsass.exe,0x1410,Microsoft Windows Publisher,true,services.exe
2026-09-28T14:26:41Z,DEV-WS-12,SenseIR.exe,lsass.exe,0x1410,Microsoft Windows Publisher,true,services.exe
2026-09-28T14:27:42Z,DEV-WS-12,SenseIR.exe,lsass.exe,0x1410,Microsoft Windows Publisher,true,services.exe
2026-09-28T14:28:43Z,DEV-WS-07,SenseIR.exe,lsass.exe,0x1410,Microsoft Windows Publisher,true,services.exe
2026-09-28T14:29:44Z,DEV-WS-18,SenseIR.exe,lsass.exe,0x1410,Microsoft Windows Publisher,true,services.exe
2026-09-28T14:30:45Z,DEV-WS-07,SenseIR.exe,lsass.exe,0x1410,Microsoft Windows Publisher,true,services.exe
2026-09-28T14:31:46Z,DEV-WS-07,SenseIR.exe,lsass.exe,0x1410,Microsoft Windows Publisher,true,services.exe
2026-09-28T14:32:47Z,DEV-WS-07,SenseIR.exe,lsass.exe,0x1410,Microsoft Windows Publisher,true,services.exe
2026-09-28T14:33:48Z,DEV-WS-07,SenseIR.exe,lsass.exe,0x1410,Microsoft Windows Publisher,true,services.exe
2026-09-28T14:34:49Z,DEV-WS-12,SenseIR.exe,lsass.exe,0x1410,Microsoft Windows Publisher,true,services.exe
2026-09-28T14:35:50Z,DEV-WS-18,SenseIR.exe,lsass.exe,0x1410,Microsoft Windows Publisher,true,services.exe
2026-09-28T14:36:51Z,DEV-WS-07,SenseIR.exe,lsass.exe,0x1410,Microsoft Windows Publisher,true,services.exe
2026-09-28T14:37:52Z,DEV-WS-07,SenseIR.exe,lsass.exe,0x1410,Microsoft Windows Publisher,true,services.exe
2026-09-28T14:38:53Z,DEV-WS-18,SenseIR.exe,lsass.exe,0x1410,Microsoft Windows Publisher,true,services.exe
2026-09-28T14:39:54Z,DEV-WS-18,SenseIR.exe,lsass.exe,0x1410,Microsoft Windows Publisher,true,services.exe
2026-09-28T14:40:55Z,DEV-WS-07,SenseIR.exe,lsass.exe,0x1410,Microsoft Windows Publisher,true,services.exe
2026-09-28T14:41:56Z,DEV-WS-07,SenseIR.exe,lsass.exe,0x1410,Microsoft Windows Publisher,true,services.exe
2026-09-28T14:42:00Z,DEV-WS-18,SenseIR.exe,lsass.exe,0x1410,Microsoft Windows Publisher,true,services.exe
2026-09-28T14:43:01Z,DEV-WS-07,SenseIR.exe,lsass.exe,0x1410,Microsoft Windows Publisher,true,services.exe
2026-09-28T14:44:02Z,DEV-WS-07,SenseIR.exe,lsass.exe,0x1410,Microsoft Windows Publisher,true,services.exe
2026-09-28T14:45:03Z,DEV-WS-07,SenseIR.exe,lsass.exe,0x1410,Microsoft Windows Publisher,true,services.exe
2026-09-28T14:46:04Z,DEV-WS-18,SenseIR.exe,lsass.exe,0x1410,Microsoft Windows Publisher,true,services.exe
2026-09-28T14:47:05Z,DEV-WS-03,SenseIR.exe,lsass.exe,0x1410,Microsoft Windows Publisher,true,services.exe
2026-09-28T14:48:06Z,DEV-WS-07,SenseIR.exe,lsass.exe,0x1410,Microsoft Windows Publisher,true,services.exe
2026-09-28T14:49:07Z,DEV-WS-03,SenseIR.exe,lsass.exe,0x1410,Microsoft Windows Publisher,true,services.exe
2026-09-28T14:50:08Z,DEV-WS-12,SenseIR.exe,lsass.exe,0x1410,Microsoft Windows Publisher,true,services.exe
2026-09-28T14:51:09Z,DEV-WS-18,SenseIR.exe,lsass.exe,0x1410,Microsoft Windows Publisher,true,services.exe
2026-09-28T14:52:10Z,DEV-WS-03,SenseIR.exe,lsass.exe,0x1410,Microsoft Windows Publisher,true,services.exe
2026-09-28T14:53:11Z,DEV-WS-18,SenseIR.exe,lsass.exe,0x1410,Microsoft Windows Publisher,true,services.exe
2026-09-28T14:54:12Z,DEV-WS-18,SenseIR.exe,lsass.exe,0x1410,Microsoft Windows Publisher,true,services.exe
2026-09-28T14:55:13Z,DEV-WS-18,SenseIR.exe,lsass.exe,0x1410,Microsoft Windows Publisher,true,services.exe
2026-09-28T14:56:14Z,DEV-WS-12,SenseIR.exe,lsass.exe,0x1410,Microsoft Windows Publisher,true,services.exe
2026-09-28T14:57:15Z,DEV-WS-03,SenseIR.exe,lsass.exe,0x1410,Microsoft Windows Publisher,true,services.exe
2026-09-28T14:58:16Z,DEV-WS-03,SenseIR.exe,lsass.exe,0x1410,Microsoft Windows Publisher,true,services.exe
2026-09-28T14:59:17Z,DEV-WS-18,SenseIR.exe,lsass.exe,0x1410,Microsoft Windows Publisher,true,services.exe
2026-09-28T15:00:18Z,DEV-WS-03,SenseIR.exe,lsass.exe,0x1410,Microsoft Windows Publisher,true,services.exe
2026-09-28T15:01:19Z,DEV-WS-03,SenseIR.exe,lsass.exe,0x1410,Microsoft Windows Publisher,true,services.exe
2026-09-28T15:02:20Z,DEV-WS-12,SenseIR.exe,lsass.exe,0x1410,Microsoft Windows Publisher,true,services.exe
2026-09-28T15:03:21Z,DEV-WS-18,SenseIR.exe,lsass.exe,0x1410,Microsoft Windows Publisher,true,services.exe
2026-09-28T15:04:22Z,DEV-WS-03,SenseIR.exe,lsass.exe,0x1410,Microsoft Windows Publisher,true,services.exe
2026-09-28T15:05:23Z,DEV-WS-12,SenseIR.exe,lsass.exe,0x1410,Microsoft Windows Publisher,true,services.exe
2026-09-28T15:06:24Z,DEV-WS-03,SenseIR.exe,lsass.exe,0x1410,Microsoft Windows Publisher,true,services.exe
2026-09-28T15:07:25Z,DEV-WS-07,SenseIR.exe,lsass.exe,0x1410,Microsoft Windows Publisher,true,services.exe
2026-09-28T15:08:26Z,DEV-WS-12,SenseIR.exe,lsass.exe,0x1410,Microsoft Windows Publisher,true,services.exe
2026-09-28T15:09:27Z,DEV-WS-12,SenseIR.exe,lsass.exe,0x1410,Microsoft Windows Publisher,true,services.exe
2026-09-28T15:10:28Z,DEV-WS-07,SenseIR.exe,lsass.exe,0x1410,Microsoft Windows Publisher,true,services.exe
2026-09-28T15:11:29Z,DEV-WS-07,SenseIR.exe,lsass.exe,0x1410,Microsoft Windows Publisher,true,services.exe
2026-09-28T15:12:30Z,DEV-WS-07,SenseIR.exe,lsass.exe,0x1410,Microsoft Windows Publisher,true,services.exe
2026-09-28T15:13:31Z,DEV-WS-07,SenseIR.exe,lsass.exe,0x1410,Microsoft Windows Publisher,true,services.exe
2026-09-28T15:14:32Z,DEV-WS-12,SenseIR.exe,lsass.exe,0x1410,Microsoft Windows Publisher,true,services.exe
2026-09-28T15:15:33Z,DEV-WS-03,SenseIR.exe,lsass.exe,0x1410,Microsoft Windows Publisher,true,services.exe
2026-09-28T15:16:34Z,DEV-WS-03,SenseIR.exe,lsass.exe,0x1410,Microsoft Windows Publisher,true,services.exe
2026-09-28T15:17:35Z,DEV-WS-03,SenseIR.exe,lsass.exe,0x1410,Microsoft Windows Publisher,true,services.exe
2026-09-28T15:18:36Z,DEV-WS-18,SenseIR.exe,lsass.exe,0x1410,Microsoft Windows Publisher,true,services.exe
2026-09-28T15:19:37Z,DEV-WS-12,SenseIR.exe,lsass.exe,0x1410,Microsoft Windows Publisher,true,services.exe
2026-09-28T15:20:38Z,DEV-WS-18,SenseIR.exe,lsass.exe,0x1410,Microsoft Windows Publisher,true,services.exe
2026-09-28T15:21:39Z,DEV-WS-12,SenseIR.exe,lsass.exe,0x1410,Microsoft Windows Publisher,true,services.exe
2026-09-28T15:22:40Z,DEV-WS-12,SenseIR.exe,lsass.exe,0x1410,Microsoft Windows Publisher,true,services.exe
2026-09-28T15:23:41Z,DEV-WS-03,SenseIR.exe,lsass.exe,0x1410,Microsoft Windows Publisher,true,services.exe
2026-09-28T15:24:42Z,DEV-WS-18,SenseIR.exe,lsass.exe,0x1410,Microsoft Windows Publisher,true,services.exe
2026-09-28T15:25:43Z,DEV-WS-07,SenseIR.exe,lsass.exe,0x1410,Microsoft Windows Publisher,true,services.exe
2026-09-28T15:26:44Z,DEV-WS-12,SenseIR.exe,lsass.exe,0x1410,Microsoft Windows Publisher,true,services.exe
2026-09-28T15:27:45Z,DEV-WS-18,SenseIR.exe,lsass.exe,0x1410,Microsoft Windows Publisher,true,services.exe
2026-09-28T15:28:46Z,DEV-WS-03,SenseIR.exe,lsass.exe,0x1410,Microsoft Windows Publisher,true,services.exe
2026-09-28T15:29:47Z,DEV-WS-03,SenseIR.exe,lsass.exe,0x1410,Microsoft Windows Publisher,true,services.exe
2026-09-28T15:30:48Z,DEV-WS-18,SenseIR.exe,lsass.exe,0x1410,Microsoft Windows Publisher,true,services.exe
2026-09-28T15:31:49Z,DEV-WS-07,SenseIR.exe,lsass.exe,0x1410,Microsoft Windows Publisher,true,services.exe
2026-09-28T15:32:50Z,DEV-WS-07,SenseIR.exe,lsass.exe,0x1410,Microsoft Windows Publisher,true,services.exe
2026-09-28T15:33:51Z,DEV-WS-07,SenseIR.exe,lsass.exe,0x1410,Microsoft Windows Publisher,true,services.exe
2026-09-28T15:34:52Z,DEV-WS-03,SenseIR.exe,lsass.exe,0x1410,Microsoft Windows Publisher,true,services.exe
2026-09-28T15:35:53Z,DEV-WS-07,SenseIR.exe,lsass.exe,0x1410,Microsoft Windows Publisher,true,services.exe
2026-09-28T15:36:54Z,DEV-WS-03,SenseIR.exe,lsass.exe,0x1410,Microsoft Windows Publisher,true,services.exe
2026-09-28T15:37:55Z,DEV-WS-18,SenseIR.exe,lsass.exe,0x1410,Microsoft Windows Publisher,true,services.exe
2026-09-28T15:38:56Z,DEV-WS-07,SenseIR.exe,lsass.exe,0x1410,Microsoft Windows Publisher,true,services.exe
2026-09-28T15:39:00Z,DEV-WS-07,SenseIR.exe,lsass.exe,0x1410,Microsoft Windows Publisher,true,services.exe
2026-09-28T15:40:01Z,DEV-WS-12,SenseIR.exe,lsass.exe,0x1410,Microsoft Windows Publisher,true,services.exe
2026-09-28T15:41:02Z,DEV-WS-12,SenseIR.exe,lsass.exe,0x1410,Microsoft Windows Publisher,true,services.exe
2026-09-28T15:42:03Z,DEV-WS-18,SenseIR.exe,lsass.exe,0x1410,Microsoft Windows Publisher,true,services.exe
2026-09-28T15:43:04Z,DEV-WS-03,SenseIR.exe,lsass.exe,0x1410,Microsoft Windows Publisher,true,services.exe
2026-09-28T15:44:05Z,DEV-WS-03,SenseIR.exe,lsass.exe,0x1410,Microsoft Windows Publisher,true,services.exe
2026-09-28T15:45:06Z,DEV-WS-18,SenseIR.exe,lsass.exe,0x1410,Microsoft Windows Publisher,true,services.exe
2026-09-28T15:46:07Z,DEV-WS-12,SenseIR.exe,lsass.exe,0x1410,Microsoft Windows Publisher,true,services.exe
2026-09-28T15:47:08Z,DEV-WS-18,SenseIR.exe,lsass.exe,0x1410,Microsoft Windows Publisher,true,services.exe
2026-09-28T15:48:09Z,DEV-WS-03,SenseIR.exe,lsass.exe,0x1410,Microsoft Windows Publisher,true,services.exe
2026-09-28T15:49:10Z,DEV-WS-12,SenseIR.exe,lsass.exe,0x1410,Microsoft Windows Publisher,true,services.exe
2026-09-28T15:50:11Z,DEV-WS-03,SenseIR.exe,lsass.exe,0x1410,Microsoft Windows Publisher,true,services.exe
2026-09-28T15:51:12Z,DEV-WS-18,SenseIR.exe,lsass.exe,0x1410,Microsoft Windows Publisher,true,services.exe
2026-09-28T15:52:13Z,DEV-WS-12,SenseIR.exe,lsass.exe,0x1410,Microsoft Windows Publisher,true,services.exe
2026-09-28T15:53:14Z,DEV-WS-12,SenseIR.exe,lsass.exe,0x1410,Microsoft Windows Publisher,true,services.exe
2026-09-28T15:54:15Z,DEV-WS-12,SenseIR.exe,lsass.exe,0x1410,Microsoft Windows Publisher,true,services.exe
2026-09-28T15:55:16Z,DEV-WS-07,SenseIR.exe,lsass.exe,0x1410,Microsoft Windows Publisher,true,services.exe
2026-09-28T15:56:17Z,DEV-WS-07,SenseIR.exe,lsass.exe,0x1410,Microsoft Windows Publisher,true,services.exe
2026-09-28T15:57:18Z,DEV-WS-03,SenseIR.exe,lsass.exe,0x1410,Microsoft Windows Publisher,true,services.exe
2026-09-28T15:58:19Z,DEV-WS-12,SenseIR.exe,lsass.exe,0x1410,Microsoft Windows Publisher,true,services.exe
2026-09-28T15:59:20Z,DEV-WS-03,SenseIR.exe,lsass.exe,0x1410,Microsoft Windows Publisher,true,services.exe
2026-09-28T16:00:21Z,DEV-WS-12,SenseIR.exe,lsass.exe,0x1410,Microsoft Windows Publisher,true,services.exe
2026-09-28T16:01:22Z,DEV-WS-12,SenseIR.exe,lsass.exe,0x1410,Microsoft Windows Publisher,true,services.exe
2026-09-28T16:02:23Z,DEV-WS-18,SenseIR.exe,lsass.exe,0x1410,Microsoft Windows Publisher,true,services.exe
2026-09-28T16:03:24Z,DEV-WS-07,SenseIR.exe,lsass.exe,0x1410,Microsoft Windows Publisher,true,services.exe
2026-09-28T16:04:25Z,DEV-WS-18,SenseIR.exe,lsass.exe,0x1410,Microsoft Windows Publisher,true,services.exe
2026-09-28T16:05:26Z,DEV-WS-07,SenseIR.exe,lsass.exe,0x1410,Microsoft Windows Publisher,true,services.exe
2026-09-28T16:06:27Z,DEV-WS-07,SenseIR.exe,lsass.exe,0x1410,Microsoft Windows Publisher,true,services.exe
2026-09-28T16:07:28Z,DEV-WS-12,SenseIR.exe,lsass.exe,0x1410,Microsoft Windows Publisher,true,services.exe
2026-09-28T16:08:29Z,DEV-WS-07,SenseIR.exe,lsass.exe,0x1410,Microsoft Windows Publisher,true,services.exe
2026-09-28T16:09:30Z,DEV-WS-18,SenseIR.exe,lsass.exe,0x1410,Microsoft Windows Publisher,true,services.exe
2026-09-28T16:10:31Z,DEV-WS-12,SenseIR.exe,lsass.exe,0x1410,Microsoft Windows Publisher,true,services.exe
2026-09-28T16:11:32Z,DEV-WS-12,SenseIR.exe,lsass.exe,0x1410,Microsoft Windows Publisher,true,services.exe
2026-09-28T16:12:33Z,DEV-WS-12,SenseIR.exe,lsass.exe,0x1410,Microsoft Windows Publisher,true,services.exe
2026-09-28T16:13:34Z,DEV-WS-03,SenseIR.exe,lsass.exe,0x1410,Microsoft Windows Publisher,true,services.exe
2026-09-28T16:14:35Z,DEV-WS-12,SenseIR.exe,lsass.exe,0x1410,Microsoft Windows Publisher,true,services.exe
2026-09-28T16:15:36Z,DEV-WS-03,SenseIR.exe,lsass.exe,0x1410,Microsoft Windows Publisher,true,services.exe
2026-09-28T16:16:37Z,DEV-WS-18,SenseIR.exe,lsass.exe,0x1410,Microsoft Windows Publisher,true,services.exe
2026-09-28T16:17:38Z,DEV-WS-12,SenseIR.exe,lsass.exe,0x1410,Microsoft Windows Publisher,true,services.exe
2026-09-28T16:18:39Z,DEV-WS-12,SenseIR.exe,lsass.exe,0x1410,Microsoft Windows Publisher,true,services.exe
2026-09-28T16:19:40Z,DEV-WS-12,SenseIR.exe,lsass.exe,0x1410,Microsoft Windows Publisher,true,services.exe
2026-09-28T16:20:41Z,DEV-WS-18,SenseIR.exe,lsass.exe,0x1410,Microsoft Windows Publisher,true,services.exe
2026-09-28T16:21:42Z,DEV-WS-12,SenseIR.exe,lsass.exe,0x1410,Microsoft Windows Publisher,true,services.exe
2026-09-28T16:22:43Z,DEV-WS-03,SenseIR.exe,lsass.exe,0x1410,Microsoft Windows Publisher,true,services.exe
2026-09-28T16:23:44Z,DEV-WS-18,SenseIR.exe,lsass.exe,0x1410,Microsoft Windows Publisher,true,services.exe
2026-09-28T16:24:45Z,DEV-WS-12,SenseIR.exe,lsass.exe,0x1410,Microsoft Windows Publisher,true,services.exe
2026-09-28T16:25:46Z,DEV-WS-18,SenseIR.exe,lsass.exe,0x1410,Microsoft Windows Publisher,true,services.exe
2026-09-28T16:26:47Z,DEV-WS-03,SenseIR.exe,lsass.exe,0x1410,Microsoft Windows Publisher,true,services.exe
2026-09-28T16:27:48Z,DEV-WS-07,SenseIR.exe,lsass.exe,0x1410,Microsoft Windows Publisher,true,services.exe
2026-09-28T16:28:49Z,DEV-WS-07,SenseIR.exe,lsass.exe,0x1410,Microsoft Windows Publisher,true,services.exe
2026-09-28T16:29:50Z,DEV-WS-12,SenseIR.exe,lsass.exe,0x1410,Microsoft Windows Publisher,true,services.exe
2026-09-28T16:30:51Z,DEV-WS-18,SenseIR.exe,lsass.exe,0x1410,Microsoft Windows Publisher,true,services.exe
2026-09-28T16:31:52Z,DEV-WS-18,SenseIR.exe,lsass.exe,0x1410,Microsoft Windows Publisher,true,services.exe
2026-09-28T16:32:53Z,DEV-WS-07,SenseIR.exe,lsass.exe,0x1410,Microsoft Windows Publisher,true,services.exe
2026-09-28T16:33:54Z,DEV-WS-03,SenseIR.exe,lsass.exe,0x1410,Microsoft Windows Publisher,true,services.exe
2026-09-28T16:34:55Z,DEV-WS-03,SenseIR.exe,lsass.exe,0x1410,Microsoft Windows Publisher,true,services.exe
2026-09-28T16:35:56Z,DEV-WS-12,SenseIR.exe,lsass.exe,0x1410,Microsoft Windows Publisher,true,services.exe
2026-09-28T16:36:00Z,DEV-WS-18,SenseIR.exe,lsass.exe,0x1410,Microsoft Windows Publisher,true,services.exe
2026-09-28T16:37:01Z,DEV-WS-18,SenseIR.exe,lsass.exe,0x1410,Microsoft Windows Publisher,true,services.exe
2026-09-28T16:38:02Z,DEV-WS-12,SenseIR.exe,lsass.exe,0x1410,Microsoft Windows Publisher,true,services.exe
2026-09-28T16:39:03Z,DEV-WS-12,SenseIR.exe,lsass.exe,0x1410,Microsoft Windows Publisher,true,services.exe
2026-09-28T16:40:04Z,DEV-WS-07,SenseIR.exe,lsass.exe,0x1410,Microsoft Windows Publisher,true,services.exe
2026-09-28T16:41:05Z,DEV-WS-03,SenseIR.exe,lsass.exe,0x1410,Microsoft Windows Publisher,true,services.exe
2026-09-28T16:42:06Z,DEV-WS-12,SenseIR.exe,lsass.exe,0x1410,Microsoft Windows Publisher,true,services.exe
2026-09-28T16:43:07Z,DEV-WS-18,SenseIR.exe,lsass.exe,0x1410,Microsoft Windows Publisher,true,services.exe
2026-09-28T16:44:08Z,DEV-WS-03,SenseIR.exe,lsass.exe,0x1410,Microsoft Windows Publisher,true,services.exe
2026-09-28T16:45:09Z,DEV-WS-07,SenseIR.exe,lsass.exe,0x1410,Microsoft Windows Publisher,true,services.exe
2026-09-28T16:46:10Z,DEV-WS-03,SenseIR.exe,lsass.exe,0x1410,Microsoft Windows Publisher,true,services.exe
2026-09-28T16:47:11Z,DEV-WS-18,SenseIR.exe,lsass.exe,0x1410,Microsoft Windows Publisher,true,services.exe
2026-09-28T16:48:12Z,DEV-WS-03,SenseIR.exe,lsass.exe,0x1410,Microsoft Windows Publisher,true,services.exe
2026-09-28T16:49:13Z,DEV-WS-12,SenseIR.exe,lsass.exe,0x1410,Microsoft Windows Publisher,true,services.exe
2026-09-28T16:50:14Z,DEV-WS-18,SenseIR.exe,lsass.exe,0x1410,Microsoft Windows Publisher,true,services.exe
2026-09-28T16:51:15Z,DEV-WS-03,SenseIR.exe,lsass.exe,0x1410,Microsoft Windows Publisher,true,services.exe
2026-09-28T16:52:16Z,DEV-WS-18,SenseIR.exe,lsass.exe,0x1410,Microsoft Windows Publisher,true,services.exe
2026-09-28T16:53:17Z,DEV-WS-03,SenseIR.exe,lsass.exe,0x1410,Microsoft Windows Publisher,true,services.exe
2026-09-28T16:54:18Z,DEV-WS-18,SenseIR.exe,lsass.exe,0x1410,Microsoft Windows Publisher,true,services.exe
2026-09-28T16:55:19Z,DEV-WS-03,SenseIR.exe,lsass.exe,0x1410,Microsoft Windows Publisher,true,services.exe
2026-09-28T16:56:20Z,DEV-WS-18,SenseIR.exe,lsass.exe,0x1410,Microsoft Windows Publisher,true,services.exe
2026-09-28T16:57:21Z,DEV-WS-07,SenseIR.exe,lsass.exe,0x1410,Microsoft Windows Publisher,true,services.exe
2026-09-28T16:58:22Z,DEV-WS-03,SenseIR.exe,lsass.exe,0x1410,Microsoft Windows Publisher,true,services.exe
2026-09-28T16:59:23Z,DEV-WS-07,SenseIR.exe,lsass.exe,0x1410,Microsoft Windows Publisher,true,services.exe
2026-09-28T13:00:24Z,DEV-WS-18,SenseIR.exe,lsass.exe,0x1410,Microsoft Windows Publisher,true,services.exe
2026-09-28T13:01:25Z,DEV-WS-12,SenseIR.exe,lsass.exe,0x1410,Microsoft Windows Publisher,true,services.exe
2026-09-28T13:02:26Z,DEV-WS-07,SenseIR.exe,lsass.exe,0x1410,Microsoft Windows Publisher,true,services.exe
2026-09-28T13:03:27Z,DEV-WS-03,SenseIR.exe,lsass.exe,0x1410,Microsoft Windows Publisher,true,services.exe
2026-09-28T13:04:28Z,DEV-WS-07,SenseIR.exe,lsass.exe,0x1410,Microsoft Windows Publisher,true,services.exe
2026-09-28T13:05:29Z,DEV-WS-18,SenseIR.exe,lsass.exe,0x1410,Microsoft Windows Publisher,true,services.exe
2026-09-28T13:06:30Z,DEV-WS-18,SenseIR.exe,lsass.exe,0x1410,Microsoft Windows Publisher,true,services.exe
2026-09-28T13:07:31Z,DEV-WS-03,SenseIR.exe,lsass.exe,0x1410,Microsoft Windows Publisher,true,services.exe
2026-09-28T13:08:32Z,DEV-WS-03,SenseIR.exe,lsass.exe,0x1410,Microsoft Windows Publisher,true,services.exe
2026-09-28T13:09:33Z,DEV-WS-03,SenseIR.exe,lsass.exe,0x1410,Microsoft Windows Publisher,true,services.exe
2026-09-28T13:10:34Z,DEV-WS-03,SenseIR.exe,lsass.exe,0x1410,Microsoft Windows Publisher,true,services.exe
2026-09-28T13:11:35Z,DEV-WS-12,SenseIR.exe,lsass.exe,0x1410,Microsoft Windows Publisher,true,services.exe
2026-09-28T13:12:36Z,DEV-WS-12,SenseIR.exe,lsass.exe,0x1410,Microsoft Windows Publisher,true,services.exe
2026-09-28T13:13:37Z,DEV-WS-18,SenseIR.exe,lsass.exe,0x1410,Microsoft Windows Publisher,true,services.exe
2026-09-28T13:14:38Z,DEV-WS-12,SenseIR.exe,lsass.exe,0x1410,Microsoft Windows Publisher,true,services.exe
2026-09-28T13:15:39Z,DEV-WS-18,SenseIR.exe,lsass.exe,0x1410,Microsoft Windows Publisher,true,services.exe
2026-09-28T13:16:40Z,DEV-WS-12,SenseIR.exe,lsass.exe,0x1410,Microsoft Windows Publisher,true,services.exe
2026-09-28T13:17:41Z,DEV-WS-03,SenseIR.exe,lsass.exe,0x1410,Microsoft Windows Publisher,true,services.exe
2026-09-28T13:18:42Z,DEV-WS-18,SenseIR.exe,lsass.exe,0x1410,Microsoft Windows Publisher,true,services.exe
2026-09-28T13:19:43Z,DEV-WS-07,SenseIR.exe,lsass.exe,0x1410,Microsoft Windows Publisher,true,services.exe
