_time,host,user,source_host,action,details
2026-09-28T16:00:00Z,FILE-DEV-03,ACME\jsmith,IR-JUMP-01,triage,netstat -ano
2026-09-28T16:01:01Z,DEV-WS-12,ACME\jsmith,IR-JUMP-01,triage,netstat -ano
2026-09-28T16:02:02Z,FILE-DEV-03,ACME\jsmith,IR-JUMP-01,triage,netstat -ano
2026-09-28T16:03:03Z,DEV-WS-12,ACME\jsmith,IR-JUMP-01,triage,Get-Process
2026-09-28T16:04:04Z,FILE-DEV-03,ACME\jsmith,IR-JUMP-01,triage,quser
2026-09-28T16:05:05Z,FILE-DEV-03,ACME\jsmith,IR-JUMP-01,triage,netstat -ano
2026-09-28T16:06:06Z,FILE-DEV-03,ACME\jsmith,IR-JUMP-01,triage,Get-Process
2026-09-28T16:07:07Z,DEV-WS-12,ACME\jsmith,IR-JUMP-01,triage,quser
2026-09-28T16:08:08Z,FILE-DEV-03,ACME\jsmith,IR-JUMP-01,triage,whoami
2026-09-28T16:09:09Z,DEV-WS-12,ACME\jsmith,IR-JUMP-01,triage,Get-Process
2026-09-28T16:10:10Z,FILE-DEV-03,ACME\jsmith,IR-JUMP-01,triage,netstat -ano
2026-09-28T16:11:11Z,FILE-DEV-03,ACME\jsmith,IR-JUMP-01,triage,Get-Process
2026-09-28T16:12:12Z,DEV-WS-12,ACME\jsmith,IR-JUMP-01,triage,quser
2026-09-28T16:13:13Z,FILE-DEV-03,ACME\jsmith,IR-JUMP-01,triage,Get-Process
2026-09-28T16:14:14Z,FILE-DEV-03,ACME\jsmith,IR-JUMP-01,triage,netstat -ano
2026-09-28T16:15:15Z,DEV-WS-12,ACME\jsmith,IR-JUMP-01,triage,quser
2026-09-28T16:16:16Z,DEV-WS-12,ACME\jsmith,IR-JUMP-01,triage,quser
2026-09-28T16:17:17Z,FILE-DEV-03,ACME\jsmith,IR-JUMP-01,triage,whoami
2026-09-28T16:18:18Z,DEV-WS-12,ACME\jsmith,IR-JUMP-01,triage,quser
2026-09-28T16:19:19Z,DEV-WS-12,ACME\jsmith,IR-JUMP-01,triage,Get-Process
2026-09-28T16:20:20Z,FILE-DEV-03,ACME\jsmith,IR-JUMP-01,triage,whoami
2026-09-28T16:21:21Z,FILE-DEV-03,ACME\jsmith,IR-JUMP-01,triage,Get-Process
2026-09-28T16:22:22Z,DEV-WS-12,ACME\jsmith,IR-JUMP-01,triage,quser
2026-09-28T16:23:23Z,DEV-WS-12,ACME\jsmith,IR-JUMP-01,triage,Get-Process
2026-09-28T16:24:24Z,DEV-WS-12,ACME\jsmith,IR-JUMP-01,triage,netstat -ano
2026-09-28T16:25:25Z,DEV-WS-12,ACME\jsmith,IR-JUMP-01,triage,whoami
2026-09-28T16:26:26Z,FILE-DEV-03,ACME\jsmith,IR-JUMP-01,triage,whoami
2026-09-28T16:27:27Z,DEV-WS-12,ACME\jsmith,IR-JUMP-01,triage,quser
2026-09-28T16:28:28Z,FILE-DEV-03,ACME\jsmith,IR-JUMP-01,triage,netstat -ano
2026-09-28T16:29:29Z,DEV-WS-12,ACME\jsmith,IR-JUMP-01,triage,quser
2026-09-28T16:30:30Z,FILE-DEV-03,ACME\jsmith,IR-JUMP-01,triage,Get-Process
2026-09-28T16:31:31Z,FILE-DEV-03,ACME\jsmith,IR-JUMP-01,triage,netstat -ano
2026-09-28T16:32:32Z,DEV-WS-12,ACME\jsmith,IR-JUMP-01,triage,netstat -ano
2026-09-28T16:33:33Z,FILE-DEV-03,ACME\jsmith,IR-JUMP-01,triage,Get-Process
2026-09-28T16:34:34Z,FILE-DEV-03,ACME\jsmith,IR-JUMP-01,triage,quser
2026-09-28T16:35:35Z,DEV-WS-12,ACME\jsmith,IR-JUMP-01,triage,quser
2026-09-28T16:36:36Z,FILE-DEV-03,ACME\jsmith,IR-JUMP-01,triage,whoami
2026-09-28T16:37:37Z,DEV-WS-12,ACME\jsmith,IR-JUMP-01,triage,quser
2026-09-28T16:38:38Z,FILE-DEV-03,ACME\jsmith,IR-JUMP-01,triage,Get-Process
2026-09-28T16:39:39Z,FILE-DEV-03,ACME\jsmith,IR-JUMP-01,triage,quser
2026-09-28T16:40:40Z,DEV-WS-12,ACME\jsmith,IR-JUMP-01,triage,netstat -ano
2026-09-28T16:41:00Z,FILE-DEV-03,ACME\jsmith,IR-JUMP-01,triage,quser
2026-09-28T16:42:01Z,FILE-DEV-03,ACME\jsmith,IR-JUMP-01,triage,Get-Process
2026-09-28T16:43:02Z,DEV-WS-12,ACME\jsmith,IR-JUMP-01,triage,whoami
2026-09-28T16:44:03Z,DEV-WS-12,ACME\jsmith,IR-JUMP-01,triage,Get-Process
2026-09-28T16:45:04Z,DEV-WS-12,ACME\jsmith,IR-JUMP-01,triage,quser
2026-09-28T16:46:05Z,DEV-WS-12,ACME\jsmith,IR-JUMP-01,triage,netstat -ano
2026-09-28T16:47:06Z,FILE-DEV-03,ACME\jsmith,IR-JUMP-01,triage,quser
2026-09-28T16:48:07Z,DEV-WS-12,ACME\jsmith,IR-JUMP-01,triage,Get-Process
2026-09-28T16:49:08Z,DEV-WS-12,ACME\jsmith,IR-JUMP-01,triage,Get-Process
2026-09-28T16:00:09Z,FILE-DEV-03,ACME\jsmith,IR-JUMP-01,triage,Get-Process
2026-09-28T16:01:10Z,DEV-WS-12,ACME\jsmith,IR-JUMP-01,triage,quser
2026-09-28T16:02:11Z,DEV-WS-12,ACME\jsmith,IR-JUMP-01,triage,Get-Process
2026-09-28T16:03:12Z,FILE-DEV-03,ACME\jsmith,IR-JUMP-01,triage,whoami
2026-09-28T16:04:13Z,FILE-DEV-03,ACME\jsmith,IR-JUMP-01,triage,netstat -ano
2026-09-28T16:05:14Z,DEV-WS-12,ACME\jsmith,IR-JUMP-01,triage,quser
2026-09-28T16:06:15Z,DEV-WS-12,ACME\jsmith,IR-JUMP-01,triage,netstat -ano
2026-09-28T16:07:16Z,FILE-DEV-03,ACME\jsmith,IR-JUMP-01,triage,netstat -ano
2026-09-28T16:08:17Z,FILE-DEV-03,ACME\jsmith,IR-JUMP-01,triage,netstat -ano
2026-09-28T16:09:18Z,FILE-DEV-03,ACME\jsmith,IR-JUMP-01,triage,whoami
2026-09-28T16:10:19Z,DEV-WS-12,ACME\jsmith,IR-JUMP-01,triage,quser
2026-09-28T16:11:20Z,DEV-WS-12,ACME\jsmith,IR-JUMP-01,triage,Get-Process
2026-09-28T16:12:21Z,DEV-WS-12,ACME\jsmith,IR-JUMP-01,triage,netstat -ano
2026-09-28T16:13:22Z,DEV-WS-12,ACME\jsmith,IR-JUMP-01,triage,netstat -ano
2026-09-28T16:14:23Z,FILE-DEV-03,ACME\jsmith,IR-JUMP-01,triage,Get-Process
2026-09-28T16:15:24Z,DEV-WS-12,ACME\jsmith,IR-JUMP-01,triage,whoami
2026-09-28T16:16:25Z,DEV-WS-12,ACME\jsmith,IR-JUMP-01,triage,quser
2026-09-28T16:17:26Z,FILE-DEV-03,ACME\jsmith,IR-JUMP-01,triage,netstat -ano
2026-09-28T16:18:27Z,DEV-WS-12,ACME\jsmith,IR-JUMP-01,triage,Get-Process
2026-09-28T16:19:28Z,DEV-WS-12,ACME\jsmith,IR-JUMP-01,triage,netstat -ano
2026-09-28T16:20:29Z,FILE-DEV-03,ACME\jsmith,IR-JUMP-01,triage,quser
2026-09-28T16:21:30Z,DEV-WS-12,ACME\jsmith,IR-JUMP-01,triage,Get-Process
2026-09-28T16:22:31Z,DEV-WS-12,ACME\jsmith,IR-JUMP-01,triage,netstat -ano
2026-09-28T16:23:32Z,FILE-DEV-03,ACME\jsmith,IR-JUMP-01,triage,whoami
2026-09-28T16:24:33Z,FILE-DEV-03,ACME\jsmith,IR-JUMP-01,triage,quser
2026-09-28T16:25:34Z,DEV-WS-12,ACME\jsmith,IR-JUMP-01,triage,Get-Process
2026-09-28T16:26:35Z,DEV-WS-12,ACME\jsmith,IR-JUMP-01,triage,Get-Process
2026-09-28T16:27:36Z,DEV-WS-12,ACME\jsmith,IR-JUMP-01,triage,whoami
2026-09-28T16:28:37Z,DEV-WS-12,ACME\jsmith,IR-JUMP-01,triage,whoami
2026-09-28T16:29:38Z,FILE-DEV-03,ACME\jsmith,IR-JUMP-01,triage,Get-Process
2026-09-28T16:30:39Z,DEV-WS-12,ACME\jsmith,IR-JUMP-01,triage,quser
2026-09-28T16:31:40Z,DEV-WS-12,ACME\jsmith,IR-JUMP-01,triage,whoami
2026-09-28T16:32:00Z,DEV-WS-12,ACME\jsmith,IR-JUMP-01,triage,Get-Process
2026-09-28T16:33:01Z,DEV-WS-12,ACME\jsmith,IR-JUMP-01,triage,quser
2026-09-28T16:34:02Z,FILE-DEV-03,ACME\jsmith,IR-JUMP-01,triage,netstat -ano
2026-09-28T16:35:03Z,DEV-WS-12,ACME\jsmith,IR-JUMP-01,triage,quser
2026-09-28T16:36:04Z,DEV-WS-12,ACME\jsmith,IR-JUMP-01,triage,whoami
2026-09-28T16:37:05Z,DEV-WS-12,ACME\jsmith,IR-JUMP-01,triage,whoami
2026-09-28T16:38:06Z,DEV-WS-12,ACME\jsmith,IR-JUMP-01,triage,netstat -ano
2026-09-28T16:39:07Z,DEV-WS-12,ACME\jsmith,IR-JUMP-01,triage,Get-Process
2026-09-28T16:40:08Z,FILE-DEV-03,ACME\jsmith,IR-JUMP-01,triage,quser
2026-09-28T16:41:09Z,DEV-WS-12,ACME\jsmith,IR-JUMP-01,triage,netstat -ano
2026-09-28T16:42:10Z,FILE-DEV-03,ACME\jsmith,IR-JUMP-01,triage,whoami
2026-09-28T16:43:11Z,DEV-WS-12,ACME\jsmith,IR-JUMP-01,triage,netstat -ano
2026-09-28T16:44:12Z,DEV-WS-12,ACME\jsmith,IR-JUMP-01,triage,netstat -ano
2026-09-28T16:45:13Z,DEV-WS-12,ACME\jsmith,IR-JUMP-01,triage,netstat -ano
2026-09-28T16:46:14Z,DEV-WS-12,ACME\jsmith,IR-JUMP-01,triage,netstat -ano
2026-09-28T16:47:15Z,FILE-DEV-03,ACME\jsmith,IR-JUMP-01,triage,Get-Process
2026-09-28T16:48:16Z,FILE-DEV-03,ACME\jsmith,IR-JUMP-01,triage,netstat -ano
2026-09-28T16:49:17Z,FILE-DEV-03,ACME\jsmith,IR-JUMP-01,triage,Get-Process
2026-09-28T16:00:18Z,DEV-WS-12,ACME\jsmith,IR-JUMP-01,triage,Get-Process
2026-09-28T16:01:19Z,DEV-WS-12,ACME\jsmith,IR-JUMP-01,triage,quser
2026-09-28T16:02:20Z,FILE-DEV-03,ACME\jsmith,IR-JUMP-01,triage,quser
2026-09-28T16:03:21Z,FILE-DEV-03,ACME\jsmith,IR-JUMP-01,triage,Get-Process
2026-09-28T16:04:22Z,DEV-WS-12,ACME\jsmith,IR-JUMP-01,triage,Get-Process
2026-09-28T16:05:23Z,FILE-DEV-03,ACME\jsmith,IR-JUMP-01,triage,whoami
2026-09-28T16:06:24Z,FILE-DEV-03,ACME\jsmith,IR-JUMP-01,triage,whoami
2026-09-28T16:07:25Z,FILE-DEV-03,ACME\jsmith,IR-JUMP-01,triage,netstat -ano
2026-09-28T16:08:26Z,DEV-WS-12,ACME\jsmith,IR-JUMP-01,triage,whoami
2026-09-28T16:09:27Z,FILE-DEV-03,ACME\jsmith,IR-JUMP-01,triage,Get-Process
2026-09-28T16:10:28Z,DEV-WS-12,ACME\jsmith,IR-JUMP-01,triage,Get-Process
2026-09-28T16:11:29Z,DEV-WS-12,ACME\jsmith,IR-JUMP-01,triage,whoami
2026-09-28T16:12:30Z,FILE-DEV-03,ACME\jsmith,IR-JUMP-01,triage,Get-Process
2026-09-28T16:13:31Z,FILE-DEV-03,ACME\jsmith,IR-JUMP-01,triage,Get-Process
2026-09-28T16:14:32Z,FILE-DEV-03,ACME\jsmith,IR-JUMP-01,triage,whoami
2026-09-28T16:15:33Z,FILE-DEV-03,ACME\jsmith,IR-JUMP-01,triage,netstat -ano
2026-09-28T16:16:34Z,FILE-DEV-03,ACME\jsmith,IR-JUMP-01,triage,whoami
2026-09-28T16:17:35Z,DEV-WS-12,ACME\jsmith,IR-JUMP-01,triage,netstat -ano
2026-09-28T16:18:36Z,FILE-DEV-03,ACME\jsmith,IR-JUMP-01,triage,quser
2026-09-28T16:19:37Z,DEV-WS-12,ACME\jsmith,IR-JUMP-01,triage,quser
2026-09-28T16:20:38Z,DEV-WS-12,ACME\jsmith,IR-JUMP-01,triage,whoami
2026-09-28T16:21:39Z,DEV-WS-12,ACME\jsmith,IR-JUMP-01,triage,Get-Process
2026-09-28T16:22:40Z,DEV-WS-12,ACME\jsmith,IR-JUMP-01,triage,quser
2026-09-28T16:23:00Z,DEV-WS-12,ACME\jsmith,IR-JUMP-01,triage,quser
2026-09-28T16:24:01Z,DEV-WS-12,ACME\jsmith,IR-JUMP-01,triage,quser
2026-09-28T16:25:02Z,DEV-WS-12,ACME\jsmith,IR-JUMP-01,triage,whoami
2026-09-28T16:26:03Z,FILE-DEV-03,ACME\jsmith,IR-JUMP-01,triage,Get-Process
2026-09-28T16:27:04Z,DEV-WS-12,ACME\jsmith,IR-JUMP-01,triage,quser
2026-09-28T16:28:05Z,DEV-WS-12,ACME\jsmith,IR-JUMP-01,triage,quser
2026-09-28T16:29:06Z,FILE-DEV-03,ACME\jsmith,IR-JUMP-01,triage,Get-Process
2026-09-28T16:30:07Z,FILE-DEV-03,ACME\jsmith,IR-JUMP-01,triage,netstat -ano
2026-09-28T16:31:08Z,FILE-DEV-03,ACME\jsmith,IR-JUMP-01,triage,Get-Process
2026-09-28T16:32:09Z,FILE-DEV-03,ACME\jsmith,IR-JUMP-01,triage,whoami
2026-09-28T16:33:10Z,DEV-WS-12,ACME\jsmith,IR-JUMP-01,triage,whoami
2026-09-28T16:34:11Z,FILE-DEV-03,ACME\jsmith,IR-JUMP-01,triage,netstat -ano
2026-09-28T16:35:12Z,DEV-WS-12,ACME\jsmith,IR-JUMP-01,triage,netstat -ano
2026-09-28T16:36:13Z,FILE-DEV-03,ACME\jsmith,IR-JUMP-01,triage,quser
2026-09-28T16:37:14Z,DEV-WS-12,ACME\jsmith,IR-JUMP-01,triage,netstat -ano
2026-09-28T16:38:15Z,FILE-DEV-03,ACME\jsmith,IR-JUMP-01,triage,netstat -ano
2026-09-28T16:39:16Z,DEV-WS-12,ACME\jsmith,IR-JUMP-01,triage,whoami
2026-09-28T16:40:17Z,DEV-WS-12,ACME\jsmith,IR-JUMP-01,triage,netstat -ano
2026-09-28T16:41:18Z,FILE-DEV-03,ACME\jsmith,IR-JUMP-01,triage,netstat -ano
2026-09-28T16:42:19Z,FILE-DEV-03,ACME\jsmith,IR-JUMP-01,triage,netstat -ano
2026-09-28T16:43:20Z,DEV-WS-12,ACME\jsmith,IR-JUMP-01,triage,Get-Process
2026-09-28T16:44:21Z,DEV-WS-12,ACME\jsmith,IR-JUMP-01,triage,netstat -ano
2026-09-28T16:45:22Z,FILE-DEV-03,ACME\jsmith,IR-JUMP-01,triage,whoami
2026-09-28T16:46:23Z,DEV-WS-12,ACME\jsmith,IR-JUMP-01,triage,quser
2026-09-28T16:47:24Z,FILE-DEV-03,ACME\jsmith,IR-JUMP-01,triage,netstat -ano
2026-09-28T16:48:25Z,FILE-DEV-03,ACME\jsmith,IR-JUMP-01,triage,quser
2026-09-28T16:49:26Z,FILE-DEV-03,ACME\jsmith,IR-JUMP-01,triage,whoami
2026-09-28T16:00:27Z,DEV-WS-12,ACME\jsmith,IR-JUMP-01,triage,quser
2026-09-28T16:01:28Z,DEV-WS-12,ACME\jsmith,IR-JUMP-01,triage,whoami
2026-09-28T16:02:29Z,DEV-WS-12,ACME\jsmith,IR-JUMP-01,triage,netstat -ano
2026-09-28T16:03:30Z,DEV-WS-12,ACME\jsmith,IR-JUMP-01,triage,Get-Process
2026-09-28T16:04:31Z,FILE-DEV-03,ACME\jsmith,IR-JUMP-01,triage,netstat -ano
2026-09-28T16:05:32Z,DEV-WS-12,ACME\jsmith,IR-JUMP-01,triage,netstat -ano
2026-09-28T16:06:33Z,DEV-WS-12,ACME\jsmith,IR-JUMP-01,triage,quser
2026-09-28T16:07:34Z,FILE-DEV-03,ACME\jsmith,IR-JUMP-01,triage,whoami
2026-09-28T16:08:35Z,DEV-WS-12,ACME\jsmith,IR-JUMP-01,triage,whoami
2026-09-28T16:09:36Z,FILE-DEV-03,ACME\jsmith,IR-JUMP-01,triage,quser
2026-09-28T16:10:37Z,DEV-WS-12,ACME\jsmith,IR-JUMP-01,triage,Get-Process
2026-09-28T16:11:38Z,FILE-DEV-03,ACME\jsmith,IR-JUMP-01,triage,whoami
2026-09-28T16:12:39Z,DEV-WS-12,ACME\jsmith,IR-JUMP-01,triage,Get-Process
2026-09-28T16:13:40Z,FILE-DEV-03,ACME\jsmith,IR-JUMP-01,triage,whoami
2026-09-28T16:14:00Z,DEV-WS-12,ACME\jsmith,IR-JUMP-01,triage,Get-Process
2026-09-28T16:15:01Z,DEV-WS-12,ACME\jsmith,IR-JUMP-01,triage,netstat -ano
2026-09-28T16:16:02Z,DEV-WS-12,ACME\jsmith,IR-JUMP-01,triage,whoami
2026-09-28T16:17:03Z,DEV-WS-12,ACME\jsmith,IR-JUMP-01,triage,whoami
2026-09-28T16:18:04Z,FILE-DEV-03,ACME\jsmith,IR-JUMP-01,triage,quser
2026-09-28T16:19:05Z,DEV-WS-12,ACME\jsmith,IR-JUMP-01,triage,Get-Process
2026-09-28T16:20:06Z,FILE-DEV-03,ACME\jsmith,IR-JUMP-01,triage,whoami
2026-09-28T16:21:07Z,DEV-WS-12,ACME\jsmith,IR-JUMP-01,triage,netstat -ano
2026-09-28T16:22:08Z,DEV-WS-12,ACME\jsmith,IR-JUMP-01,triage,netstat -ano
2026-09-28T16:23:09Z,FILE-DEV-03,ACME\jsmith,IR-JUMP-01,triage,quser
2026-09-28T16:24:10Z,FILE-DEV-03,ACME\jsmith,IR-JUMP-01,triage,netstat -ano
2026-09-28T16:25:11Z,FILE-DEV-03,ACME\jsmith,IR-JUMP-01,triage,Get-Process
2026-09-28T16:26:12Z,DEV-WS-12,ACME\jsmith,IR-JUMP-01,triage,whoami
2026-09-28T16:27:13Z,DEV-WS-12,ACME\jsmith,IR-JUMP-01,triage,netstat -ano
2026-09-28T16:28:14Z,FILE-DEV-03,ACME\jsmith,IR-JUMP-01,triage,Get-Process
2026-09-28T16:29:15Z,FILE-DEV-03,ACME\jsmith,IR-JUMP-01,triage,Get-Process
2026-09-28T16:30:16Z,DEV-WS-12,ACME\jsmith,IR-JUMP-01,triage,Get-Process
2026-09-28T16:31:17Z,DEV-WS-12,ACME\jsmith,IR-JUMP-01,triage,Get-Process
2026-09-28T16:32:18Z,FILE-DEV-03,ACME\jsmith,IR-JUMP-01,triage,whoami
2026-09-28T16:33:19Z,FILE-DEV-03,ACME\jsmith,IR-JUMP-01,triage,Get-Process
2026-09-28T16:34:20Z,FILE-DEV-03,ACME\jsmith,IR-JUMP-01,triage,netstat -ano
2026-09-28T16:35:21Z,FILE-DEV-03,ACME\jsmith,IR-JUMP-01,triage,Get-Process
2026-09-28T16:36:22Z,DEV-WS-12,ACME\jsmith,IR-JUMP-01,triage,netstat -ano
2026-09-28T16:37:23Z,FILE-DEV-03,ACME\jsmith,IR-JUMP-01,triage,Get-Process
2026-09-28T16:38:24Z,DEV-WS-12,ACME\jsmith,IR-JUMP-01,triage,whoami
2026-09-28T16:39:25Z,FILE-DEV-03,ACME\jsmith,IR-JUMP-01,triage,Get-Process
2026-09-28T16:40:26Z,DEV-WS-12,ACME\jsmith,IR-JUMP-01,triage,whoami
2026-09-28T16:41:27Z,DEV-WS-12,ACME\jsmith,IR-JUMP-01,triage,whoami
2026-09-28T16:42:28Z,DEV-WS-12,ACME\jsmith,IR-JUMP-01,triage,Get-Process
2026-09-28T16:43:29Z,FILE-DEV-03,ACME\jsmith,IR-JUMP-01,triage,Get-Process
2026-09-28T16:44:30Z,FILE-DEV-03,ACME\jsmith,IR-JUMP-01,triage,whoami
2026-09-28T16:45:31Z,DEV-WS-12,ACME\jsmith,IR-JUMP-01,triage,Get-Process
2026-09-28T16:46:32Z,FILE-DEV-03,ACME\jsmith,IR-JUMP-01,triage,Get-Process
2026-09-28T16:47:33Z,DEV-WS-12,ACME\jsmith,IR-JUMP-01,triage,netstat -ano
2026-09-28T16:48:34Z,DEV-WS-12,ACME\jsmith,IR-JUMP-01,triage,netstat -ano
2026-09-28T16:49:35Z,FILE-DEV-03,ACME\jsmith,IR-JUMP-01,triage,quser
2026-09-28T16:00:36Z,DEV-WS-12,ACME\jsmith,IR-JUMP-01,triage,Get-Process
2026-09-28T16:01:37Z,DEV-WS-12,ACME\jsmith,IR-JUMP-01,triage,quser
2026-09-28T16:02:38Z,DEV-WS-12,ACME\jsmith,IR-JUMP-01,triage,quser
2026-09-28T16:03:39Z,DEV-WS-12,ACME\jsmith,IR-JUMP-01,triage,quser
2026-09-28T16:04:40Z,DEV-WS-12,ACME\jsmith,IR-JUMP-01,triage,whoami
2026-09-28T16:05:00Z,FILE-DEV-03,ACME\jsmith,IR-JUMP-01,triage,Get-Process
2026-09-28T16:06:01Z,FILE-DEV-03,ACME\jsmith,IR-JUMP-01,triage,Get-Process
2026-09-28T16:07:02Z,FILE-DEV-03,ACME\jsmith,IR-JUMP-01,triage,netstat -ano
2026-09-28T16:08:03Z,DEV-WS-12,ACME\jsmith,IR-JUMP-01,triage,whoami
2026-09-28T16:09:04Z,FILE-DEV-03,ACME\jsmith,IR-JUMP-01,triage,quser
2026-09-28T16:10:05Z,FILE-DEV-03,ACME\jsmith,IR-JUMP-01,triage,quser
2026-09-28T16:11:06Z,DEV-WS-12,ACME\jsmith,IR-JUMP-01,triage,netstat -ano
2026-09-28T16:12:07Z,DEV-WS-12,ACME\jsmith,IR-JUMP-01,triage,Get-Process
2026-09-28T16:13:08Z,DEV-WS-12,ACME\jsmith,IR-JUMP-01,triage,whoami
2026-09-28T16:14:09Z,FILE-DEV-03,ACME\jsmith,IR-JUMP-01,triage,quser
2026-09-28T16:15:10Z,DEV-WS-12,ACME\jsmith,IR-JUMP-01,triage,whoami
2026-09-28T16:16:11Z,FILE-DEV-03,ACME\jsmith,IR-JUMP-01,triage,Get-Process
2026-09-28T16:17:12Z,FILE-DEV-03,ACME\jsmith,IR-JUMP-01,triage,Get-Process
2026-09-28T16:18:13Z,DEV-WS-12,ACME\jsmith,IR-JUMP-01,triage,Get-Process
2026-09-28T16:19:14Z,DEV-WS-12,ACME\jsmith,IR-JUMP-01,triage,netstat -ano
2026-09-28T16:20:15Z,FILE-DEV-03,ACME\jsmith,IR-JUMP-01,triage,Get-Process
2026-09-28T16:21:16Z,FILE-DEV-03,ACME\jsmith,IR-JUMP-01,triage,Get-Process
2026-09-28T16:22:17Z,DEV-WS-12,ACME\jsmith,IR-JUMP-01,triage,Get-Process
2026-09-28T16:23:18Z,FILE-DEV-03,ACME\jsmith,IR-JUMP-01,triage,Get-Process
2026-09-28T16:24:19Z,FILE-DEV-03,ACME\jsmith,IR-JUMP-01,triage,whoami
2026-09-28T16:25:20Z,DEV-WS-12,ACME\jsmith,IR-JUMP-01,triage,Get-Process
2026-09-28T16:26:21Z,FILE-DEV-03,ACME\jsmith,IR-JUMP-01,triage,Get-Process
2026-09-28T16:27:22Z,FILE-DEV-03,ACME\jsmith,IR-JUMP-01,triage,quser
2026-09-28T16:28:23Z,DEV-WS-12,ACME\jsmith,IR-JUMP-01,triage,whoami
2026-09-28T16:29:24Z,DEV-WS-12,ACME\jsmith,IR-JUMP-01,triage,netstat -ano
2026-09-28T16:30:25Z,DEV-WS-12,ACME\jsmith,IR-JUMP-01,triage,Get-Process
2026-09-28T16:31:26Z,FILE-DEV-03,ACME\jsmith,IR-JUMP-01,triage,Get-Process
2026-09-28T16:32:27Z,DEV-WS-12,ACME\jsmith,IR-JUMP-01,triage,whoami
2026-09-28T16:33:28Z,FILE-DEV-03,ACME\jsmith,IR-JUMP-01,triage,netstat -ano
2026-09-28T16:34:29Z,DEV-WS-12,ACME\jsmith,IR-JUMP-01,triage,whoami
2026-09-28T16:35:30Z,DEV-WS-12,ACME\jsmith,IR-JUMP-01,triage,Get-Process
2026-09-28T16:36:31Z,DEV-WS-12,ACME\jsmith,IR-JUMP-01,triage,quser
2026-09-28T16:37:32Z,FILE-DEV-03,ACME\jsmith,IR-JUMP-01,triage,quser
2026-09-28T16:38:33Z,DEV-WS-12,ACME\jsmith,IR-JUMP-01,triage,netstat -ano
2026-09-28T16:39:34Z,DEV-WS-12,ACME\jsmith,IR-JUMP-01,triage,whoami
2026-09-28T16:40:35Z,DEV-WS-12,ACME\jsmith,IR-JUMP-01,triage,quser
2026-09-28T16:41:36Z,FILE-DEV-03,ACME\jsmith,IR-JUMP-01,triage,netstat -ano
2026-09-28T16:42:37Z,DEV-WS-12,ACME\jsmith,IR-JUMP-01,triage,Get-Process
2026-09-28T16:43:38Z,DEV-WS-12,ACME\jsmith,IR-JUMP-01,triage,whoami
2026-09-28T16:44:39Z,FILE-DEV-03,ACME\jsmith,IR-JUMP-01,triage,quser
2026-09-28T16:45:40Z,DEV-WS-12,ACME\jsmith,IR-JUMP-01,triage,netstat -ano
2026-09-28T16:46:00Z,DEV-WS-12,ACME\jsmith,IR-JUMP-01,triage,netstat -ano
2026-09-28T16:47:01Z,DEV-WS-12,ACME\jsmith,IR-JUMP-01,triage,whoami
2026-09-28T16:48:02Z,FILE-DEV-03,ACME\jsmith,IR-JUMP-01,triage,whoami
2026-09-28T16:49:03Z,DEV-WS-12,ACME\jsmith,IR-JUMP-01,triage,netstat -ano
2026-09-28T16:00:04Z,FILE-DEV-03,ACME\jsmith,IR-JUMP-01,triage,Get-Process
2026-09-28T16:01:05Z,FILE-DEV-03,ACME\jsmith,IR-JUMP-01,triage,whoami
2026-09-28T16:02:06Z,FILE-DEV-03,ACME\jsmith,IR-JUMP-01,triage,netstat -ano
2026-09-28T16:03:07Z,DEV-WS-12,ACME\jsmith,IR-JUMP-01,triage,quser
2026-09-28T16:04:08Z,DEV-WS-12,ACME\jsmith,IR-JUMP-01,triage,whoami
2026-09-28T16:05:09Z,DEV-WS-12,ACME\jsmith,IR-JUMP-01,triage,quser
2026-09-28T16:06:10Z,DEV-WS-12,ACME\jsmith,IR-JUMP-01,triage,quser
2026-09-28T16:07:11Z,DEV-WS-12,ACME\jsmith,IR-JUMP-01,triage,quser
2026-09-28T16:08:12Z,FILE-DEV-03,ACME\jsmith,IR-JUMP-01,triage,netstat -ano
2026-09-28T16:09:13Z,FILE-DEV-03,ACME\jsmith,IR-JUMP-01,triage,whoami
2026-09-28T16:10:14Z,DEV-WS-12,ACME\jsmith,IR-JUMP-01,triage,whoami
2026-09-28T16:11:15Z,FILE-DEV-03,ACME\jsmith,IR-JUMP-01,triage,netstat -ano
2026-09-28T16:12:16Z,DEV-WS-12,ACME\jsmith,IR-JUMP-01,triage,netstat -ano
2026-09-28T16:13:17Z,DEV-WS-12,ACME\jsmith,IR-JUMP-01,triage,Get-Process
2026-09-28T16:14:18Z,FILE-DEV-03,ACME\jsmith,IR-JUMP-01,triage,netstat -ano
2026-09-28T16:15:19Z,FILE-DEV-03,ACME\jsmith,IR-JUMP-01,triage,netstat -ano
2026-09-28T16:16:20Z,FILE-DEV-03,ACME\jsmith,IR-JUMP-01,triage,Get-Process
2026-09-28T16:17:21Z,FILE-DEV-03,ACME\jsmith,IR-JUMP-01,triage,quser
2026-09-28T16:18:22Z,FILE-DEV-03,ACME\jsmith,IR-JUMP-01,triage,quser
2026-09-28T16:19:23Z,DEV-WS-12,ACME\jsmith,IR-JUMP-01,triage,netstat -ano
2026-09-28T16:20:24Z,DEV-WS-12,ACME\jsmith,IR-JUMP-01,triage,whoami
2026-09-28T16:21:25Z,DEV-WS-12,ACME\jsmith,IR-JUMP-01,triage,whoami
2026-09-28T16:22:26Z,DEV-WS-12,ACME\jsmith,IR-JUMP-01,triage,quser
2026-09-28T16:23:27Z,DEV-WS-12,ACME\jsmith,IR-JUMP-01,triage,whoami
2026-09-28T16:24:28Z,FILE-DEV-03,ACME\jsmith,IR-JUMP-01,triage,whoami
2026-09-28T16:25:29Z,FILE-DEV-03,ACME\jsmith,IR-JUMP-01,triage,Get-Process
2026-09-28T16:26:30Z,DEV-WS-12,ACME\jsmith,IR-JUMP-01,triage,whoami
2026-09-28T16:27:31Z,DEV-WS-12,ACME\jsmith,IR-JUMP-01,triage,quser
2026-09-28T16:28:32Z,DEV-WS-12,ACME\jsmith,IR-JUMP-01,triage,whoami
2026-09-28T16:29:33Z,FILE-DEV-03,ACME\jsmith,IR-JUMP-01,triage,Get-Process
2026-09-28T14:36:00Z,DEV-WS-12,ACME\jsmith,IR-JUMP-01,collect,Acquire volatile process and network state
2026-09-28T16:31:35Z,FILE-DEV-03,ACME\jsmith,IR-JUMP-01,triage,Get-Process
2026-09-28T16:32:36Z,FILE-DEV-03,ACME\jsmith,IR-JUMP-01,triage,Get-Process
2026-09-28T16:33:37Z,DEV-WS-12,ACME\jsmith,IR-JUMP-01,triage,Get-Process
2026-09-28T16:34:38Z,DEV-WS-12,ACME\jsmith,IR-JUMP-01,triage,whoami
2026-09-28T16:35:39Z,DEV-WS-12,ACME\jsmith,IR-JUMP-01,triage,netstat -ano
2026-09-28T16:36:40Z,FILE-DEV-03,ACME\jsmith,IR-JUMP-01,triage,Get-Process
2026-09-28T16:37:00Z,DEV-WS-12,ACME\jsmith,IR-JUMP-01,triage,whoami
2026-09-28T16:38:01Z,DEV-WS-12,ACME\jsmith,IR-JUMP-01,triage,quser
2026-09-28T16:39:02Z,FILE-DEV-03,ACME\jsmith,IR-JUMP-01,triage,quser
2026-09-28T16:40:03Z,DEV-WS-12,ACME\jsmith,IR-JUMP-01,triage,quser
2026-09-28T16:41:04Z,DEV-WS-12,ACME\jsmith,IR-JUMP-01,triage,netstat -ano
2026-09-28T16:42:05Z,FILE-DEV-03,ACME\jsmith,IR-JUMP-01,triage,Get-Process
2026-09-28T16:43:06Z,DEV-WS-12,ACME\jsmith,IR-JUMP-01,triage,netstat -ano
2026-09-28T16:44:07Z,FILE-DEV-03,ACME\jsmith,IR-JUMP-01,triage,whoami
2026-09-28T16:45:08Z,FILE-DEV-03,ACME\jsmith,IR-JUMP-01,triage,netstat -ano
2026-09-28T16:46:09Z,DEV-WS-12,ACME\jsmith,IR-JUMP-01,triage,Get-Process
2026-09-28T16:47:10Z,FILE-DEV-03,ACME\jsmith,IR-JUMP-01,triage,netstat -ano
2026-09-28T16:48:11Z,FILE-DEV-03,ACME\jsmith,IR-JUMP-01,triage,quser
2026-09-28T16:49:12Z,FILE-DEV-03,ACME\jsmith,IR-JUMP-01,triage,quser
2026-09-28T16:00:13Z,DEV-WS-12,ACME\jsmith,IR-JUMP-01,triage,Get-Process
2026-09-28T16:01:14Z,FILE-DEV-03,ACME\jsmith,IR-JUMP-01,triage,netstat -ano
2026-09-28T16:02:15Z,FILE-DEV-03,ACME\jsmith,IR-JUMP-01,triage,Get-Process
2026-09-28T16:03:16Z,FILE-DEV-03,ACME\jsmith,IR-JUMP-01,triage,Get-Process
2026-09-28T16:04:17Z,FILE-DEV-03,ACME\jsmith,IR-JUMP-01,triage,quser
2026-09-28T16:05:18Z,FILE-DEV-03,ACME\jsmith,IR-JUMP-01,triage,quser
2026-09-28T16:06:19Z,DEV-WS-12,ACME\jsmith,IR-JUMP-01,triage,quser
2026-09-28T16:07:20Z,DEV-WS-12,ACME\jsmith,IR-JUMP-01,triage,whoami
2026-09-28T16:08:21Z,FILE-DEV-03,ACME\jsmith,IR-JUMP-01,triage,whoami
2026-09-28T16:09:22Z,FILE-DEV-03,ACME\jsmith,IR-JUMP-01,triage,Get-Process
2026-09-28T16:10:23Z,FILE-DEV-03,ACME\jsmith,IR-JUMP-01,triage,Get-Process
2026-09-28T16:11:24Z,FILE-DEV-03,ACME\jsmith,IR-JUMP-01,triage,quser
2026-09-28T16:12:25Z,DEV-WS-12,ACME\jsmith,IR-JUMP-01,triage,quser
2026-09-28T16:13:26Z,FILE-DEV-03,ACME\jsmith,IR-JUMP-01,triage,whoami
2026-09-28T16:14:27Z,FILE-DEV-03,ACME\jsmith,IR-JUMP-01,triage,netstat -ano
2026-09-28T16:15:28Z,FILE-DEV-03,ACME\jsmith,IR-JUMP-01,triage,netstat -ano
2026-09-28T16:16:29Z,FILE-DEV-03,ACME\jsmith,IR-JUMP-01,triage,netstat -ano
2026-09-28T16:17:30Z,FILE-DEV-03,ACME\jsmith,IR-JUMP-01,triage,whoami
2026-09-28T16:18:31Z,DEV-WS-12,ACME\jsmith,IR-JUMP-01,triage,whoami
2026-09-28T16:19:32Z,FILE-DEV-03,ACME\jsmith,IR-JUMP-01,triage,Get-Process
2026-09-28T16:20:33Z,FILE-DEV-03,ACME\jsmith,IR-JUMP-01,triage,netstat -ano
2026-09-28T16:21:34Z,FILE-DEV-03,ACME\jsmith,IR-JUMP-01,triage,Get-Process
2026-09-28T16:22:35Z,FILE-DEV-03,ACME\jsmith,IR-JUMP-01,triage,Get-Process
2026-09-28T16:23:36Z,FILE-DEV-03,ACME\jsmith,IR-JUMP-01,triage,whoami
2026-09-28T16:24:37Z,DEV-WS-12,ACME\jsmith,IR-JUMP-01,triage,whoami
2026-09-28T16:25:38Z,FILE-DEV-03,ACME\jsmith,IR-JUMP-01,triage,netstat -ano
2026-09-28T16:26:39Z,DEV-WS-12,ACME\jsmith,IR-JUMP-01,triage,whoami
2026-09-28T16:27:40Z,FILE-DEV-03,ACME\jsmith,IR-JUMP-01,triage,netstat -ano
2026-09-28T16:28:00Z,FILE-DEV-03,ACME\jsmith,IR-JUMP-01,triage,netstat -ano
2026-09-28T16:29:01Z,DEV-WS-12,ACME\jsmith,IR-JUMP-01,triage,netstat -ano
2026-09-28T16:30:02Z,DEV-WS-12,ACME\jsmith,IR-JUMP-01,triage,netstat -ano
2026-09-28T16:31:03Z,DEV-WS-12,ACME\jsmith,IR-JUMP-01,triage,netstat -ano
2026-09-28T16:32:04Z,DEV-WS-12,ACME\jsmith,IR-JUMP-01,triage,netstat -ano
2026-09-28T16:33:05Z,DEV-WS-12,ACME\jsmith,IR-JUMP-01,triage,Get-Process
2026-09-28T16:34:06Z,DEV-WS-12,ACME\jsmith,IR-JUMP-01,triage,netstat -ano
2026-09-28T16:35:07Z,FILE-DEV-03,ACME\jsmith,IR-JUMP-01,triage,whoami
2026-09-28T16:36:08Z,FILE-DEV-03,ACME\jsmith,IR-JUMP-01,triage,netstat -ano
2026-09-28T16:37:09Z,FILE-DEV-03,ACME\jsmith,IR-JUMP-01,triage,Get-Process
2026-09-28T16:38:10Z,DEV-WS-12,ACME\jsmith,IR-JUMP-01,triage,quser
2026-09-28T16:39:11Z,DEV-WS-12,ACME\jsmith,IR-JUMP-01,triage,whoami
2026-09-28T16:40:12Z,DEV-WS-12,ACME\jsmith,IR-JUMP-01,triage,Get-Process
2026-09-28T16:41:13Z,DEV-WS-12,ACME\jsmith,IR-JUMP-01,triage,Get-Process
2026-09-28T16:42:14Z,DEV-WS-12,ACME\jsmith,IR-JUMP-01,triage,Get-Process
2026-09-28T16:43:15Z,DEV-WS-12,ACME\jsmith,IR-JUMP-01,triage,whoami
2026-09-28T16:44:16Z,FILE-DEV-03,ACME\jsmith,IR-JUMP-01,triage,whoami
2026-09-28T16:45:17Z,FILE-DEV-03,ACME\jsmith,IR-JUMP-01,triage,whoami
2026-09-28T16:46:18Z,DEV-WS-12,ACME\jsmith,IR-JUMP-01,triage,whoami
2026-09-28T16:47:19Z,DEV-WS-12,ACME\jsmith,IR-JUMP-01,triage,quser
2026-09-28T16:48:20Z,FILE-DEV-03,ACME\jsmith,IR-JUMP-01,triage,quser
2026-09-28T16:49:21Z,DEV-WS-12,ACME\jsmith,IR-JUMP-01,triage,whoami
2026-09-28T16:00:22Z,DEV-WS-12,ACME\jsmith,IR-JUMP-01,triage,quser
2026-09-28T16:01:23Z,DEV-WS-12,ACME\jsmith,IR-JUMP-01,triage,netstat -ano
2026-09-28T16:02:24Z,FILE-DEV-03,ACME\jsmith,IR-JUMP-01,triage,quser
2026-09-28T16:03:25Z,FILE-DEV-03,ACME\jsmith,IR-JUMP-01,triage,quser
2026-09-28T16:04:26Z,DEV-WS-12,ACME\jsmith,IR-JUMP-01,triage,Get-Process
2026-09-28T16:05:27Z,FILE-DEV-03,ACME\jsmith,IR-JUMP-01,triage,netstat -ano
2026-09-28T16:06:28Z,FILE-DEV-03,ACME\jsmith,IR-JUMP-01,triage,quser
2026-09-28T16:07:29Z,DEV-WS-12,ACME\jsmith,IR-JUMP-01,triage,Get-Process
2026-09-28T16:08:30Z,DEV-WS-12,ACME\jsmith,IR-JUMP-01,triage,whoami
2026-09-28T16:09:31Z,FILE-DEV-03,ACME\jsmith,IR-JUMP-01,triage,quser
2026-09-28T16:10:32Z,DEV-WS-12,ACME\jsmith,IR-JUMP-01,triage,netstat -ano
2026-09-28T16:11:33Z,DEV-WS-12,ACME\jsmith,IR-JUMP-01,triage,whoami
2026-09-28T16:12:34Z,DEV-WS-12,ACME\jsmith,IR-JUMP-01,triage,Get-Process
2026-09-28T16:13:35Z,DEV-WS-12,ACME\jsmith,IR-JUMP-01,triage,quser
2026-09-28T16:14:36Z,DEV-WS-12,ACME\jsmith,IR-JUMP-01,triage,quser
2026-09-28T16:15:37Z,DEV-WS-12,ACME\jsmith,IR-JUMP-01,triage,quser
2026-09-28T16:16:38Z,FILE-DEV-03,ACME\jsmith,IR-JUMP-01,triage,Get-Process
2026-09-28T16:17:39Z,FILE-DEV-03,ACME\jsmith,IR-JUMP-01,triage,Get-Process
2026-09-28T16:18:40Z,DEV-WS-12,ACME\jsmith,IR-JUMP-01,triage,whoami
2026-09-28T16:19:00Z,DEV-WS-12,ACME\jsmith,IR-JUMP-01,triage,whoami
2026-09-28T16:20:01Z,DEV-WS-12,ACME\jsmith,IR-JUMP-01,triage,Get-Process
2026-09-28T16:21:02Z,DEV-WS-12,ACME\jsmith,IR-JUMP-01,triage,netstat -ano
2026-09-28T16:22:03Z,FILE-DEV-03,ACME\jsmith,IR-JUMP-01,triage,netstat -ano
2026-09-28T16:23:04Z,FILE-DEV-03,ACME\jsmith,IR-JUMP-01,triage,quser
2026-09-28T16:24:05Z,DEV-WS-12,ACME\jsmith,IR-JUMP-01,triage,whoami
2026-09-28T16:25:06Z,FILE-DEV-03,ACME\jsmith,IR-JUMP-01,triage,whoami
2026-09-28T16:26:07Z,FILE-DEV-03,ACME\jsmith,IR-JUMP-01,triage,Get-Process
2026-09-28T16:27:08Z,DEV-WS-12,ACME\jsmith,IR-JUMP-01,triage,Get-Process
2026-09-28T16:28:09Z,FILE-DEV-03,ACME\jsmith,IR-JUMP-01,triage,quser
2026-09-28T16:29:10Z,FILE-DEV-03,ACME\jsmith,IR-JUMP-01,triage,quser
2026-09-28T16:30:11Z,DEV-WS-12,ACME\jsmith,IR-JUMP-01,triage,quser
2026-09-28T16:31:12Z,FILE-DEV-03,ACME\jsmith,IR-JUMP-01,triage,Get-Process
2026-09-28T16:32:13Z,DEV-WS-12,ACME\jsmith,IR-JUMP-01,triage,whoami
2026-09-28T16:33:14Z,FILE-DEV-03,ACME\jsmith,IR-JUMP-01,triage,quser
2026-09-28T16:34:15Z,DEV-WS-12,ACME\jsmith,IR-JUMP-01,triage,netstat -ano
2026-09-28T16:35:16Z,FILE-DEV-03,ACME\jsmith,IR-JUMP-01,triage,whoami
2026-09-28T16:36:17Z,FILE-DEV-03,ACME\jsmith,IR-JUMP-01,triage,netstat -ano
2026-09-28T16:37:18Z,FILE-DEV-03,ACME\jsmith,IR-JUMP-01,triage,whoami
2026-09-28T16:38:19Z,DEV-WS-12,ACME\jsmith,IR-JUMP-01,triage,whoami
2026-09-28T16:39:20Z,DEV-WS-12,ACME\jsmith,IR-JUMP-01,triage,quser
2026-09-28T16:40:21Z,DEV-WS-12,ACME\jsmith,IR-JUMP-01,triage,whoami
2026-09-28T16:41:22Z,FILE-DEV-03,ACME\jsmith,IR-JUMP-01,triage,netstat -ano
2026-09-28T16:42:23Z,FILE-DEV-03,ACME\jsmith,IR-JUMP-01,triage,Get-Process
2026-09-28T16:43:24Z,FILE-DEV-03,ACME\jsmith,IR-JUMP-01,triage,netstat -ano
2026-09-28T16:44:25Z,FILE-DEV-03,ACME\jsmith,IR-JUMP-01,triage,Get-Process
2026-09-28T16:45:26Z,FILE-DEV-03,ACME\jsmith,IR-JUMP-01,triage,netstat -ano
2026-09-28T16:46:27Z,FILE-DEV-03,ACME\jsmith,IR-JUMP-01,triage,whoami
2026-09-28T16:47:28Z,FILE-DEV-03,ACME\jsmith,IR-JUMP-01,triage,Get-Process
2026-09-28T16:48:29Z,FILE-DEV-03,ACME\jsmith,IR-JUMP-01,triage,netstat -ano
2026-09-28T16:49:30Z,DEV-WS-12,ACME\jsmith,IR-JUMP-01,triage,quser
2026-09-28T16:00:31Z,DEV-WS-12,ACME\jsmith,IR-JUMP-01,triage,quser
2026-09-28T16:01:32Z,DEV-WS-12,ACME\jsmith,IR-JUMP-01,triage,Get-Process
2026-09-28T16:02:33Z,FILE-DEV-03,ACME\jsmith,IR-JUMP-01,triage,quser
2026-09-28T16:03:34Z,DEV-WS-12,ACME\jsmith,IR-JUMP-01,triage,Get-Process
2026-09-28T16:04:35Z,DEV-WS-12,ACME\jsmith,IR-JUMP-01,triage,quser
2026-09-28T16:05:36Z,DEV-WS-12,ACME\jsmith,IR-JUMP-01,triage,quser
2026-09-28T16:06:37Z,DEV-WS-12,ACME\jsmith,IR-JUMP-01,triage,quser
2026-09-28T16:07:38Z,FILE-DEV-03,ACME\jsmith,IR-JUMP-01,triage,netstat -ano
2026-09-28T16:08:39Z,DEV-WS-12,ACME\jsmith,IR-JUMP-01,triage,Get-Process
2026-09-28T16:09:40Z,DEV-WS-12,ACME\jsmith,IR-JUMP-01,triage,quser
2026-09-28T16:10:00Z,DEV-WS-12,ACME\jsmith,IR-JUMP-01,triage,netstat -ano
2026-09-28T16:11:01Z,FILE-DEV-03,ACME\jsmith,IR-JUMP-01,triage,quser
2026-09-28T16:12:02Z,DEV-WS-12,ACME\jsmith,IR-JUMP-01,triage,quser
2026-09-28T16:13:03Z,FILE-DEV-03,ACME\jsmith,IR-JUMP-01,triage,Get-Process
2026-09-28T16:14:04Z,DEV-WS-12,ACME\jsmith,IR-JUMP-01,triage,whoami
2026-09-28T16:15:05Z,DEV-WS-12,ACME\jsmith,IR-JUMP-01,triage,quser
2026-09-28T16:16:06Z,DEV-WS-12,ACME\jsmith,IR-JUMP-01,triage,Get-Process
2026-09-28T16:17:07Z,DEV-WS-12,ACME\jsmith,IR-JUMP-01,triage,netstat -ano
2026-09-28T16:18:08Z,FILE-DEV-03,ACME\jsmith,IR-JUMP-01,triage,quser
2026-09-28T16:19:09Z,FILE-DEV-03,ACME\jsmith,IR-JUMP-01,triage,netstat -ano
2026-09-28T16:20:10Z,DEV-WS-12,ACME\jsmith,IR-JUMP-01,triage,whoami
2026-09-28T16:21:11Z,DEV-WS-12,ACME\jsmith,IR-JUMP-01,triage,quser
2026-09-28T16:22:12Z,DEV-WS-12,ACME\jsmith,IR-JUMP-01,triage,Get-Process
2026-09-28T16:23:13Z,FILE-DEV-03,ACME\jsmith,IR-JUMP-01,triage,whoami
2026-09-28T16:24:14Z,FILE-DEV-03,ACME\jsmith,IR-JUMP-01,triage,netstat -ano
2026-09-28T16:25:15Z,DEV-WS-12,ACME\jsmith,IR-JUMP-01,triage,quser
2026-09-28T16:26:16Z,DEV-WS-12,ACME\jsmith,IR-JUMP-01,triage,netstat -ano
2026-09-28T16:27:17Z,FILE-DEV-03,ACME\jsmith,IR-JUMP-01,triage,whoami
2026-09-28T16:28:18Z,DEV-WS-12,ACME\jsmith,IR-JUMP-01,triage,whoami
2026-09-28T16:29:19Z,FILE-DEV-03,ACME\jsmith,IR-JUMP-01,triage,whoami
2026-09-28T16:30:20Z,FILE-DEV-03,ACME\jsmith,IR-JUMP-01,triage,netstat -ano
2026-09-28T16:31:21Z,FILE-DEV-03,ACME\jsmith,IR-JUMP-01,triage,quser
2026-09-28T16:32:22Z,FILE-DEV-03,ACME\jsmith,IR-JUMP-01,triage,Get-Process
2026-09-28T16:33:23Z,FILE-DEV-03,ACME\jsmith,IR-JUMP-01,triage,whoami
2026-09-28T16:34:24Z,DEV-WS-12,ACME\jsmith,IR-JUMP-01,triage,netstat -ano
2026-09-28T16:35:25Z,DEV-WS-12,ACME\jsmith,IR-JUMP-01,triage,netstat -ano
2026-09-28T16:36:26Z,FILE-DEV-03,ACME\jsmith,IR-JUMP-01,triage,Get-Process
2026-09-28T16:37:27Z,FILE-DEV-03,ACME\jsmith,IR-JUMP-01,triage,quser
2026-09-28T16:38:28Z,FILE-DEV-03,ACME\jsmith,IR-JUMP-01,triage,whoami
2026-09-28T16:39:29Z,DEV-WS-12,ACME\jsmith,IR-JUMP-01,triage,whoami
2026-09-28T16:40:30Z,FILE-DEV-03,ACME\jsmith,IR-JUMP-01,triage,whoami
2026-09-28T16:41:31Z,FILE-DEV-03,ACME\jsmith,IR-JUMP-01,triage,Get-Process
2026-09-28T16:42:32Z,FILE-DEV-03,ACME\jsmith,IR-JUMP-01,triage,Get-Process
2026-09-28T16:43:33Z,DEV-WS-12,ACME\jsmith,IR-JUMP-01,triage,netstat -ano
2026-09-28T16:44:34Z,DEV-WS-12,ACME\jsmith,IR-JUMP-01,triage,Get-Process
2026-09-28T16:45:35Z,FILE-DEV-03,ACME\jsmith,IR-JUMP-01,triage,Get-Process
2026-09-28T16:46:36Z,FILE-DEV-03,ACME\jsmith,IR-JUMP-01,triage,quser
2026-09-28T16:47:37Z,FILE-DEV-03,ACME\jsmith,IR-JUMP-01,triage,whoami
2026-09-28T16:48:38Z,FILE-DEV-03,ACME\jsmith,IR-JUMP-01,triage,whoami
2026-09-28T16:49:39Z,FILE-DEV-03,ACME\jsmith,IR-JUMP-01,triage,Get-Process
2026-09-28T16:00:40Z,FILE-DEV-03,ACME\jsmith,IR-JUMP-01,triage,whoami
2026-09-28T16:01:00Z,FILE-DEV-03,ACME\jsmith,IR-JUMP-01,triage,quser
2026-09-28T16:02:01Z,FILE-DEV-03,ACME\jsmith,IR-JUMP-01,triage,quser
2026-09-28T16:03:02Z,FILE-DEV-03,ACME\jsmith,IR-JUMP-01,triage,quser
2026-09-28T16:04:03Z,FILE-DEV-03,ACME\jsmith,IR-JUMP-01,triage,netstat -ano
2026-09-28T16:05:04Z,FILE-DEV-03,ACME\jsmith,IR-JUMP-01,triage,netstat -ano
2026-09-28T16:06:05Z,DEV-WS-12,ACME\jsmith,IR-JUMP-01,triage,netstat -ano
2026-09-28T16:07:06Z,DEV-WS-12,ACME\jsmith,IR-JUMP-01,triage,whoami
2026-09-28T16:08:07Z,FILE-DEV-03,ACME\jsmith,IR-JUMP-01,triage,whoami
2026-09-28T16:09:08Z,DEV-WS-12,ACME\jsmith,IR-JUMP-01,triage,netstat -ano
2026-09-28T16:10:09Z,FILE-DEV-03,ACME\jsmith,IR-JUMP-01,triage,quser
2026-09-28T16:11:10Z,FILE-DEV-03,ACME\jsmith,IR-JUMP-01,triage,whoami
2026-09-28T16:12:11Z,FILE-DEV-03,ACME\jsmith,IR-JUMP-01,triage,netstat -ano
2026-09-28T16:13:12Z,FILE-DEV-03,ACME\jsmith,IR-JUMP-01,triage,Get-Process
2026-09-28T16:14:13Z,FILE-DEV-03,ACME\jsmith,IR-JUMP-01,triage,whoami
2026-09-28T16:15:14Z,DEV-WS-12,ACME\jsmith,IR-JUMP-01,triage,whoami
2026-09-28T16:16:15Z,DEV-WS-12,ACME\jsmith,IR-JUMP-01,triage,quser
2026-09-28T16:17:16Z,FILE-DEV-03,ACME\jsmith,IR-JUMP-01,triage,whoami
2026-09-28T16:18:17Z,DEV-WS-12,ACME\jsmith,IR-JUMP-01,triage,whoami
2026-09-28T16:19:18Z,FILE-DEV-03,ACME\jsmith,IR-JUMP-01,triage,whoami
2026-09-28T16:20:19Z,FILE-DEV-03,ACME\jsmith,IR-JUMP-01,triage,quser
2026-09-28T16:21:20Z,DEV-WS-12,ACME\jsmith,IR-JUMP-01,triage,quser
2026-09-28T16:22:21Z,FILE-DEV-03,ACME\jsmith,IR-JUMP-01,triage,whoami
2026-09-28T16:23:22Z,FILE-DEV-03,ACME\jsmith,IR-JUMP-01,triage,quser
2026-09-28T16:24:23Z,DEV-WS-12,ACME\jsmith,IR-JUMP-01,triage,netstat -ano
2026-09-28T16:25:24Z,DEV-WS-12,ACME\jsmith,IR-JUMP-01,triage,netstat -ano
2026-09-28T16:26:25Z,DEV-WS-12,ACME\jsmith,IR-JUMP-01,triage,netstat -ano
2026-09-28T16:27:26Z,FILE-DEV-03,ACME\jsmith,IR-JUMP-01,triage,netstat -ano
2026-09-28T16:28:27Z,DEV-WS-12,ACME\jsmith,IR-JUMP-01,triage,Get-Process
2026-09-28T16:29:28Z,FILE-DEV-03,ACME\jsmith,IR-JUMP-01,triage,quser
2026-09-28T16:30:29Z,FILE-DEV-03,ACME\jsmith,IR-JUMP-01,triage,whoami
2026-09-28T16:31:30Z,FILE-DEV-03,ACME\jsmith,IR-JUMP-01,triage,quser
2026-09-28T16:32:31Z,DEV-WS-12,ACME\jsmith,IR-JUMP-01,triage,netstat -ano
2026-09-28T16:33:32Z,FILE-DEV-03,ACME\jsmith,IR-JUMP-01,triage,quser
2026-09-28T16:34:33Z,DEV-WS-12,ACME\jsmith,IR-JUMP-01,triage,Get-Process
2026-09-28T16:35:34Z,DEV-WS-12,ACME\jsmith,IR-JUMP-01,triage,whoami
2026-09-28T16:36:35Z,FILE-DEV-03,ACME\jsmith,IR-JUMP-01,triage,Get-Process
2026-09-28T16:37:36Z,DEV-WS-12,ACME\jsmith,IR-JUMP-01,triage,quser
2026-09-28T16:38:37Z,DEV-WS-12,ACME\jsmith,IR-JUMP-01,triage,quser
2026-09-28T16:39:38Z,DEV-WS-12,ACME\jsmith,IR-JUMP-01,triage,whoami
2026-09-28T16:40:39Z,FILE-DEV-03,ACME\jsmith,IR-JUMP-01,triage,netstat -ano
2026-09-28T16:41:40Z,DEV-WS-12,ACME\jsmith,IR-JUMP-01,triage,Get-Process
2026-09-28T16:42:00Z,FILE-DEV-03,ACME\jsmith,IR-JUMP-01,triage,Get-Process
2026-09-28T16:43:01Z,FILE-DEV-03,ACME\jsmith,IR-JUMP-01,triage,whoami
2026-09-28T16:44:02Z,DEV-WS-12,ACME\jsmith,IR-JUMP-01,triage,Get-Process
2026-09-28T16:45:03Z,DEV-WS-12,ACME\jsmith,IR-JUMP-01,triage,quser
2026-09-28T16:46:04Z,DEV-WS-12,ACME\jsmith,IR-JUMP-01,triage,whoami
2026-09-28T16:47:05Z,FILE-DEV-03,ACME\jsmith,IR-JUMP-01,triage,Get-Process
2026-09-28T16:48:06Z,FILE-DEV-03,ACME\jsmith,IR-JUMP-01,triage,quser
2026-09-28T16:49:07Z,FILE-DEV-03,ACME\jsmith,IR-JUMP-01,triage,netstat -ano
